id,source_folder,filename,rel_path,title,authors,model,prompt_template,run,label_research_software,label_research_software_certainty,label_research_software_explanation,research_position_category,research_position_certainty,research_position_new_suggestion,research_position_explanation,software_lifecycle_category,software_lifecycle_certainty,software_lifecycle_new_suggestion,software_lifecycle_explanation,software_type_category,software_type_certainty,software_type_new_suggestion,software_type_explanation,techstack_category,techstack_certainty,techstack_new_suggestion,techstack_explanation,evaluation_category,evaluation_certainty,evaluation_new_suggestion,evaluation_explanation,llm_error,llm_raw_response,methodology_category,methodology_certainty,methodology_new_suggestion,methodology_explanation
lni26/GI-Proceedings.26-43,lni26,GI-Proceedings.26-43.pdf,lni26/GI-Proceedings.26-43.pdf,XML in der Oracle Datenbank „relational and beyond“,Ulrike Schwinn Oracle Deutschland GmbH Riesstrasse D- München,mistral-large-3-675b-instruct-2512,rse_typology_prompt_v1,run_1,0,0.9,"Die Publikation beschreibt die Nutzung und Integration von XML in der Oracle-Datenbank, insbesondere die nativen XML-Speicherungs- und Verarbeitungsmöglichkeiten. Es handelt sich um eine Darstellung der Funktionalitäten einer kommerziellen Datenbanksoftware (Oracle), ohne dass eigene Forschungssoftware im Sinne von Quellcode, Algorithmen oder maßgeschneiderten Lösungen entwickelt oder angepasst wird. Die Beispiele und Annotations sind Teil der Oracle-Datenbank und dienen der Nutzung bestehender Features, nicht der Entwicklung neuer Forschungssoftware.",,,,,,,,,,,,,,,,,,,,,,,,,,
lni23/GI-Proceedings.23-3,lni23,GI-Proceedings.23-3.pdf,lni23/GI-Proceedings.23-3.pdf,Sicherheitsmanagement mit SAP R/3-Systemen1 Vorgehensmodell zur Implementierung eines R/3-Berechtigungskonzeptes,"Georg Hohnhorst KPMG Deutsche Treuhand-Gesellschaft AG, Wirtschaftsprüfungsgesellschaft, Am Bonneshof , Düsseldorf",mistral-large-3-675b-instruct-2512,rse_typology_prompt_v1,run_1,0,0.9,"Die Publikation beschreibt die Implementierung eines Berechtigungskonzepts für SAP R/3-Systeme, eine kommerzielle Standardsoftware. Es handelt sich um ein Vorgehensmodell zur Konfiguration und Anpassung der bestehenden SAP R/3-Berechtigungsmechanismen (z.B. Rollen, Profile, Berechtigungsobjekte) ohne eigene Entwicklungsleistung im Sinne von Forschungssoftware. Die Arbeit fokussiert sich auf organisatorische und technische Aspekte der Berechtigungsverwaltung, nicht auf die Entwicklung neuer Software.",,,,,,,,,,,,,,,,,,,,,,,,,,
lni75/GI-Proceedings.75-10,lni75,GI-Proceedings.75-10.pdf,lni75/GI-Proceedings.75-10.pdf,I/ Architecture Management\ A Framework for I/-Services,"Christoph Moser, Franz Bayer BOC Information Systems GmbH Rabensteig Wien",mistral-large-3-675b-instruct-2512,rse_typology_prompt_v1,run_1,0,1.0,"Die Publikation beschreibt ein konzeptionelles Framework für IT-Architekturmanagement und die Integration von ITIL-Prozessen. Es wird ein Meta-Modell für einen erweiterten Service-Katalog entwickelt und dessen Implementierung im Meta-Modellierungswerkzeug ADOit erwähnt. Allerdings wird keine eigene Forschungssoftware im Sinne von Quellcode, Algorithmen, Skripten oder ausführbaren Programmen entwickelt, angepasst oder beschrieben. Die Arbeit konzentriert sich auf konzeptionelle Modelle und deren Umsetzung in einem kommerziellen Tool (ADOit), nicht auf die Entwicklung oder Anpassung von Software für Forschungszwecke.",,,,,,,,,,,,,,,,,,,,,,,,,,
lni13/26_MetacToolsforMuliti,lni13,26_MetacToolsforMuliti.pdf,lni13/26_MetacToolsforMuliti.pdf,Metacase Tools for Multidimensional Development of Information Systems,"Iveta Kremenova, Roman Sulovec, and Milan Petrik",mistral-large-3-675b-instruct-2512,rse_typology_prompt_v1,run_1,1,0.9,"Die Publikation beschreibt MetaCASE-Tools, insbesondere MetaEdit+, die explizit als Software zur Erstellung und Anpassung von Modellierungswerkzeugen für die Entwicklung von Informationssystemen dienen. Diese Tools ermöglichen die Definition von Metamodellen, die Erstellung von Modellierungswerkzeugen und die Verwaltung von Repositorys, was als maßgebliche Anpassung und Erweiterung für Forschungszwecke im Bereich des Research Software Engineering (RSE) gilt. Die Beschreibung der Architektur und Funktionalität von MetaCASE-Tools belegt die Entwicklung eigener Softwareartefakte (z.B. MetaEdit+).",research_infrastructure_support,0.9,research_infrastructure_support,"Die Software MetaEdit+ dient primär der Unterstützung von Software-Entwicklungsprozessen, insbesondere der Erstellung und Verwaltung von Modellierungswerkzeugen und Metamodellen. Dies entspricht der Bereitstellung einer Infrastruktur für Forschungs- und Entwicklungsprojekte (vgl. Abschnitt 2.1 und 2.2: 'MetaCASE tool should provide functionality for metamodel management', 'Creation of modeling tools', 'Creation of repository').",entwurf;implementierung,0.95,,"Der Text beschreibt explizit die Modellierung (z. B. UML, ER-Diagramme, Objektorientierte Modellierung) als Teil des Entwurfsprozesses ('design of objects', 'modeling system'). Zudem wird die Implementierung von MetaCASE-Tools wie MetaEdit+ erwähnt, die auf Metamodellen basieren und automatische Generierung von Modellierungswerkzeugen ermöglichen ('creation of modeling tools', 'automatic, based on the metamodels').",reengineering_tool,0.9,reengineering_tool,"MetaEdit+ wird als MetaCASE-Tool beschrieben, das die Anpassung und Erweiterung von Modellierungsmethoden ermöglicht. Dies entspricht einer Entwicklungsumgebung, die für den Forschungszweck angepasst wird (vgl. Abschnitt 2.1: 'a metaCASE tool allows to modify the metamodel', Abschnitt 3.2: 'MetaEdit+ contain a set of predeﬁned methods, but it is possible also to create your own methods').",xml_xsd,0.8,,"Der Text erwähnt explizit XML als eine der 'wichtigen Innovationen', die auf Metamodellen basieren ('several important innovations, such as XML, are metaled-based'). Dies ist der einzige konkrete technologische Hinweis im Text.",,1.0,,"Es gibt keine expliziten Hinweise auf eine Evaluation der Forschungssoftware (z. B. Tests, Usability-Studien, Benchmarking oder empirische Studien). Der Fokus liegt auf der Beschreibung von Konzepten und Werkzeugen, nicht auf deren Bewertung.",,,standardization_driven,0.8,,"Die Entwicklung der MetaCASE-Tools erfolgt entlang formaler Standards wie UML, die als Leitfaden für die Methodendefinition dienen. Dies wird explizit im Text erwähnt: 'Uniﬁed Modeling Language (UML) establishes certain intensity of the standardization in the modeling area' (Abschnitt 1) und 'a metamodel of UML specifies concepts like a ”class” and an ”inheritance”' (Abschnitt 2.1)."
lni332/paper52,lni332,paper52.pdf,lni332/paper52.pdf,,,mistral-large-3-675b-instruct-2512,rse_typology_prompt_v1,run_1,1,1.0,"Die Publikation beschreibt explizit die Entwicklung der Forschungssoftware 'DeepHyperion', die für das automatisierte Testen von Deep-Learning-basierten Systemen (DL Systems) eingesetzt wird. Der Text erwähnt den Quellcode, die Methodik der Entwicklung sowie die Verfügbarkeit des Codes auf GitHub und in einem Replication Package (vgl. Abschnitt 'Data Availability' und Literaturverzeichnis [Zo21b]).",testing,1.0,test_automation,"Die Software 'DeepHyperion' dient primär dem automatisierten Testen von Deep-Learning-basierten Systemen, wie im Abstract und im Abschnitt 'Methodology' explizit beschrieben wird. Da 'testing' nicht als Subkategorie in 'research_position' aufgeführt ist, wird 'test_automation' als neue Subkategorie vorgeschlagen, da die Software die Generierung und Bewertung von Testfällen für Forschungszwecke ermöglicht.",implementierung;testen_qualitaetssicherung,0.95,,"Die Publikation beschreibt explizit die Implementierung von DeepHyperion, einer Software zur automatisierten Generierung von Testfällen für Deep-Learning-Systeme (z. B. Code für Experimente, Mutationsverfahren, Feature-Quantifizierung). Zudem liegt der Fokus auf Testen und Qualitätssicherung, insbesondere auf der Generierung effektiver und diverser Testfälle, der Identifikation von Fehlverhalten und der Verbesserung der Testabdeckung. Dies wird durch die Methodik (z. B. MAP-Elites, Contribution Score) und die Evaluierung (z. B. Vergleich mit bestehenden Ansätzen) belegt.",test_automation_framework;library_package,0.95,,"Die Software 'DeepHyperion' wird als Framework für die automatisierte Testfallgenerierung und -bewertung beschrieben (vgl. 'test_automation_framework'), da sie komplexe Testfälle generiert und deren Effektivität bewertet (Abschnitt 'Methodology'). Zudem handelt es sich um ein wiederverwendbares Paket ('library_package'), das in verschiedenen Anwendungskontexten (z.B. Handschrifterkennung, selbstfahrende Autos) eingesetzt wird (Abschnitt 'Results').",python,0.8,,"Obwohl die Programmiersprache nicht explizit genannt wird, ist Python in der Domäne des maschinellen Lernens und der Testautomatisierung für DL-Systeme der de-facto-Standard. Die Verfügbarkeit des Codes auf GitHub (vgl. 'Data Availability') legt nahe, dass Python verwendet wurde, da dies die gängigste Sprache für solche Projekte ist. Eine explizite Nennung fehlt jedoch, daher die leicht reduzierte Sicherheit.",testing,1.0,,"Die Software wird durch technische Tests evaluiert, wie im Abschnitt 'Results' beschrieben. Dort wird die Effektivität und Effizienz von 'DeepHyperion' in zwei Anwendungskontexten (Handschrifterkennung und selbstfahrende Autos) durch Benchmarks und Vergleiche mit bestehenden Ansätzen belegt. Dies entspricht der Kategorie 'testing'.",,,data_science_pipeline;model_driven_optimization,0.9,,"Die Entwicklung der Software folgt einer datengetriebenen Methodik (vgl. 'data_science_pipeline'), da sie eine Pipeline für die Generierung, Mutation und Evaluation von Testfällen für DL-Systeme umfasst (Abschnitt 'Methodology'). Zudem wird die modellgetriebene Optimierung ('model_driven_optimization') durch den Einsatz von 'Illumination Search' und 'MAP-Elites' explizit genannt, die auf mathematischen Modellen zur Exploration des Feature-Raums basieren (vgl. [MC15] und Abschnitt 'Methodology')."
lni300/B5-01,lni300,B5-01.pdf,lni300/B5-01.pdf,Behavior-Driven Dynamics in Agile Development: The Effect of Fast Feedback on Teams,"Fabian Kortum, Jil Klünder, Kurt Schneider",mistral-large-3-675b-instruct-2512,rse_typology_prompt_v1,run_1,1,0.95,"Die Publikation beschreibt die Entwicklung eines JIRA-Plugins namens 'ProDynamics', das automatisiertes Feedback zu Teamdynamiken und Entwicklungsleistungen in agilen Projekten liefert. Dieses Plugin wurde explizit für den Forschungszweck entwickelt, implementiert und evaluiert (vgl. Abschnitt 1: 'system-aided feedback support in ongoing projects is realized as an integrated plugin-solution for JIRA' und Abschnitt 2: 'ProDynamics integrates the elicitation of human factors through a self-adapting survey').",research_infrastructure_support,0.9,,"Die Software dient der Unterstützung von Software-Entwicklungsprozessen, insbesondere der Bereitstellung von Feedback zu Teamdynamiken und Entwicklungsleistungen in agilen Projekten. Dies entspricht der Definition von 'research_infrastructure_support' als Position im Forschungsprozess (vgl. Abschnitt 1: 'system-aided feedback support in ongoing projects' und Abschnitt 2: 'ProDynamics integrates the elicitation of human factors').",implementierung;testen_qualitaetssicherung;deployment_betrieb,0.9,,"Die Publikation beschreibt die Entwicklung eines JIRA-Plugins (ProDynamics), was explizit die Implementierung einer Forschungssoftware belegt. Die Integration in JIRA und die automatisierte Analyse von Metriken (z. B. Sprint-Performance, menschliche Faktoren) deuten auf Testen/Qualitätssicherung hin. Die Bereitstellung des Plugins innerhalb der Projekte (Deployment/Betrieb) wird ebenfalls erwähnt, z. B. durch die Nutzung in 15 Softwareprojekten und die Verfügbarmachung der Feedback-Visualisierungen.",plugin_extension,0.95,,"Die Software ist ein Plugin für das bestehende System JIRA, wie im Text explizit beschrieben (vgl. Abschnitt 1: 'integrated plugin-solution for JIRA' und Abschnitt 2: 'ProDynamics JIRA-Plugin').",java_jvm,0.7,,"Obwohl der Techstack nicht explizit genannt wird, ist JIRA eine auf der JVM basierende Software, und Plugins für JIRA werden typischerweise in Java oder anderen JVM-Sprachen entwickelt. Dies ist eine plausible Annahme, aber nicht explizit im Text belegt (vgl. fehlende direkte Nennung im Text).",empirical_study,0.95,,"Die Software wurde in einer empirischen Studie mit 15 Softwareprojekten und 130 Studierenden evaluiert, um ihre Wirkung auf Teamleistungen und Kundenzufriedenheit zu untersuchen (vgl. Abstract: 'In a comparative case study with 15 software projects and a total of 130 undergraduate students, we investigated the sustainable impact of feedback on human aspects' und Abschnitt 2: 'The plugin was evaluated in a case study').",,,commercial_software_adaptation,0.95,,Die Entwicklung der Forschungssoftware basiert auf der Anpassung und Erweiterung der kommerziellen Standardsoftware JIRA durch ein Plugin. Dies ist explizit im Text belegt (vgl. Abschnitt 1: 'realized as an integrated plugin-solution for JIRA' und Abschnitt 2: 'ProDynamics JIRA-Plugin').
lni1/12,lni1,12.pdf,lni1/12.pdf,Automatische Prozessmodellgenerierung mit SpearmintTM/EPG basierend auf dem Referenzmodell des ISO/IEC TR 15504 Standards,"Dirk Hamann, Ulrike Becker-Kornstaedt",mistral-large-3-675b-instruct-2512,rse_typology_prompt_v1,run_1,1,0.95,"Die Publikation beschreibt die Entwicklung eigener Werkzeuge (FAME-Tool, SpearmintTM/EPG) zur Unterstützung von Prozessassessments und zur automatischen Generierung von Prozessmodellen und web-basierten Prozesshandbüchern. Diese Werkzeuge wurden speziell für den Forschungszweck der Prozessmodellierung und -verbesserung entwickelt und sind nicht nur Anwendungen von Standardsoftware.",research_infrastructure_support,0.9,,"Die Software dient primär der Unterstützung von Software-Entwicklungsprozessen, insbesondere der Durchführung von Assessments und der Erstellung von Prozessmodellen. Dies entspricht der Bereitstellung einer Infrastruktur für Forschungs- und Entwicklungsprojekte (vgl. Abschnitt 3: 'Unzureichende Hilfsmittel bei der Durchführung von Prozess-Assessments' und 'Schaffung einer Infrastruktur für Software-Entwicklung').",entwurf;implementierung;deployment_betrieb,0.9,,"Das Paper behandelt den Entwurf (Design) der Software, da es um die Modellierung von Prozessen und die Erstellung von Prozessmodellen geht, einschließlich der Architektur und Strukturierung der Informationen (z.B. DTD für XML, Prozessmodell-Datenbank). Die Implementierung wird explizit durch die Beschreibung der Werkzeuge (FAME-Tool, SpearmintTM, EPG-Generator) und deren Programmierung (z.B. Makros, Visual Basic, XML-Export/Import) adressiert. Deployment/Betrieb wird durch die automatische Generierung web-basierter Prozesshandbücher (EPGs) und deren Nutzung im Assessment sowie im laufenden Betrieb der Organisation angesprochen.",full_stack_application;plugin_extension;middleware_service,0.9,,"Die Software umfasst mehrere technische Arten: (1) Full-Stack-Anwendung: Die web-basierte Darstellung des Prozessmodells (EPG) ist eine Full-Stack-Anwendung (vgl. Abschnitt 2.3: 'elektronische Prozesshandbücher EPG'). (2) Plugin/Erweiterung: Das FAME-Tool ist eine Erweiterung von MS Excel (vgl. Abschnitt 4.1: 'Das Werkzeug zur Unterstützung der Assessment-Durchführung (FAME-Tool, FAME: Fraunhofer Assessment Method) basiert auf MS Excel'). (3) Middleware: Die Integration der Werkzeuge (FAME-Tool, SpearmintTM, EPG-Generator) über XML und Datenbanken deutet auf eine Middleware-Funktionalität hin (vgl. Abbildung 1: 'Zusammenspiel und Datenfluss zwischen den Komponenten').",visual_basic;xml_xsd,0.9,,Die Publikation erwähnt explizit die Verwendung von Visual Basic für die Programmierung des FAME-Tools (vgl. Abschnitt 4.1: 'Das Werkzeug [...] wurde mit Hilfe von [...] Visual Basic programmiert'). Zudem wird XML als Exportformat und zur Strukturierung der Daten verwendet (vgl. Abschnitt 3: 'Beim Exportformat haben wir uns zum einen für XML [...] entschieden').,testing,0.8,,"Die Software wird durch Konsistenzprüfungen und die Generierung von Prozessmodellen evaluiert (vgl. Abschnitt 2.2: 'SpearmintTM stellt Funktionen zur Verfügung, die es dem Prozessingenieur erleichtern, die Prozessmodelle auf Konsistenz und Vollständigkeit zu überprüfen'). Dies entspricht einer technischen Verifikation (Testing). Eine empirische Evaluation mit Versuchspersonen oder Usability-Studien wird nicht explizit erwähnt.",,,standardization_driven,0.95,,Die Entwicklung der Software erfolgt entlang des ISO/IEC TR 15504 Standards als leitendem Prozess. Dies wird explizit im Text erwähnt (vgl. Abschnitt 2.1: 'Das Referenzmodell der ISO/IEC TR 15504' und Abschnitt 3: 'Die Norm ISO/IEC TR 15504 [...] dient zur Standardisierung der Durchführung von Assessments').
lni350/proceedings-04,lni350,proceedings-04.pdf,lni350/proceedings-04.pdf,,,mistral-large-3-675b-instruct-2512,rse_typology_prompt_v1,run_1,1,0.9,"Die Publikation beschreibt die formale Modellierung und Verifikation eines Protokollschemas für banktransaktionsbezogene Accountability. Obwohl keine konkrete Implementierung als Quellcode beschrieben wird, wird ein formales Framework ('Three Branches of Accountability') entwickelt und auf ein generisches Banktransaktionsprotokoll angewendet. Dies umfasst die Definition von Nachrichtenformaten (z.B. transferForm, transfer, requestpw) und die formale Spezifikation von Gesetzen (§1–§7), die das Verhalten der Akteure regeln. Die formale Verifikation der Accountability-Eigenschaften (Abschnitt 4) deutet auf die Entwicklung eines formalen Modells hin, das als Forschungssoftware im Sinne einer Spezifikation und Verifikationsumgebung betrachtet werden kann. Zudem wird auf die Möglichkeit der Nutzung von Protokollverifikationswerkzeugen wie Tamarin, ProVerif oder PSPSP verwiesen (Abschnitt 5), was die Relevanz formaler Methoden und damit verbundener Software unterstreicht.",formal_verification,0.95,,"Die Publikation fokussiert auf die formale Verifikation von Accountability-Eigenschaften in Banktransaktionsprotokollen. Dies wird explizit in Abschnitt 4 ('Security Goals and Proof') beschrieben, wo die Lawfulness und die Erfüllung der Sicherheitsziele formal bewiesen werden. Die Position im Forschungsprozess ist somit die formale Verifikation oder Beweisführung, da die Software (bzw. das formale Modell) dazu dient, die Korrektheit und Sicherheit des Protokolls nachzuweisen.",entwurf;testen_qualitaetssicherung,0.9,,"Das Paper behandelt den Entwurf eines generischen Protokollschemas für banktransaktionsbezogene Accountability (vgl. Abschnitt 2, Figure 1, und die legislative Definition). Zudem wird die Qualitätssicherung durch formale Verifikation der Accountability-Eigenschaften (Lawfulness und Security Goals) adressiert (Abschnitt 4). Eine konkrete Implementierung oder Deployment wird nicht beschrieben.",numerical_mathematical,0.7,formal_verification_framework,"Die Publikation beschreibt kein ausführbares Software-Artefakt im klassischen Sinne, sondern ein formales Framework zur Spezifikation und Verifikation von Protokollen. Da dies jedoch eng mit numerisch/mathematisch fokussierter Software verwandt ist (z.B. Theorem Prover, Verifikationswerkzeuge), wird 'numerical_mathematical' als am ehesten passende Kategorie gewählt. Allerdings schlägt die Publikation selbst die Nutzung von Protokollverifikationswerkzeugen wie Tamarin, ProVerif oder PSPSP vor (Abschnitt 5), was auf ein 'formal_verification_framework' als spezifischere Kategorie hindeutet. Da diese Kategorie nicht vorgegeben ist, wird sie als neue Subkategorie vorgeschlagen.",formal_specification_languages,0.8,,"Das Paper erwähnt keine konkreten Programmiersprachen oder Technologien für die Implementierung, sondern fokussiert auf formale Spezifikation und Verifikation. Es werden Protokollverifikationswerkzeuge wie Tamarin, ProVerif oder PSPSP als mögliche Tools für zukünftige Arbeiten genannt (Abschnitt 5), was auf die Nutzung formaler Spezifikationssprachen hindeutet.",testing,0.9,,"Die Evaluation der Forschungssoftware erfolgt durch formale Verifikation der Accountability-Eigenschaften (Lawfulness und Security Goals) im Rahmen eines Dolev-Yao-Modells. Dies entspricht einer technischen Überprüfung der funktionalen Korrektheit und Sicherheit des Protokollschemas (Abschnitt 4). Es werden keine empirischen Studien, Usability-Tests oder Benchmarks durchgeführt.",,,formal_methods,0.95,,Die Entwicklung des Protokollschemas und die Verifikation der Accountability-Eigenschaften basieren auf formalen Methoden. Dies wird in der Beschreibung des 'Three Branches of Accountability'-Frameworks (Abschnitt 1 und 2) sowie in der formalen Spezifikation der Gesetze (§1–§7) und der Beweisführung in Abschnitt 4 deutlich. Die Nutzung formaler Spezifikationen und Verifikationsansätze ist ein zentrales Merkmal der Methodik.
lni154/cd-1450,lni154,cd-1450.pdf,lni154/cd-1450.pdf,"Mobile IT-Applikation, vernetzte Sensoren und Kommunikationskonzepte zum Schutz der Einsatzkräfte bei der Feuerwehr","Andreas Lewandowski, Armand Schulz, Christian. Wietfeld, Rainer. Koch",mistral-large-3-675b-instruct-2512,rse_typology_prompt_v1,run_1,1,0.95,"Die Publikation beschreibt die Entwicklung eigener mobiler IT-Applikationen, vernetzter Sensorsysteme und Kommunikationskonzepte im Rahmen des Forschungsvorhabens Galileo4FireBrigades (G4FB). Explizit werden eine PDA-Applikation für Trupp-/Gruppenführer und eine IT-Applikation für die technische Einsatzleitung erwähnt, die zur Visualisierung und Verarbeitung von Sensordaten dienen. Zudem wird die Implementierung eines Sensornetzwerks (ZigBee) und die Anpassung von Sensoren zur Datenübertragung in einem definierten Nachrichtenformat beschrieben. Diese Entwicklungen gehen über die bloße Anwendung von Standardsoftware hinaus und stellen eigene Forschungssoftware dar.",human_facing_intervention,0.9,,"Die entwickelte Software dient primär der Interaktion mit Einsatzkräften der Feuerwehr, um deren Sicherheit und Entscheidungsfindung in Echtzeit zu unterstützen. Dies wird explizit in Abschnitten wie 4.1 und 4.2 beschrieben, wo mobile IT-Applikationen für Führungsebenen zur Visualisierung von Sensordaten und zur Alarmierung eingesetzt werden.",projektdefinition;anforderungen;entwurf;implementierung;testen_qualitaetssicherung;deployment_betrieb,0.9,,"
        - **projektdefinition**: Der Abstract und Abschnitt 1 skizzieren die Motivation, Vision und den Problemraum (Schutz von Einsatzkräften durch vernetzte Sensoren und mobile IT-Applikationen). Das Szenario Waldbrand wird als konkreter Anwendungsfall definiert.
        - **anforderungen**: Abschnitt 1.1 und 1.2 identifizieren explizit Parameter (z. B. Windrichtung, CO-Konzentration, physiologische Werte) und Anforderungen an die Datenerfassung, Kommunikation und Visualisierung. Abschnitt 2.1 und 2.2 leiten Anforderungen an die Führungsstruktur und Kommunikationsmittel ab.
        - **entwurf**: Abschnitt 3 beschreibt detailliert die Kommunikationsarchitektur (z. B. Thin/Fat Mobile Clients, ZigBee-Netzwerke, Galileo SAR) und die Vernetzung der Sensorik. Abschnitt 4.1 und 4.2 erläutern das Design der mobilen IT-Applikationen (PDA, Symbole, Ampelkonzept, Geo-Referenzierung).
        - **implementierung**: Abschnitt 3.1 erwähnt die Anpassung von Sensoren (ZigBee, Bluetooth-Brücke) und die Implementierung der PDA-Applikation (Abbildung 8). Abschnitt 4.1 beschreibt die konkrete Umsetzung der Benutzungsschnittstelle.
        - **testen_qualitaetssicherung**: Abschnitt 3.2 berichtet über Messreihen zur Signalstärke (RSSI) in Abhängigkeit von Distanz und Bekleidung, was auf Tests der Funkübertragung hindeutet. Abschnitt 5 erwähnt eine Evaluierung des Gesamtsystems durch Anwender.
        - **deployment_betrieb**: Abschnitt 5 (Fazit) bestätigt, dass das System in der Praxis evaluiert wurde, was auf einen Betrieb im Rahmen des Projekts hindeutet. Die Danksagung verweist auf die Unterstützung durch ein Bundesministerium, was einen realen Einsatzkontext nahelegt.
      ",full_stack_application;embedded_hardware;middleware_service,0.9,,"Die Publikation beschreibt mehrere Arten von Software: (1) Full-Stack-Anwendungen wie die PDA-Applikation und die IT-Applikation für die Einsatzleitung (Abschnitte 4.1 und 4.2), (2) Embedded/Hardware-nahe Software für die Sensornetzwerke (ZigBee, Abschnitt 3.1) und (3) Middleware-Dienste für die Kommunikation zwischen Sensoren, Thin Mobile Clients (TMC) und Fat Mobile Clients (FMC) (Abschnitt 3).",java_jvm;xml_xsd,0.7,zigbee_protocol,"Explizit erwähnt wird die Nutzung von ZigBee für das Sensornetzwerk (Abschnitt 3.1), was auf hardwarenahe Protokolle hindeutet. Zudem wird die Verwendung eines definierten Nachrichtenformats für die Datenübertragung beschrieben, was auf XML-Technologien schließen lässt. Java/JVM wird als plausible Technologie für die mobilen Clients angenommen, da dies ein gängiger Techstack für solche Anwendungen ist, aber nicht explizit genannt. Eine neue Subkategorie 'zigbee_protocol' wird vorgeschlagen, da ZigBee als zentrales Kommunikationsprotokoll im Text genannt wird.",testing;usability_study,0.8,,"Die Publikation erwähnt die Evaluierung des Gesamtsystems durch Anwender (Abschnitt 5), was auf Usability-Studien hindeutet. Zudem wurden technische Tests durchgeführt, z.B. zur Signalstärke (RSSI) in Abhängigkeit von der Distanz und der Bekleidung (Abschnitt 3.2), was als technisches Testing klassifiziert werden kann.",,,classical_se,0.8,,"Die Entwicklung der Software folgt einem klassischen Software-Engineering-Ansatz mit Anforderungsanalyse (z.B. Zusammenarbeit mit der Feuerwehr zur Definition der PDA-Applikation), Architekturdesign (z.B. Kommunikationsarchitektur in Abbildung 2) und Implementierung. Dies wird in Abschnitten wie 1.2, 3 und 4 deutlich, wo die schrittweise Entwicklung und Anpassung der Systeme beschrieben wird."
lni366/Kadi_et_al,lni366,Kadi_et_al.pdf,lni366/Kadi_et_al.pdf,Combining Open Data and Formal Reasoning for Autonomously Controlled Spreading near Water Bodies,"Ahmad Kadi, Nikolas Müller, Ansgar Bernardi, Federico Ulliana, and Guillaume Pérution-Kihli",mistral-large-3-675b-instruct-2512,rse_typology_prompt_v1,run_1,1,0.95,"Die Publikation beschreibt die Entwicklung eines autonomen robotischen Systems, das Sensorik (LiDAR), Umgebungsmodellierung (Neural Distance Field), semantische Datenintegration (RDF, SSNO, QUDT) und ein regelbasiertes Entscheidungsframework (InteGraal) kombiniert. Diese Komponenten wurden explizit für den Forschungszweck entwickelt, erweitert oder maßgeblich angepasst, wie im Text (z.B. Abschnitte 3, 4) und im Literaturverzeichnis (z.B. [Ba23], [Pa24]) belegt ist.",simulation_modellierung,0.9,,"Die Software dient primär der Simulation und Modellierung eines autonomen Roboters in einer landwirtschaftlichen Umgebung, einschließlich der Echtzeit-Entscheidungsfindung basierend auf Sensordaten und regulatorischen Regeln (vgl. Abschnitte 3, 4, 6). Die Evaluation erfolgt durch Vergleich mit Ground-Truth-Daten aus der Simulation (Abschnitt 6).",entwurf;implementierung;testen_qualitaetssicherung;deployment_betrieb,0.9,,"
        - **entwurf**: Das Paper beschreibt detailliert die Architektur und Modellierung der Software, insbesondere die Integration von Ontologien (SSNO, QUDT, PAM-Vokabulare) und die Struktur des Reasoning-Frameworks (InteGraal). Die Anwendung nutzt eine Publisher-Subscriber-Architektur (Abb. 4) und semantische Datenmodellierung, was auf ein klares Design hindeutet.
        - **implementierung**: Die konkrete Umsetzung wird beschrieben, z. B. die Nutzung von ROS2 für die Simulation, die Integration von LiDAR-Sensoren, die Modellierung der Messdaten in RDF (Abb. 3) und die Implementierung des Reasoners für Echtzeit-Entscheidungen.
        - **testen_qualitaetssicherung**: Die Evaluation (Abschnitt 6) umfasst einen zweistufigen Prozess zur Überprüfung der Genauigkeit der Umgebungswahrnehmung (LiDAR-basierte Schätzung von Distanz/Slope) und der Entscheidungslogik (Vergleich mit Ground Truth). Dies entspricht Tests und Qualitätssicherung.
        - **deployment_betrieb**: Die Software läuft in einem Docker-Container, und die Messdaten werden in Echtzeit verarbeitet. Zudem wird die Möglichkeit erwähnt, die Berechnungen auf entfernten Geräten oder in der Cloud durchzuführen, was auf Deployment und Betrieb hindeutet.
        - **Keine expliziten Hinweise** auf `projektdefinition` oder `anforderungen`, daher nicht annotiert.
      ",embedded_hardware;middleware_service;library_package,0.8,,"Die Software umfasst (1) hardwarenahe Komponenten (LiDAR-Sensoren, ROS2-Framework für Robotik, Abschnitt 3.1, 5), (2) Middleware-Dienste (Publisher-Subscriber-Architektur für Echtzeitdaten, Abschnitt 4) und (3) wiederverwendbare Bibliotheken/Pakete (InteGraal-Framework für regelbasiertes Schließen, Abschnitt 4; SSNO/QUDT-Ontologien, Abschnitt 3.1).",python;xml_xsd;c_cpp,0.7,,"Explizit genannt werden (1) RDF/XML-Technologien (Abschnitt 3.1, 4) und (2) ROS2 (Abschnitt 5), das primär in C++/Python entwickelt wird. Python wird zwar nicht direkt genannt, ist aber in ROS2-Umgebungen üblich und wird hier aufgrund der LiDAR-Verarbeitung (Neural Distance Field, [Pa24]) und semantischen Modellierung angenommen.",testing;empirical_study,0.9,,"Die Evaluation umfasst (1) technisches Testen der Sensordaten (Vergleich mit Ground-Truth-Werten, MAE/RMSE, Abschnitt 6) und (2) eine empirische Studie zur Entscheidungsgenauigkeit des Systems unter kontrollierten Bedingungen (Abschnitt 6).",,,standardization_driven;classical_se,0.85,,"Die Entwicklung folgt einem standardgetriebenen Ansatz, da die Implementierung entlang formaler Ontologien (SSNO, QUDT) und RDF-Vokabularen erfolgt (Abschnitt 3.1, 4). Zudem werden klassische Softwareentwicklungsmethoden wie Anforderungsanalyse (Regularien, Sensorik), Architektur (Publisher-Subscriber, Docker) und Testen (Evaluation in Abschnitt 6) explizit erwähnt."
lni360/B6-2,lni360,B6-2.pdf,lni360/B6-2.pdf,Recovering Trace Links Between Software Documentation And Code,"Jan Keim , Sophie Corallo , Dominik Fuchß , Tobias Hey , Tobias Telge",mistral-large-3-675b-instruct-2512,rse_typology_prompt_v1,run_1,1,1.0,"Die Publikation beschreibt die Entwicklung der Forschungssoftware 'ArDoCo' und 'ArCoTL' sowie des kombinierten Ansatzes 'TransArC' zur Wiederherstellung von Traceability-Links zwischen Software-Dokumentation und Code. Dies wird explizit als eigene Implementierung genannt (z.B. 'our novel approach ArCoTL', 'implemented approach', 'replication package [Ke23a]').",research_infrastructure_support,0.9,,"Die Software dient der Unterstützung von Software-Entwicklungsprozessen, insbesondere der Traceability-Link-Recovery (TLR), die als Infrastruktur für die Konsistenzsicherung zwischen Dokumentation und Code fungiert. Dies wird im Abstract und in der Einleitung explizit als Ziel der Software genannt ('enhancing software quality by aiding tasks like maintenance and evolution').",entwurf;implementierung;testen_qualitaetssicherung,0.9,,"Das Paper behandelt explizit den Entwurf (Architekturdokumentation, Modellierung von Komponenten), die Implementierung (Verknüpfung von Code mit Architekturmodellen) und die Qualitätssicherung (Evaluierung der Trace-Link-Recovery mit F1-Scores, Vergleich mit Baseline-Ansätzen). Die Phasen 'anforderungen' und 'deployment_betrieb' werden nicht erwähnt, 'projektdefinition' nur marginal im Abstract/Introduction.",library_package,0.8,,"Die Software wird als 'approach' und 'tool' beschrieben, das in bestehende Projekte integriert werden kann (z.B. Evaluation mit fünf Open-Source-Projekten). Die Bereitstellung als 'replication package' deutet auf eine wiederverwendbare Bibliothek oder ein Framework hin. Explizit wird 'ArDoCo' als bestehender Ansatz und 'ArCoTL' als neu entwickelte Komponente genannt, was auf eine modulare Struktur hindeutet.",java_jvm,0.7,,"Der Techstack wird nicht explizit genannt, aber die Autoren verweisen auf eine frühere Publikation ([Ke23b]), in der ArDoCo als Java-basiert beschrieben wird. Da ArCoTL als Erweiterung von ArDoCo entwickelt wurde, ist es wahrscheinlich, dass auch hier Java/JVM zum Einsatz kommt. Eine explizite Nennung fehlt jedoch, daher die reduzierte Sicherheit.",testing,1.0,,"Die Evaluation erfolgt durch technische Tests (F1-Scores, Vergleich mit Baseline-Ansätzen) ohne Einbeziehung von Versuchspersonen. Dies wird im Abschnitt 'Results' explizit beschrieben ('We evaluate our approaches with five open-source projects, comparing our results to baseline approaches').",,,classical_se,0.9,,"Die Entwicklung folgt einem klassischen Software-Engineering-Ansatz mit klarer Anforderungsanalyse (z.B. Forschungsfragen RQ1-RQ3), Architektur (TransArC-Ansatz mit ArDoCo und ArCoTL als Komponenten) und Evaluation (F1-Scores, Vergleich mit Baseline-Ansätzen). Dies wird im Abschnitt 'Methods' und 'Results' deutlich."
lni133/19,lni133,19.pdf,lni133/19.pdf,Machbarkeitsuntersuchung: Speicherung digitaler Daten auf Mikrofilm durch Standardtechnologien,Steffen W. Schilke Hessische Zentrale für Datenverarbeitung E – DMS und zentrale Fachanwendungen Mainzer Strasse Wiesbaden,mistral-large-3-675b-instruct-2512,rse_typology_prompt_v1,run_1,1,0.9,"Die Publikation beschreibt die Nutzung und Anpassung von Open-Source-Software (Paperback, Optar) zur Konvertierung digitaler Daten in barcode-artige Formate und deren Rückumwandlung. Diese Software wurde explizit für den Forschungszweck der Langzeitarchivierung auf Mikrofilm eingesetzt und angepasst (z.B. Formatwandlungen, Anpassung der Ausgabeformate, Nutzung von Fehlerkorrekturverfahren). Dies geht über die bloße Anwendung von Standardsoftware hinaus und stellt eine maßgebliche Entwicklungsleistung dar.",research_infrastructure_support,0.8,,"Die Software dient primär der Unterstützung des Forschungsprozesses durch die Schaffung einer Infrastruktur zur Langzeitarchivierung digitaler Daten. Dies umfasst die Entwicklung und Anpassung von Tools zur Konvertierung, Speicherung und Rückumwandlung von Daten, was als Infrastruktur für Forschungszwecke betrachtet werden kann (vgl. Abschnitt 2.2, 2.3, 2.4).",,,,,script,0.9,,"Die genutzten Programme (Paperback, Optar) sind als Skripte oder kleine Tools einzustufen, die für die Konvertierung digitaler Daten in bildbasierte Formate und deren Rückumwandlung eingesetzt wurden. Es handelt sich um einzelne Ausführungsfäden ohne komplexe Architektur (vgl. Abschnitt 2.2, 2.3).",,0.7,unspecified_open_source_tools,"Die Publikation nennt explizit die Nutzung von Open-Source-Tools (Paperback, Optar) und deren Anpassung, jedoch keine spezifischen Programmiersprachen oder Technologien. Daher kann der Techstack nicht eindeutig zugeordnet werden. Es wird vorgeschlagen, eine neue Subkategorie für unspezifizierte Open-Source-Tools einzuführen, da die Tools selbst im Mittelpunkt stehen (vgl. Abschnitt 2.2, 2.3).",testing,0.9,,"Die Evaluation der Software erfolgte durch technische Tests, bei denen die rückgewandelten Daten mittels Hash-Werten auf ihre Korrektheit überprüft wurden. Dies stellt eine technische Verifikation der funktionalen Korrektheit dar (vgl. Abschnitt 2.1, 3).",,,ad_hoc_scripting,0.9,,"Die Entwicklung der Software erfolgte pragmatisch und zielgerichtet für den spezifischen Anwendungsfall der Machbarkeitsuntersuchung. Es wurden Open-Source-Tools (Paperback, Optar) genutzt und angepasst, um die Konvertierung digitaler Daten in barcode-artige Formate und deren Rückumwandlung zu ermöglichen. Dies deutet auf ein ad-hoc-Skripting ohne expliziten, plangetriebenen Entwicklungsprozess hin (vgl. Abschnitt 2.2, 2.3)."
lni308/313 DELFI2020_paper_53,lni308,313 DELFI2020_paper_53.pdf,lni308/313 DELFI2020_paper_53.pdf,Fertigkeiten erkennen und Interesse für Informatik wecken: Der Informatiktest von MINTFIT Hamburg,"Helena Barbas, Esther Bender, Fabian Hamann, Daniel Sitzmann, Marcus Soll",mistral-large-3-675b-instruct-2512,rse_typology_prompt_v1,run_1,1,0.9,"Die Publikation beschreibt die Entwicklung eines webbasierten Selbsteinschätzungstests für Informatik (MINTFIT Informatiktest) inklusive automatisierter Auswertung, Musterlösungen und Lernempfehlungen. Dieser Test stellt eine eigene Softwarelösung dar, die explizit für den Forschungszweck der Studienvorbereitung und Kompetenzdiagnostik entwickelt wurde. Die Erstellung von ca. 160 Fragen, iterative Verbesserung durch Fachwissenschaftler*innen und Erprobung in Schulen belegen eine maßgebliche Entwicklungsleistung.",human_facing_intervention,0.9,,"Der MINTFIT Informatiktest ist ein webbasiertes System, mit dem Schüler*innen und Studieninteressierte interagieren, um ihre Informatik-Kompetenzen zu überprüfen und Interesse für das Fach zu wecken. Dies entspricht einer Mensch-zugewandten Intervention (vgl. Abschnitt 2: 'Schüler*innen und Studieninteressierte ihre MINT-Kenntnisse selbstständig überprüfen').",,,,,full_stack_application,0.9,,"Der MINTFIT Informatiktest ist eine webbasierte Anwendung mit Frontend (Nutzerinteraktion, Fragenanzeige, Feedback) und Backend (automatisierte Auswertung, Musterlösungen, Lernempfehlungen). Dies entspricht einer Full-Stack-Anwendung (vgl. Abschnitt 2: 'webbasierter Selbsteinschätzungstest unter www.mintfit.hamburg/informatik-test').",javascript_web,0.7,,"Die Publikation erwähnt keine expliziten Technologien, aber die webbasierte Natur des Tests (vgl. Abschnitt 2: 'webbasierter Selbsteinschätzungstest') legt nahe, dass JavaScript/TypeScript für das Frontend verwendet wurde. Eine explizite Nennung fehlt jedoch, daher die reduzierte Sicherheit.",usability_study;empirical_study,0.9,,"Der Test wurde in Schulen erprobt (vgl. Abschnitt 3.3: 'Tests zusammengestellt und von Schüler*innen bei Schulbesuchen erprobt') und Feedbackbögen zur Usability (Schwierigkeitsgrad, Verständlichkeit, Interesse) ausgewertet (vgl. Abschnitt 4: 'Feedbackbogen zum Informatiktest'). Dies entspricht einer Usability-Studie. Zudem wurde der Test als Mittel zur empirischen Untersuchung von Kompetenzen und Interessen eingesetzt (vgl. Abschnitt 4: 'Ergebnisse der mittlerweile ca. 1000 durchgeführten Testversuche'), was einer empirischen Studie entspricht.",,,agile;classical_se,0.8,,"Die Entwicklung des Tests folgte einem iterativen Prozess mit Erstellung von Fragen, Überprüfung durch Fachwissenschaftler*innen, Erprobung in Schulen und kontinuierlicher Verbesserung basierend auf Feedback (vgl. Abschnitt 3.3: 'Fragenerprobung und -auswahl'). Dies deutet auf agile Methoden hin. Gleichzeitig wurden Themenauswahl und Testkonzept systematisch geplant (vgl. Abschnitt 3.1 und 3.2), was auf klassisches Software-Engineering hindeutet."
lni31/GI-Proceedings.31-10,lni31,GI-Proceedings.31-10.pdf,lni31/GI-Proceedings.31-10.pdf,"Virtual PIN: Biometric Encryption Using Coding Theory Dr. Ullrich Martini, Stephan Beinlich Neue Technologien -Technologiecenter Giesecke & Devrient Prinzregentenstraße 159",München,mistral-large-3-675b-instruct-2512,rse_typology_prompt_v1,run_1,1,0.9,"Die Publikation beschreibt die Entwicklung eines neuen biometrischen Systems namens 'Virtual PIN', das auf Fehlerkorrekturcodes (LDPC) und Gabor-Filtern basiert. Es wird explizit eine 'proof-of-concept implementation' erwähnt, die eigene Algorithmen für Feature-Extraktion und Fehlerkorrektur umfasst. Dies deutet auf die Entwicklung eigener Forschungssoftware hin, die über die bloße Anwendung von Standardsoftware hinausgeht.",datenanalyse,0.8,,"Die Software dient primär der Analyse biometrischer Daten (Fingerabdrücke) und der Extraktion sowie Korrektur von Feature-Vektoren. Dies entspricht der Datenanalyse im Forschungsprozess, da die Software zur Auswertung und Verarbeitung der biometrischen Informationen eingesetzt wird (vgl. Abschnitt 3 und 4).",entwurf;implementierung;testen_qualitaetssicherung,0.9,,"Das Paper beschreibt detailliert den Entwurf (Architektur, Modellierung, Fehlerkorrekturcodes) und die Implementierung (Feature-Extraktion mit Gabor-Filtern, LDPC-Codes) der Forschungssoftware. Zudem werden Ergebnisse der Qualitätssicherung (Equal Error Rate, Vergleich mit Template-Matchern) präsentiert, was auf Testen/Qualitätssicherung hindeutet.",numerical_mathematical,0.9,,Die Software umfasst numerische und mathematische Komponenten wie Gabor-Filter für die Feature-Extraktion und Low Density Parity Check Codes (LDPC) für die Fehlerkorrektur. Diese sind zentral für die Funktionsweise des Systems (vgl. Abschnitte 3 und 4).,conceptual,0.8,c_cpp_simulation,"Das Paper erwähnt keine konkrete Programmiersprache, beschreibt aber die Implementierung von Algorithmen (Gabor-Filter, LDPC-Codes), die typischerweise in C/C++ umgesetzt werden. Da dies jedoch nicht explizit genannt wird, wird 'conceptual' als Hauptkategorie gewählt, mit dem Vorschlag einer neuen Subkategorie für simulationsnahe Sprachen wie C/C++.",testing;benchmarking,0.9,,"Die Evaluation umfasst technische Tests (Equal Error Rate, Vergleich der Feature-Vektoren) und Benchmarking (Vergleich mit konventionellen Template-Matchern und Referenz zu FVC2002). Dies belegt sowohl funktionale Korrektheit als auch Performanz.",,,classical_se,0.7,,"Die Entwicklung folgt einem strukturierten Ansatz mit klaren Schritten: Anforderungsdefinition (z.B. Feature-Vektoren, Fehlerkorrektur), Architektur (Kombination von Gabor-Filtern und LDPC-Codes) und Evaluation (Proof-of-Concept-Implementierung). Dies entspricht klassischen Software-Engineering-Methoden (vgl. Abschnitte 2, 3 und 4)."
lni352/Neuroth_et_al_Nachhaltiges_Forschungsdatenmanagement,lni352,Neuroth_et_al_Nachhaltiges_Forschungsdatenmanagement.pdf,lni352/Neuroth_et_al_Nachhaltiges_Forschungsdatenmanagement.pdf,Nachhaltiges Forschungsdatenmanagement in Brandenburg Auf dem Weg zu einer landesweiten Institutionalisierung,"Heike Neuroth , Daniela Mertzen , Carsten Schneemann , Janine Straka",mistral-large-3-675b-instruct-2512,rse_typology_prompt_v1,run_1,0,1.0,"Die Publikation beschreibt den Aufbau von Forschungsdatenmanagement-Strukturen, -Diensten und -Supportangeboten in Brandenburg, insbesondere die Institutionalisierung von FDM-Services wie RDMO und RADAR. Es werden keine eigenen Forschungssoftware-Artefakte (Quellcode, Algorithmen, Skripte etc.) entwickelt, erweitert oder angepasst. Stattdessen geht es um die Nutzung und Bereitstellung bestehender Tools (z. B. RDMO, RADAR) sowie um organisatorische und infrastrukturelle Maßnahmen zur Nachhaltigkeit von FDM.",,,,,,,,,,,,,,,,,,,,,,,,,,
lni28/GI-Proceedings.28-15,lni28,GI-Proceedings.28-15.pdf,lni28/GI-Proceedings.28-15.pdf,Practitioners’ Expectations on Development Processes,"Martin Höst, Daniel Karlström, Josef Nedstam",mistral-large-3-675b-instruct-2512,rse_typology_prompt_v1,run_1,0,1.0,"Die Publikation beschäftigt sich mit der Erwartungshaltung von Praktikern an Softwareentwicklungsprozesse und Software Process Improvement (SPI). Es wird keine eigene Forschungssoftware entwickelt, erweitert oder angepasst. Stattdessen liegt der Fokus auf qualitativen Interviews und der Analyse von Prozessen und Erwartungen in einer Organisation.",,,,,,,,,,,,,,,,,,,,,,,,,,
lni299/GIL_2020_Stoinescu_307-312,lni299,GIL_2020_Stoinescu_307-312.pdf,lni299/GIL_2020_Stoinescu_307-312.pdf,"M. Gandorfer et al.: Digitalisierung für Mensch, Umwelt und Tier, Lecture Notes in Informatics (LNI), Gesellschaft für Informatik, Bonn 2020 307 Does e-government contribute to a reduction of farmers’ administrative burden in Switzerland","Andrei Stoinescu, Linda Reissig and Gabriele Mack",mistral-large-3-675b-instruct-2512,rse_typology_prompt_v1,run_1,0,1.0,"Die Publikation untersucht die Auswirkungen von E-Government auf den administrativen Aufwand von Landwirten in der Schweiz. Es werden keine eigenen Softwareentwicklungen, Algorithmen, Skripte oder rechnergestützte Arbeitsabläufe beschrieben, die zu Forschungszwecken erstellt oder angepasst wurden. Die Studie basiert auf quantitativen Umfragen, qualitativen Aussagen und Interviews, ohne dass Forschungssoftware im Sinne der Definition (z.B. Quellcode, Workflows, Bibliotheken) erwähnt oder verwendet wird. Die Nutzung von geografischen Informationssystemen (GIS) und elektronischen Formularen wird beschrieben, aber es handelt sich dabei um Standardsoftware ohne eigene Entwicklungsleistung.",,,,,,,,,,,,,,,,,,,,,,,,,,
lni78/GI-Proceedings-78-9,lni78,GI-Proceedings-78-9.pdf,lni78/GI-Proceedings-78-9.pdf,Cluster analysis use for processing of the results of suspen-sion’s grain composition occurring in rainfall and snowfall,"Ewa Burszta-Adamiak, Janusz Łomotowski",mistral-large-3-675b-instruct-2512,rse_typology_prompt_v1,run_1,0,0.95,"Die Publikation beschreibt die Anwendung eines kommerziellen Laser-Diffraktions-Partikelgrößenanalysators (Mastersizer 2000 von Malvern Instruments Ltd.) zur Datenerhebung und die Nutzung von Clusteranalyse-Methoden (hierarchische Baum- und k-Means-Algorithmen) zur Datenauswertung. Es gibt keine Hinweise auf die Entwicklung, Anpassung oder Erweiterung eigener Software. Die verwendeten Methoden (Clusteranalyse) werden als Standardverfahren beschrieben, die mit allgemein verfügbarer Software durchgeführt wurden. Die Autoren zitieren lediglich Literatur zu den verwendeten Geräten und Methoden, ohne eigene Softwareentwicklung zu erwähnen.",,,,,,,,,,,,,,,,,,,,,,,,,,
lni365/AKWI2025_fullpaper_10,lni365,AKWI2025_fullpaper_10.pdf,lni365/AKWI2025_fullpaper_10.pdf,"Digitale Souveränität trifft Circular Economy Analyse von thematischen Überschneidungen für eine nachhaltige und souveräne digitale Transformation Larissa Koch de Souza1, Martin Engstler2 Abstract: Die vorliegende Arbeit untersucht thematische Überschneidungen zwischen Circular","Economy und digitaler Souveränität auf Basis einer literaturbasierten Analyse. Die Ergebnisse zeigen, dass digitale Technologien, Ökosystemstrukturen und transparente Datennutzung essenziell für eine funktionierende Circular Economy sind, zugleich jedoch neue Abhängigkeiten schaffen, die der digitalen Souveränität entgegenstehen können. Während Synergien insbesondere durch datengetriebene Geschäftsmodelle, Inklusion und optimierte Ressourcennutzung entstehen, fehlen",mistral-large-3-675b-instruct-2512,rse_typology_prompt_v1,run_1,0,1.0,"Die Publikation enthält keine eigene Forschungssoftware im Sinne von Quellcode-Dateien, Algorithmen, Skripten, Bibliotheken oder ausführbaren Programmen, die zu einem Forschungszweck entwickelt oder angepasst wurden. Es handelt sich um eine rein literaturbasierte Analyse ohne Entwicklung oder Anwendung spezifischer Softwareartefakte.",,,,,,,,,,,,,,,,,,,,,,,,,,
lni220/2257,lni220,2257.pdf,lni220/2257.pdf,"Network Analysis Tools for Online Communities: The Koblenz Network Collection J´erˆome Kunegis WeST – Institute for Web Science and Technologies University of Koblenz-Landau, 56070 Koblenz, Germany",,mistral-large-3-675b-instruct-2512,rse_typology_prompt_v1,run_1,1,0.95,"Die Publikation beschreibt die Koblenz Network Collection (KONECT) als ein Projekt, das sowohl eine Sammlung von Netzwerk-Datensätzen als auch eine Matlab-Toolbox für die Netzwerkanalyse umfasst. Die Toolbox und die damit verbundenen Analysewerkzeuge wurden explizit für Forschungszwecke entwickelt und bereitgestellt (vgl. Abstract: 'a network analysis tool developed at the University of Koblenz–Landau' und Text: 'a Matlab toolbox for network analysis').",datenanalyse,0.95,,"Die Software dient primär der Analyse von Netzwerkdaten, wie im Abstract ('network analysis tools') und im Text ('a Matlab toolbox for network analysis') explizit beschrieben wird.",entwurf;implementierung;deployment_betrieb,0.8,,"Der Text erwähnt explizit die Hauptbestandteile von KONECT: (1) eine Sammlung von Netzwerk-Datensätzen, (2) eine Matlab-Toolbox für Netzwerkanalyse (Implementierung), (3) eine Website zur Übersicht (Deployment/Betrieb) und (4) ein Handbuch (Entwurf/Design, da es Methoden beschreibt). Die Phasen 'Entwurf', 'Implementierung' und 'Deployment/Betrieb' sind somit direkt belegt. Die anderen Phasen sind nicht explizit erwähnt.",library_package,0.9,,"Die Matlab-Toolbox wird als wiederverwendbares Analysewerkzeug beschrieben (vgl. Text: 'a Matlab toolbox for network analysis'), was auf eine Bibliothek oder ein Paket hindeutet.",matlab,0.95,,Die Toolbox ist explizit als 'Matlab toolbox' im Text genannt (vgl. Text: 'a Matlab toolbox for network analysis').,testing,0.5,,"Obwohl die Publikation keine explizite Evaluation der Software beschreibt, ist anzunehmen, dass die Toolbox technisch getestet wurde, um ihre Funktionalität sicherzustellen. Eine explizite Nennung von Tests oder Benchmarks fehlt jedoch.",,,classical_se,0.7,,"Die Entwicklung der Toolbox und der Infrastruktur deutet auf ein systematisches Vorgehen hin, das Anforderungsanalyse, Architektur und Bereitstellung umfasst (vgl. Text: 'The main parts of KONECT are (1) a collection of over 180 network datasets, [...] (2) a Matlab toolbox for network analysis, [...] (4) a comprehensive handbook of network analysis methods'). Eine explizite Nennung agiler oder design-basierter Methoden fehlt jedoch."
lni194/287,lni194,287.pdf,lni194/287.pdf,"Erfassung von biometrischen 3D-Daten zur Identifikation von Individuen bei Nutztieren* Henry Stahl1), Kristina Schädler1), Eberhard Hartung2) 1)FB Technik, Institut Ma.Vi.Tec Machine Vision Technology Fachhochschule Westküste",Fritz-Thiedemann-Ring D- Heide,mistral-large-3-675b-instruct-2512,rse_typology_prompt_v1,run_1,1,0.9,"Die Publikation beschreibt die Entwicklung eines Bilderfassungs-Systems, das 2D- und 3D-Daten fusioniert und Algorithmen zur Segmentierung und Erkennung von Tierköpfen implementiert. Dies umfasst eigene Software zur Bildverarbeitung, Kalibrierung und Normalisierung, die explizit für den Forschungszweck entwickelt wurde (z.B. 'Die zusammengeführten Informationen der verschiedenen Sensoren ermöglichen die Ermittlung der Position, Maße und Pose des Kopfes, die Bestimmung der Position wichtiger Merkmale und die Anwendung von Erkennungsalgorithmen').",datenerhebung,0.95,,"Die Software dient primär der Erfassung und Vorverarbeitung von biometrischen 3D-Daten (2D- und 3D-Bilder) zur Identifikation von Nutztieren. Dies entspricht der Datenerhebung im Forschungsprozess (vgl. Abschnitt 2: 'Das in der vorliegenden Arbeit eingesetzte System [...] ermöglicht, Aufnahmen von Nutztieren zu erstellen').",,,,,full_stack_application,0.7,data_fusion_processing_system,"Die Software kombiniert Hardware-Sensoren (3D-Sensor, Farbkamera, Industriekameras) mit Bildverarbeitungsalgorithmen zur Fusion von 2D- und 3D-Daten. Dies geht über ein Skript oder eine Bibliothek hinaus und ähnelt einer Full-Stack-Anwendung, die Datenerfassung, -verarbeitung und -analyse integriert (vgl. Abschnitt 2 und 3). Da 'full_stack_application' nicht perfekt passt, wird 'data_fusion_processing_system' als präzisere Subkategorie vorgeschlagen.",,0.5,unspecified_image_processing_techstack,"Der Text erwähnt keine expliziten Programmiersprachen oder Technologien. Die Algorithmen zur Bildverarbeitung (Segmentierung, Kalibrierung, Normalisierung) deuten auf den Einsatz von Bildverarbeitungsbibliotheken hin, aber der Techstack bleibt ungenannt. Daher wird 'unspecified_image_processing_techstack' als neue Subkategorie vorgeschlagen, da keine der vorgegebenen Kategorien passt.",testing,0.9,,"Die Software wird technisch evaluiert, indem die Segmentierungsergebnisse (Tier-Hintergrund, Kopf-Rumpf) und die Robustheit des Systems unter verschiedenen Bedingungen (Beleuchtung, Hintergrund) geprüft werden (vgl. Abschnitt 4: 'Das eingesetzte System ermöglicht [...] eine robuste Segmentierung der Tierköpfe'). Dies entspricht dem Testen der funktionalen Korrektheit und Performanz.",,,classical_se,0.8,,"Die Entwicklung folgt einem strukturierten Ansatz mit Kalibrierung der Kameras ('die Kameras zuvor durch die in [He11] vorgestellte Methode kalibriert'), Segmentierung ('Trennung des Kopfes vom Rumpf') und Normalisierung der Bilder. Dies deutet auf klassische Softwareentwicklung mit Anforderungsanalyse, Architektur und Test hin (vgl. Abschnitt 3: 'Methode der Bildverarbeitung')."
lni166/45,lni166,45.pdf,lni166/45.pdf,"Netzentwicklungskonzept für ein großes Universitätsnetzwerk – Bestandspflege und Erschließung neuer Technologien Dr. Raimund Vogl, Markus Speer, Norbert Gietz, Ludger Elkemann Zentrum für Informationsverarbeitung",,mistral-large-3-675b-instruct-2512,rse_typology_prompt_v1,run_1,0,1.0,"Die Publikation beschreibt detailliert die Planung, Architektur und Verwaltung eines großen Universitätsnetzwerks, einschließlich der Integration von Telekommunikations- und Datennetzwerken. Es werden keine eigenen Softwareentwicklungen im Sinne von Forschungssoftware (Quellcode, Algorithmen, Skripte, Bibliotheken oder ausführbare Programme) erwähnt. Stattdessen liegt der Fokus auf der Nutzung und Konfiguration bestehender kommerzieller Netzwerkkomponenten, Infrastruktur und Standardsoftware (z.B. Cisco, HP, NEC). Eigenentwicklungen wie die Netzdatenbank LANbase oder das Trouble-Ticket-System NOCase dienen der Verwaltung und Dokumentation der Netzwerkinfrastruktur, nicht jedoch einem Forschungszweck im engeren Sinne.",,,,,,,,,,,,,,,,,,,,,,,,,,
lni214/185,lni214,185.pdf,lni214/185.pdf,Experimental Evaluation of NUMA Eﬀects on Database Management Systems,"Tim Kiefer, Benjamin Schlegel, Wolfgang Lehner",mistral-large-3-675b-instruct-2512,rse_typology_prompt_v1,run_1,1,0.95,"Die Publikation beschreibt explizit die Entwicklung eines synthetischen Benchmarks ('synthetic, low-level benchmark') in C++ zur Messung von NUMA-Effekten auf Datenbankmanagementsysteme. Der Quellcode dieses Benchmarks wurde anderen Forschern zur Verfügung gestellt (siehe Fußnote 3: 'We have made our code available to other researchers'). Dies erfüllt die Kriterien für Forschungssoftware, da es sich um eine eigene Entwicklung handelt, die für einen Forschungszweck erstellt und angepasst wurde.",datenanalyse,0.9,,"Der synthetische Benchmark dient der Datenanalyse, konkret der Messung und Analyse von Speicherzugriffsmustern und Performance-Effekten in NUMA-Architekturen. Dies wird im Abstract und in Abschnitt 3 ('Synthetic Memory-Access Benchmark') explizit beschrieben.",entwurf;implementierung;testen_qualitaetssicherung;deployment_betrieb,0.9,,"
        - **Entwurf**: Das Paper beschreibt detailliert die Architektur und das Design der Benchmark-Tools sowie der Experimente zur Evaluierung von NUMA-Effekten. Beispielsweise wird in Abschnitt 3.1 die Konzeption des synthetischen Benchmarks erläutert, und in Abschnitt 4 wird die experimentelle Architektur für die DBMS-Tests (z. B. Thread- und Memory-Placement-Strategien) entworfen.
        - **Implementierung**: Die Autoren erwähnen explizit die Implementierung eines synthetischen Benchmarks in C++ (Abschnitt 3.1) sowie die Nutzung von MySQL mit spezifischen Konfigurationen (z. B. Nutzung des MEMORY-Storage-Engines). Der Code des Benchmarks wurde zudem für andere Forscher verfügbar gemacht.
        - **Testen/Qualitätssicherung**: Die Experimente umfassen systematische Tests zur Messung von Latenz, Cache-Verhalten und QPI-Link-Auslastung (Abschnitte 3.2 und 4.3). Die Nutzung von Performance-Countern (Intel PCM) und die Analyse von LLC-Hit-Raten deuten auf Qualitätssicherung hin.
        - **Deployment/Betrieb**: Die Experimente wurden auf realen NUMA-Systemen (AMD und Intel) durchgeführt, was den Betrieb der Software in einer konkreten Hardware-Umgebung umfasst. Zudem wird die Nutzung von `numactl` und `libnuma` zur Steuerung von Thread- und Memory-Placement beschrieben, was auf Deployment-Aspekte hindeutet.
      ",numerical_mathematical,0.85,benchmarking_tool,"Der Benchmark ist technisch ein numerisch/mathematisch fokussiertes Tool, da er zur Messung von Latenzen, Cache-Hits und QPI-Link-Auslastung dient. Allerdings ist 'benchmarking_tool' eine präzisere Beschreibung, da es sich um ein spezialisiertes Werkzeug zur Performance-Messung handelt (Abschnitt 3.1: 'The benchmark is based on a tool, developed by us and written in C++').",c_cpp,1.0,,"Die Publikation nennt explizit die Implementierung des Benchmarks in C++ (Abschnitt 3.1: 'The benchmark is based on a tool, developed by us and written in C++').",testing,0.95,,"Die Evaluation der Forschungssoftware erfolgt durch technische Tests, konkret durch Benchmark-Experimente, die die Performance und das Verhalten der Software unter verschiedenen Bedingungen messen (z.B. Experiment 1-4 in Abschnitt 3.2). Dies entspricht der Kategorie 'testing'.",,,classical_se,0.8,,"Die Entwicklung des Benchmarks folgt klassischen Softwareentwicklungsmethoden: Es wird ein Tool in C++ implementiert, das spezifische Anforderungen (Messung von NUMA-Effekten) erfüllt, und es werden Experimente zur Validierung durchgeführt. Die Nutzung von Performance-Countern (Intel PCM) deutet auf eine systematische Test- und Evaluationsstrategie hin (Abschnitt 3.1)."
lni94/GI-Proceedings-94-1,lni94,GI-Proceedings-94-1.pdf,lni94/GI-Proceedings-94-1.pdf,Fabrik-Cockpit: Eine echtzeitfähige Planungsumgebung,"Ralf Kapp, Tobias Weimer, Engelbert Westkämper",mistral-large-3-675b-instruct-2512,rse_typology_prompt_v1,run_1,1,0.95,"Die Publikation beschreibt die Entwicklung des 'Fabrik-Cockpits' und des 'P&P-Hubs' als eigene Softwarelösungen, die explizit für den Forschungszweck der echtzeitfähigen Planungsumgebung und operativen Fabriküberwachung erstellt wurden. Es handelt sich um eine prototypische Entwicklung im Rahmen des SFB 467, die maßgeblich angepasst und erweitert wurde, um operative Anforderungen zu erfüllen (vgl. Abstract, Einleitung, Kapitel 2 und 3).",visualisierung_dissemination,0.9,,"Das Fabrik-Cockpit dient primär der Visualisierung und Dissemination von operativen Fabrikdaten und Kennzahlen für Entscheidungsträger. Es stellt aggregierte Informationen und Ampelvisualisierungen bereit, um Handlungsnotwendigkeiten aufzuzeigen (vgl. Abstract, Kapitel 2 und 4).",anforderungen;entwurf;implementierung;deployment_betrieb,0.9,,"Das Paper behandelt explizit die Anforderungen an den P&P-Hub (Kapitel 3.1), den Entwurf der Datenstruktur und des objektorientierten Unternehmensmodells (Kapitel 3.2, 3.3, 3.5), die Implementierung des Fabrik-Cockpits und des P&P-Hubs (Kapitel 3, 4) sowie den geplanten Betrieb bei einem Pilotanwender (Kapitel 1, 5). Die Projektdefinition ist implizit vorhanden, aber nicht detailliert ausgeführt. Testen/Qualitätssicherung wird nicht explizit erwähnt.",full_stack_application,0.9,,"Das Fabrik-Cockpit ist eine browserbasierte Full-Stack-Anwendung mit Frontend (Userinterface, vgl. Kapitel 4) und Backend (P&P-Hub als Daten-Hub, vgl. Kapitel 3). Es integriert verschiedene Planungswerkzeuge und Simulationskomponenten (vgl. Kapitel 4.1 und 4.2).",javascript_web;sql_db,0.7,,"Das Fabrik-Cockpit wird als browserbasierte Anwendung beschrieben, was auf die Verwendung von JavaScript/TypeScript und Web-Technologien hindeutet (vgl. Kapitel 4). Der P&P-Hub speichert Bewegungsdaten und Kennzahlen in relationalen Datenbanken, was die Nutzung von SQL nahelegt (vgl. Kapitel 3.2). Explizite Programmiersprachen werden nicht genannt, daher ist die Sicherheit geringer.",planned;conceptual_evaluation,0.8,,"Das Paper erwähnt, dass das weiterentwickelte Werkzeug bei einem mittelständischen Pilotanwender im Realbetrieb getestet werden soll (Kapitel 1), was auf eine geplante Evaluation hindeutet. Zudem wird das Konzept des Fabrik-Cockpits und des P&P-Hubs detailliert vorgestellt, was auf eine konzeptionelle Evaluation schließen lässt. Technische Tests oder empirische Studien werden nicht beschrieben.",,,classical_se,0.8,,"Die Entwicklung des P&P-Hubs und des Fabrik-Cockpits folgt einem klassischen Software-Engineering-Ansatz mit Anforderungsanalyse (Kapitel 3.1), Architekturdefinition (Kapitel 3.2 und 3.3) und Integration bestehender IT-Systeme. Die Beschreibung der Datenstruktur und der Kopplung an Legacy-Systeme deutet auf eine plangetriebene Entwicklung hin (vgl. Kapitel 3)."
lni373/B2-1,lni373,B2-1.pdf,lni373/B2-1.pdf,A Unified Real-Time Spatial and Chromatic Foveated Rendering in VR,"Bipul Mohanto , Martin Weier , Colin Groth , and Oliver Staadt",mistral-large-3-675b-instruct-2512,rse_typology_prompt_v1,run_1,1,0.95,"Die Publikation beschreibt detailliert die Entwicklung eines eigenen foveated rendering Frameworks für VR, das Variable Rate Shading (VRS), foveated mipmap und foveated color degradation integriert. Die Implementierung erfolgte mit DirectX 11 API, C++ 17, HLSL Shader (Model 5) sowie NVIDIA VRWorks Graphics SDK und NVAPI. Dies stellt eine maßgeschneiderte Forschungssoftware dar, die explizit für den Forschungszweck entwickelt wurde (vgl. Abschnitte 'System Overview', 'System Performance' und Implementierungsdetails).",human_facing_intervention,0.9,,"Die entwickelte Software dient primär als System, mit dem Versuchspersonen interagieren (VR-Headset mit Eye-Tracking). Dies wird explizit im 'Pilot Study'-Abschnitt beschrieben, wo Teilnehmer die verschiedenen Rendering-Techniken in einer VR-Umgebung evaluieren (vgl. Abschnitt 4: 'Pilot Study').",entwurf;implementierung;testen_qualitaetssicherung;deployment_betrieb,0.9,,"Das Paper behandelt explizit den Entwurf der Softwarearchitektur (z. B. Integration von VRS, foveated mipmap und foveated color in einem einheitlichen Framework, siehe Abschnitt 3 'System Overview'). Die Implementierung wird detailliert beschrieben (z. B. Nutzung von DirectX 11, HLSL Shader, NVIDIA VRWorks SDK, siehe Abschnitt 3.1). Testen und Qualitätssicherung sind durch die quantitative Evaluation der Rendering-Latenz und die Pilotstudie zur Wahrnehmung belegt (Abschnitte 3.1 und 4). Deployment/Betrieb wird durch die Nutzung in VR-Headsets (HTC VIVE Pro Eye) und die Echtzeitfähigkeit der Software angesprochen (z. B. Abschnitt 4.1).",vr_application,0.95,,"Die Software ist eine VR-Anwendung, die explizit für die Nutzung in VR-Headsets entwickelt wurde und gaze-contingent foveated rendering implementiert. Dies wird im Titel ('Foveated Rendering in VR') und im gesamten Text deutlich (vgl. z.B. 'System Overview' und 'Pilot Study').",c_cpp;javascript_web,0.9,hlsl_shader,"Die Software wurde mit C++ 17 und DirectX 11 API implementiert (vgl. Abschnitt 'System Performance'). Zudem wird HLSL Shader (Model 5) für die Pixel-Shader-Implementierung genutzt (vgl. 'System Overview'). Die Nutzung von Web-Technologien ist nicht explizit belegt, aber die Integration von Eye-Tracking-Daten und die VR-Umgebung könnten implizit auf Web-basierte Komponenten hindeuten. HLSL Shader ist eine spezifische Technologie, die nicht in den vorgegebenen Kategorien enthalten ist und daher als neue Subkategorie vorgeschlagen wird.",testing;usability_study;empirical_study,0.95,,"Die Software wurde technisch evaluiert (Benchmarking der Rendering-Latenz, vgl. Abschnitt 3.1: 'System Performance'), in einer Usability-Studie mit Versuchspersonen getestet (vgl. Abschnitt 4: 'Pilot Study') und in einer empirischen Studie eingesetzt, um die Wahrnehmung der verschiedenen Rendering-Techniken zu untersuchen (vgl. Abschnitt 4.4: 'Results').",,,classical_se,0.8,,"Die Entwicklung folgt einem klassischen Software-Engineering-Ansatz: Es gibt eine klare Systemarchitektur (vgl. 'System Overview'), Implementierungsdetails (Shader, API-Nutzung) und eine systematische Evaluation der Performance und Benutzerwahrnehmung (vgl. Abschnitte 3.1 und 4). Die Integration von Hardware-spezifischen Features (VRS) deutet auf eine plangetriebene Entwicklung hin."
lni299/GIL_2020_Weller-von-Ahlefeld_343-348,lni299,GIL_2020_Weller-von-Ahlefeld_343-348.pdf,lni299/GIL_2020_Weller-von-Ahlefeld_343-348.pdf,"M. Gandorfer et al.: Digitalisierung für Mensch, Umwelt und Tier, Lecture Notes in Informatics (LNI), Gesellschaft für Informatik, Bonn 2020 343 Umweltschutz durch Präzisionslandwirtschaft – sind Rebound-Effekte möglich? Paul Johann Weller von Ahlefeld1",,mistral-large-3-675b-instruct-2512,rse_typology_prompt_v1,run_1,0,1.0,"Die Publikation diskutiert den Einsatz von Sensortechniken und Präzisionslandwirtschaft, erwähnt jedoch keine eigene Entwicklung, Anpassung oder Erweiterung von Forschungssoftware. Es werden kommerzielle Sensoren (z.B. SPAD-Meter, Yara-N-Sensor) und allgemeine ICT-Anwendungen beschrieben, aber keine spezifischen Algorithmen, Skripte, Workflows oder Softwareartefakte, die zu Forschungszwecken entwickelt oder maßgeblich angepasst wurden.",,,,,,,,,,,,,,,,,,,,,,,,,,
lni51/GI-Proceedings.51-108,lni51,GI-Proceedings.51-108.pdf,lni51/GI-Proceedings.51-108.pdf,Automating the Development of Web Service Compositions Using Templates,"Dimka Karastoyanova, Alejandro Buchmann",mistral-large-3-675b-instruct-2512,rse_typology_prompt_v1,run_1,1,0.95,"Die Publikation beschreibt die Entwicklung und Verwendung von 'Templates' zur Automatisierung der Erstellung von Web Service Compositions (WS-flows). Diese Templates sind Einheiten von Code und Funktionalität, die wiederverwendet werden können, um den Entwicklungsprozess zu erleichtern. Die Autoren präsentieren konkrete Beispiele in BPEL (Business Process Execution Language) und diskutieren die Implementierung von Design Patterns, Algorithmen und domänenspezifischen Prozessen als Templates. Dies stellt eine maßgebliche Anpassung und Erweiterung für den Forschungszweck dar, insbesondere im Bereich der serviceorientierten Architekturen und Workflow-Automatisierung.",research_infrastructure_support,0.9,,"Die Templates dienen primär der Unterstützung von Software-Entwicklungsprozessen, insbesondere der Automatisierung und Wiederverwendung von Code und Funktionalität in der Entwicklung von Web Service Compositions. Dies entspricht der Bereitstellung einer Infrastruktur für Forschungs- und Entwicklungsprojekte (vgl. Abschnitt 4: 'The use of templates can help to automate the production of WS-flows definitions, hide complexity and shorten development time').",entwurf;implementierung;deployment_betrieb,0.9,,"Das Paper behandelt explizit den Entwurf von Web Service Compositions mittels Templates (z. B. Abschnitt 4: 'Applying templates to automate the development of WS-flows' und Diskussion über Design Patterns, Algorithmen und domänenspezifische Prozesse). Die Implementierung wird durch Beispiele in BPEL (Abbildung 2) und die Diskussion über Code-Wiederverwendung adressiert. Deployment/Betrieb wird in Bezug auf die Nutzung von Repositories, UDDI-Registries und die automatisierte Generierung von Prozessdefinitionen (Abschnitt 4) erwähnt.",middleware_service,0.9,,"Die Templates sind Teil einer dienstorientierten Middleware-Architektur, die die Komposition von Web Services ermöglicht. Die Publikation beschreibt die Templates als wiederverwendbare Einheiten, die in WS-flows integriert werden, um komplexe Web Services zu erstellen (vgl. Abschnitt 4: 'Templates are units of code and functionality reuse [...] possible parameters of a template in BPEL are the values of attributes of all activities in a process').",xml_xsd,0.95,,"Die Publikation erwähnt explizit die Verwendung von BPEL (Business Process Execution Language), das auf XML basiert, sowie die Notwendigkeit von XML-Transformationen zur Erstellung von WS-flows (vgl. Abschnitt 4: 'In XML documents, i.e. in WS-flow definitions, all identifiers of elements, attributes and their values are strings' und 'Such process definitions can be converted into multiple languages [...] using XML transformations').",testing,0.7,,"Die Autoren diskutieren die funktionale Wiederverwendung und Automatisierung der Templates, was implizit auf technische Tests zur Sicherstellung der Korrektheit und Funktionalität hindeutet (vgl. Abschnitt 4: 'The use of templates can help to automate the production of WS-flows definitions'). Eine explizite Evaluation im Sinne von Usability-Studien oder empirischen Studien wird jedoch nicht beschrieben.",,,standardization_driven,0.85,,"Die Entwicklung der Templates erfolgt entlang formaler Standards und Spezifikationen wie BPEL und UML. Die Autoren betonen die Bedeutung eines 'unified process model' und die Übersetzung in multiple Definitionssprachen (vgl. Abstract: 'We argue that templates can be used to implement coordination protocols roles, design patterns, algorithms and domain specific business processes' und Abschnitt 4: 'If templates are created based on a unified process model [...] they could be composed to create process definitions independent of a particular process definition language')."
lni176/91,lni176,91.pdf,lni176/91.pdf,Utilization of Semantic Networks for Education: On the Enhancement of Existing Learning Objects with Topic Maps in <ML>³,"Ulrike Lucke, Alke Martens",mistral-large-3-675b-instruct-2512,rse_typology_prompt_v1,run_1,1,0.9,"Die Publikation beschreibt die Entwicklung und Erweiterung der eLearning-Sprache <ML>³, insbesondere die Integration von Topic Maps gemäß ISO-Standard XTM 2.0. Dies umfasst die Implementierung einer XML-basierten Beschreibungssprache sowie die Entwicklung von Authoring-Tools (XMLeditools), die explizit für die Erstellung und Bearbeitung von Lernobjekten mit semantischen Netzwerken genutzt werden. Diese Software wurde maßgeblich für den Forschungszweck angepasst und erweitert (vgl. Abschnitt 3.3 und [GLT09]).",human_facing_intervention,0.9,,"Die Software <ML>³ und die zugehörigen Authoring-Tools dienen primär der Interaktion mit Lernenden und Lehrenden. Sie ermöglichen die Erstellung und Nutzung von Lernobjekten mit semantischen Netzwerken, die direkt von Lernenden zur Wissenskonstruktion genutzt werden (vgl. Abschnitt 1: 'knowledge transfer to learners', 'self-directed learning experience').",entwurf;implementierung;deployment_betrieb,0.9,,"Das Paper behandelt explizit den Entwurf der Erweiterung von <ML>³ um Topic Maps (Abschnitt 3.3, Figure 2), die Implementierung dieser Erweiterung (z. B. Integration in XMLeditools, Abschnitt 3.3, Figure 3) sowie den Betrieb bzw. die Nutzung der Software in edukativen Szenarien (z. B. Diskussion in Abschnitt 3.4 und Conclusion). Anforderungen oder Testen/Qualitätssicherung werden nicht detailliert adressiert, daher diese Kategorien nicht ausgewählt.",domain_specific_language,0.9,,"Die Publikation beschreibt <ML>³ als eine XML-basierte eLearning-Sprache, die speziell für die Beschreibung von Lernobjekten und deren didaktischen Modellen entwickelt wurde. Dies entspricht einer domänenspezifischen Sprache (DSL) (vgl. Abschnitt 3: '<ML>³ (Multidimensional LearningObjects and Modular Lectures Markup Language)'). Zusätzlich werden Authoring-Tools (XMLeditools) erwähnt, die als Full-Stack-Anwendung klassifiziert werden könnten, aber der Fokus liegt auf der DSL.",xml_xsd,1.0,,"Die Publikation nennt explizit die Verwendung von XML-Technologien, insbesondere die Integration von Topic Maps gemäß XTM 2.0 (XML Topic Map Syntax) (vgl. Abschnitt 3.3: 'Topic Maps according to the ISO standard XTM 2.0 (XML topic map syntax)').",usability_study,0.7,,"Die Publikation erwähnt erste Erfahrungen mit Lehrenden und Lernenden, die auf die Notwendigkeit einer stärker geführten Navigation hinweisen. Dies deutet auf eine Evaluation der Benutzbarkeit hin, auch wenn keine detaillierte Usability-Studie beschrieben wird (vgl. Abschnitt 4: 'first experiences with teachers and students').",,,standardization_driven,0.9,,Die Entwicklung der Software basiert auf der Integration des ISO-Standards XTM 2.0 (XML Topic Maps) in die <ML>³-Spezifikation. Die Implementierung folgt somit einem standardgetriebenen Ansatz (vgl. Abschnitt 3.3: 'Topic Maps according to the ISO standard XTM 2.0').
lni55/GI-Proceedings.55-26,lni55,GI-Proceedings.55-26.pdf,lni55/GI-Proceedings.55-26.pdf,SIP Security,"Andreas Steffen, Daniel Kaufmann und Andreas Stricker Security Group",mistral-large-3-675b-instruct-2512,rse_typology_prompt_v1,run_1,1,0.9,"Die Publikation beschreibt die Entwicklung eines 'SIPsec user agent' für das Linux-Betriebssystem als Teil einer Diplomarbeit. Diese Software wurde basierend auf dem reSIProcate SIPv2-Stack implementiert und um S/MIME-Unterstützung sowie SRTP-Master-Key-Generierung erweitert. Die Nutzung der libsrtp-Bibliothek für die sichere Übertragung von RTP-Medienströmen und RTCP-Kontrollströmen ist ebenfalls Teil der Implementierung. Dies entspricht der Definition von Forschungssoftware, da die Software explizit für Forschungszwecke (Sicherheit in VoIP) entwickelt und angepasst wurde (vgl. Abschnitt 6: 'Practical Results').",research_infrastructure_support,0.8,research_infrastructure_support,"Die entwickelte Software dient primär der Unterstützung von Sicherheitsmechanismen in SIP-basierten VoIP-Systemen und stellt damit eine Infrastruktur für Forschungs- und Entwicklungsprojekte in diesem Bereich dar. Die Implementierung zielt darauf ab, eine sichere Kommunikationsinfrastruktur zu schaffen, die für weitere Forschung genutzt werden kann (vgl. Abschnitt 6 und 7).",entwurf;implementierung;testen_qualitaetssicherung;deployment_betrieb,0.9,,"Das Paper behandelt explizit den Entwurf von Sicherheitsmechanismen für SIP (z. B. SRTP, S/MIME, TLS) in Kapitel 2 und 3, die Implementierung eines SIPsec-User-Agents wird in Kapitel 6 beschrieben, inklusive der Nutzung von Bibliotheken wie libsrtp und OpenSSL. Die Qualitätssicherung und Testen werden durch die Diplomarbeit [GLS03] als Proof-of-Concept erwähnt. Deployment und Betrieb werden in Kapitel 6 und 7 angesprochen, insbesondere durch die Integration in eine praktische SIP-Implementierung und die Nutzung von X.509-Zertifikaten.",middleware_service,0.9,,"Die entwickelte Software agiert als Middleware zwischen SIP-User-Agents und sichert die Kommunikation durch Verschlüsselung und Authentifizierung. Sie verbindet verschiedene Protokolle (SIP, RTP) und stellt sicher, dass die Daten sicher übertragen werden (vgl. Abschnitt 2.1 und 2.2).",c_cpp,0.9,,"Die Implementierung basiert auf dem reSIProcate SIPv2-Stack, der in C++ geschrieben ist, sowie auf der libsrtp-Bibliothek, die ebenfalls in C implementiert ist. Dies wird explizit in Abschnitt 6 erwähnt ('based on the reSIProcate SIPv2 stack', 'libsrtp library').",testing,0.8,,"Die Publikation beschreibt die Implementierung und den Einsatz der Software als Proof-of-Concept, was auf eine technische Evaluation hindeutet. Es wird gezeigt, dass die Software funktioniert (S/MIME-Verschlüsselung, SRTP-Schutz), was einem technischen Test entspricht (vgl. Abschnitt 7: 'proof-of-concept').",,,classical_se,0.7,,"Die Entwicklung basiert auf einem bestehenden SIP-Stack (reSIProcate) und integriert zusätzliche Sicherheitsmechanismen (S/MIME, SRTP). Dies deutet auf ein klassisches Software-Engineering-Vorgehen hin, bei dem Anforderungen analysiert, eine Architektur entworfen und die Implementierung schrittweise umgesetzt wurde (vgl. Abschnitt 6)."
lni215/405,lni215,405.pdf,lni215/405.pdf,Modellierung und Enactment mit ESSENCE,"Michael Striewe, Michael Goedicke",mistral-large-3-675b-instruct-2512,rse_typology_prompt_v1,run_1,0,1.0,"Die Publikation beschreibt das ESSENCE-Framework, ein Metamodell und eine Sprache zur Modellierung und Ausführung von Softwareentwicklungsmethoden. Es handelt sich um ein konzeptionelles Framework, das keine eigene Forschungssoftware im Sinne von Quellcode, Algorithmen, Skripten oder ausführbaren Programmen entwickelt oder anpasst. Die Publikation diskutiert die theoretischen Grundlagen, Bausteine und Anwendungsbeispiele von ESSENCE, ohne explizit auf die Implementierung oder Entwicklung von Software einzugehen.",,,,,,,,,,,,,,,,,,,,,,,,,,
lni123/39,lni123,39.pdf,lni123/39.pdf,Individualisierungsmöglichkeiten im Mobile TV Ein werbebasierter Geschäftsmodellansatz André Deuker und Mike Radmacher Professur für Mobile Business und Multilateral Security Johann Wolfgang Goethe Universität,Gräfstr. Frankfurt am Main,mistral-large-3-675b-instruct-2512,rse_typology_prompt_v1,run_1,0,1.0,"Die Publikation beschreibt ein konzeptionelles Geschäftsmodell für Mobile TV mit werbefinanzierten Individualisierungsmöglichkeiten. Es werden keine eigenen Quellcode-Dateien, Algorithmen, Skripte, rechnergestützte Arbeitsabläufe oder Software-Implementierungen erwähnt. Die Arbeit bleibt auf der Ebene der konzeptionellen Architektur und Methodik (Design Research), ohne dass Forschungssoftware im Sinne der Definition entwickelt oder angepasst wurde.",,,,,,,,,,,,,,,,,,,,,,,,,,
lni295/paper11_03,lni295,paper11_03.pdf,lni295/paper11_03.pdf,Averaging rewards as a Ąrst approach towards Interpolated,Experience Replay Wenzel Pilar von Pilchau,mistral-large-3-675b-instruct-2512,rse_typology_prompt_v1,run_1,1,0.95,"Die Publikation beschreibt die Entwicklung und Implementierung einer eigenen Forschungssoftware zur Erweiterung des Experience Replay (ER) durch Interpolation von Belohnungen (Rewards) in einem Reinforcement-Learning-Kontext. Dies umfasst die Erstellung eines 'Interpolated Experience Replay' (IER) sowie die Implementierung eines Interpolation Components, der synthetische Erfahrungen generiert und in den Lernprozess integriert. Die Software wurde explizit für den Forschungszweck entwickelt und evaluiert (vgl. Abschnitt 3.3, 3.3.3, 3.3.4).",datenanalyse,0.9,,"Die Forschungssoftware dient primär der Datenanalyse im Kontext von Reinforcement Learning. Sie wird eingesetzt, um den Lernprozess durch synthetische Erfahrungen zu beschleunigen und die Effizienz der Datenauswertung zu erhöhen (vgl. Abstract, Abschnitt 1, 3.1, 3.3.4).",entwurf;implementierung;testen_qualitaetssicherung,0.9,,"Das Paper behandelt explizit den Entwurf der Interpolated Experience Replay (IER) als Erweiterung des Experience Replay (ER) in Abschnitt 3.1 und 3.2, wo die Idee und die Komponenten der Interpolation beschrieben werden. Die Implementierung wird in Abschnitt 3.3 detailliert beschrieben, inklusive der konkreten Umsetzung des IER, der Interpolation Component und der Anpassungen für das FrozenLake-v0-Experiment. Abschnitt 3.3.4 beschreibt die Evaluation des Ansatzes, was dem Testen und der Qualitätssicherung entspricht, da hier die Funktionsfähigkeit und Leistungsfähigkeit der implementierten Lösung überprüft wird.",library_package,0.8,simulation_framework,"Die Software umfasst Komponenten wie den Interpolation Component und das Interpolated Experience Replay, die als wiederverwendbare Bibliotheken oder Frameworks für Reinforcement-Learning-Aufgaben dienen könnten. Allerdings weist sie auch Merkmale eines 'simulation_framework' auf, da sie numerische und mathematische Komponenten zur Simulation von Agentenverhalten nutzt (vgl. Abschnitt 3.3.3, 3.3.4). Da 'library_package' näher an der expliziten Beschreibung liegt, wird diese Kategorie gewählt, aber 'simulation_framework' als neue Subkategorie vorgeschlagen.",python,0.7,,"Obwohl die Programmiersprache nicht explizit genannt wird, ist Python die dominierende Sprache in der Reinforcement-Learning-Forschung und wird implizit durch die Nutzung von OpenAI Gym (vgl. Abschnitt 3.3.1) und neuronalen Netzen nahegelegt. Eine explizite Nennung fehlt jedoch, daher die reduzierte Sicherheit.",testing,0.95,,"Die Software wurde technisch evaluiert, indem ihre Leistung in einem Experiment mit dem FrozenLake-v0-Umfeld gemessen wurde. Dies umfasst Benchmarks und den Vergleich der Lernkurven zwischen Standard-ER und IER (vgl. Abschnitt 3.3.4, Abb. 5).",,,data_science_pipeline,0.9,,"Die Entwicklung der Software folgt einer typischen Data-Science-/ML-Pipeline: Daten (Erfahrungen) werden gesammelt, ein Modell (Interpolation) wird angewendet, und die Ergebnisse werden evaluiert. Dies entspricht dem iterativen Prozess der Datenaufbereitung, Modellierung und Evaluation (vgl. Abschnitt 3.3, 3.3.3, 4)."
lni318/swm2021-04,lni318,swm2021-04.pdf,lni318/swm2021-04.pdf,A Toolkit for Social Service Engineering Ein digitaler Methodenbaukasten zur systematischen und interdisziplinären Gestaltung von Interaktionsarbeit,"Steven Lehmann, Christian Schlecht, Christian Zinke-Wehlmann",mistral-large-3-675b-instruct-2512,rse_typology_prompt_v1,run_1,1,0.95,"Die Publikation beschreibt detailliert die Entwicklung eines digitalen Methodenbaukastens ('Toolkit für Social Service Engineering'), der als Forschungssoftware einzustufen ist. Es handelt sich um eine eigene Entwicklung mit spezifischer Architektur (Microservices), Modulen (z.B. Methodenbaukasten, Role-Model-Canvas) und technischer Umsetzung (Python, Tornado, neo4j, MongoDB, PostgreSQL). Die Software dient der systematischen und interdisziplinären Gestaltung von Interaktionsarbeit und wurde explizit für Forschungszwecke im Projekt SO-SERVE entwickelt (vgl. Abschnitte 3, 4 und 5).",research_infrastructure_support,0.9,,"Die Software dient primär der Unterstützung von Software-Entwicklungsprozessen im Forschungsprojekt, insbesondere der systematischen Dokumentation, Integration von Methoden und Werkzeugen sowie der kollaborativen Arbeit (vgl. Abschnitte 3.1, 3.2, 4.1). Sie stellt eine Infrastruktur für die Gestaltung von Interaktionsarbeit bereit und ist damit keine direkte Datenerhebung, Analyse oder Intervention, sondern unterstützt den Forschungsprozess durch Bereitstellung von Entwicklungs- und Anwendungswerkzeugen.",projektdefinition;anforderungen;entwurf;implementierung;deployment_betrieb,0.9,,"Das Paper behandelt explizit die Projektdefinition (Motivation, Problemraum, Stakeholder-Bezug in Abschnitt 1 und 2), Anforderungen (Erhebung von Bedarfen und Methoden in Abschnitt 2.3 und 3), Entwurf (Architektur, Moduldesign in Abschnitt 3.1 und 3.2), Implementierung (technische Umsetzung in Abschnitt 4) und Deployment/Betrieb (Anwendungsfall in Abschnitt 5 und Ausblick auf praktische Erprobung). Die Phase 'testen_qualitaetssicherung' wird nicht explizit erwähnt, daher nicht ausgewählt.",full_stack_application,0.9,,"Die Software ist eine Full-Stack-Anwendung mit Backend (Python, Tornado, verschiedene Datenbanken) und Frontend (implizit durch REST-API und Socket-Verbindungen für Client-Interaktion, Abschnitt 4.1). Sie umfasst mehrere Module (Administrationsmodul, Methodenbaukasten, Role-Model-Canvas) und bietet kollaborative Workspaces (Abschnitt 3.2).",python;sql_db,0.95,,"Die Backends der Module wurden in Python implementiert (Abschnitt 4.1), und es werden verschiedene Datenbanktechnologien verwendet: PostgreSQL (Administrationsmodul), MongoDB (Role-Model-Canvas) und neo4j (Methodenbaukasten) (Abschnitt 4.1 und 4.2).",conceptual_evaluation;planned,0.8,,"Das Paper beschreibt eine konzeptionelle Evaluation (Abschnitt 5: Anwendungsfall als Nutzungsszenario, Rückmeldungen der Praxis) und plant eine zukünftige praktische Erprobung (Abschnitt 6: 'muss sich das Toolkit erst noch bewähren'). Technische Tests ('testing') oder empirische Studien ('empirical_study') werden nicht explizit genannt, daher nicht ausgewählt.",,,classical_se,0.85,,"Die Entwicklung folgt einem klassischen Software-Engineering-Ansatz mit Anforderungsanalyse (z.B. Bedarfe der Akteure, Abschnitt 2.3), Architekturdesign (Microservices, Abschnitt 3.1 und 4.1) und modularer Umsetzung (Methodenbaukasten, Role-Model-Canvas, Abschnitt 3.2 und 3.3). Zudem wird die technische Umsetzung detailliert beschrieben, inklusive CRUD-Funktionalitäten und Kommunikation zwischen Modulen (Abschnitt 4.1 und 4.2)."
lni33/GI-Proceedings.33-1,lni33,GI-Proceedings.33-1.pdf,lni33/GI-Proceedings.33-1.pdf,Data Envelopment Analysis zur Unterstützung der Auswahl und Einführung von ERP-Systemen,"Edward Bernroider, Michael Hahsler, Stefan Koch, Volker Stix",mistral-large-3-675b-instruct-2512,rse_typology_prompt_v1,run_1,0,1.0,"Die Publikation beschreibt die Anwendung der Data Envelopment Analysis (DEA) zur Unterstützung der Auswahl und Einführung von ERP-Systemen. Es wird keine eigene Forschungssoftware entwickelt, erweitert oder maßgeblich angepasst. Stattdessen wird eine bestehende Methode (DEA) auf einen neuen Anwendungsbereich (ERP-Systeme) angewendet, ohne dass Quellcode, Algorithmen oder Softwareartefakte im Sinne von Forschungssoftware erstellt oder beschrieben werden. Die Nutzung des DEA-Solvers (erwähnt in Abschnitt 4) ist die Anwendung einer Standardsoftware ohne eigene Entwicklungsleistung.",,,,,,,,,,,,,,,,,,,,,,,,,,
lni360/B8-2,lni360,B8-2.pdf,lni360/B8-2.pdf,Kind Controllers and Fast Heuristics for Non-Well-Separated GR(1) Speciﬁcations,"Ariel Gorenstein , Shahar Maoz , and Jan Oliver Ringert This abstract reports on [GMRa] where we address non-well-separation, a known quality",mistral-large-3-675b-instruct-2512,rse_typology_prompt_v1,run_1,1,0.95,"Die Publikation beschreibt die Implementierung der vorgeschlagenen Ansätze in 'Spectra Tools' ([MR21]), einem bestehenden Framework für die Spezifikation und Synthese reaktiver Systeme. Zudem wird ein Supporting Artifact ([GMR24b]) unter einer DOI bereitgestellt, das die Forschungssoftware zugänglich macht. Die Entwicklung der Algorithmen und Heuristiken sowie deren Integration in ein existierendes Toolkit belegen eigene Entwicklungsleistung im Sinne von Forschungssoftware.",formal_verification,0.95,,"Die Software dient der formalen Verifikation und Synthese von GR(1)-Spezifikationen, wie im Abstract und Text explizit beschrieben ('kind controller', 'sound and complete', 'realizability checking'). Dies ist eine spezifische Form der formalen Beweisführung und Verifikation.",entwurf;implementierung;testen_qualitaetssicherung,0.9,,"Das Paper behandelt den Entwurf (Design) von Algorithmen und Heuristiken für GR(1)-Spezifikationen, insbesondere die Reduktion auf 'kind controllers' und die Entwicklung von Heuristiken zur Detektion von Non-Well-Separation (NWS). Die Implementierung wird explizit erwähnt ('We have implemented our ideas in Spectra Tools'), ebenso wie die Evaluation der Ansätze auf Benchmarks, was Testen/Qualitätssicherung einschließt (z. B. 'sound and complete', 'experiments show').",library_package,0.9,,"Die Implementierung erfolgte in 'Spectra Tools' ([MR21]), einem Framework, das als Bibliothek oder Toolkit für die Spezifikation und Synthese reaktiver Systeme dient. Die Erweiterungen (Heuristiken, Algorithmen) sind in dieses bestehende Paket integriert.",java_jvm,0.7,,"Obwohl der Techstack nicht explizit genannt wird, ist 'Spectra Tools' ([MR21]) ein bekanntes Framework für GR(1)-Synthese, das typischerweise in Java implementiert ist. Dies ist eine plausible Annahme basierend auf der Domäne und den Autoren, aber nicht explizit im Text belegt.",testing,0.95,,"Die Evaluation der Software erfolgt durch Benchmarks und Experimente auf bekannten Benchmarks (z.B. SYNTECH), um die Performanz und Korrektheit der Algorithmen zu überprüfen ('our experiments show', 'performance overhead'). Dies entspricht dem Testen der funktionalen Korrektheit und Robustheit.",,,formal_methods,0.95,,"Die Entwicklung basiert auf formalen Methoden, insbesondere der Spezifikation, Verifikation und beweisgestützten Synthese von Controllern für GR(1)-Spezifikationen. Dies wird durch die theoretischen Ausführungen und die Bezugnahme auf formale Eigenschaften ('sound and complete') belegt."
lni28/GI-Proceedings.28-13,lni28,GI-Proceedings.28-13.pdf,lni28/GI-Proceedings.28-13.pdf,"Lessons Learned from Implementing Experience Factories in Software Organizations Mikael Lindvall and Ioana Rus Fraunhofer Center for Experimental Software Engineering Maryland (FC-MD) University of Maryland, 4321 Hartwick Rd. Suite 500, College Park, MD 20742",,mistral-large-3-675b-instruct-2512,rse_typology_prompt_v1,run_1,0,0.9,"Die Publikation beschreibt die Anwendung des Experience Factory (EF)-Ansatzes zur Erfahrungssammlung und -verwaltung in Softwareorganisationen. Es werden Methoden, Tools und Lessons Learned vorgestellt, jedoch keine eigene Forschungssoftware im Sinne von Quellcode, Algorithmen, Skripten oder ausführbaren Programmen, die zu einem Forschungszweck entwickelt oder angepasst wurden. Die genannten Tools wie 'Answer Garden' oder 'eWorkshop' werden als Konzepte oder Ansätze beschrieben, aber nicht als konkrete Softwareartefakte, die im Rahmen der Forschung entwickelt wurden.",,,,,,,,,,,,,,,,,,,,,,,,,,
Modellierung_2022_WS/paper12 (3),Modellierung_2022_WS,paper12 (3).pdf,Modellierung_2022_WS/paper12 (3).pdf,"J. Michael, J. Pfeiffer, A. Wortmann (Hrsg.): Modellierung 2022 Satellite Events,","Digital Library, Gesellschaft für Informatik e.V. Digital Shadows for Cross-Organizational Data Exchange István Koren",mistral-large-3-675b-instruct-2512,rse_typology_prompt_v1,run_1,0,0.9,"Die Publikation diskutiert konzeptionell die Erweiterung eines Metamodells für digitale Schatten (Digital Shadows) zur Unterstützung von organisationsübergreifendem Datenaustausch. Es wird keine eigene Forschungssoftware im Sinne von Quellcode, Algorithmen, Skripten oder ausführbaren Programmen entwickelt, angepasst oder beschrieben. Stattdessen liegt der Fokus auf der konzeptionellen Modellierung und der Vision für zukünftige Implementierungen (z.B. Code-Generierung von Schnittstellenbeschreibungssprachen wie OpenAPI/GraphQL). Explizite Hinweise auf konkrete Softwareartefakte fehlen.",,,,,,,,,,,,,,,,,,,,,,,,,,
lni300/SE-2020-Komplettband,lni300,SE-2020-Komplettband.pdf,lni300/SE-2020-Komplettband.pdf,,,mistral-large-3-675b-instruct-2512,rse_typology_prompt_v1,run_1,0,1.0,"Die Publikation enthält keine eigenen Entwicklungen von Forschungssoftware. Es werden Studien, Umfragen und Analysen zu Softwareentwicklungsmethoden, Produkt-Roadmapping und Nutzerfeedback in der kontinuierlichen Softwareentwicklung vorgestellt, aber keine konkrete Forschungssoftware beschrieben oder entwickelt.",,,,,,,,,,,,,,,,,,,,,,,,,,
lni52/GI.-.Proceedings.52-53,lni52,GI.-.Proceedings.52-53.pdf,lni52/GI.-.Proceedings.52-53.pdf,Explorationen und kooperative Explorationen – interaktive Medien für die Ausbildung in technischen Fächern,Olaf Nowaczyk,mistral-large-3-675b-instruct-2512,rse_typology_prompt_v1,run_1,,,,,,,,,,,,,,,,,,,,,,,,pdf_extraction_failed,,,,,
lni136/189,lni136,189.pdf,lni136/189.pdf,Lightweight Comparison of RNAs Based on Exact Sequence-Structure Matches,"Steffen Heyne, Sebastian Will, Michael Beckstette, Rolf Backofen",mistral-large-3-675b-instruct-2512,rse_typology_prompt_v1,run_1,1,1.0,"Die Publikation beschreibt die Entwicklung und Implementierung des Programms 'expaRNA', das als Forschungssoftware zur RNA-Sequenz-Struktur-Vergleichsmethode dient. Die Software ist öffentlich verfügbar und wurde explizit für den Forschungszweck entwickelt (vgl. Abstract: 'The proposed algorithm is implemented in the program expaRNA, which is available from our website').",datenanalyse,1.0,,"Die Software 'expaRNA' wird primär zur Datenanalyse eingesetzt, um RNA-Sequenzen und -Strukturen zu vergleichen und gemeinsame Substrukturen zu identifizieren (vgl. Abstract: 'computes the longest colinear sequence of substructures common to two RNAs').",implementierung;testen_qualitaetssicherung;deployment_betrieb,0.9,,"Die Publikation beschreibt explizit die Implementierung des Algorithmus im Tool 'expaRNA' (Implementierung). Es werden Experimente durchgeführt, um die Performance und Korrektheit der Software zu analysieren, was dem Testen/Qualitätssicherung entspricht. Zudem wird die Verfügbarkeit der Software auf einer Website erwähnt (Deployment/Betrieb).",library_package,0.9,,"Die Software 'expaRNA' wird als eigenständiges Programm implementiert, das als Werkzeug zur RNA-Analyse genutzt wird und mit anderen Paketen wie dem Vienna RNA Package interagiert (vgl. Abschnitt 'Results': 'These figures are produced from expaRNA by interacting with the Vienna RNA Package'). Dies deutet auf eine Bibliothek oder ein Paket hin, das in größere Analysetools integriert werden kann.",c_cpp,0.5,,"Die Publikation nennt keine explizite Programmiersprache. Allerdings ist die RNA-Analyse-Software 'RNAforester', die im Text erwähnt wird, in C++ implementiert (vgl. Literaturverzeichnis [HTGK03]), und es ist üblich, solche bioinformatischen Tools in C/C++ zu entwickeln. Eine explizite Nennung fehlt jedoch, daher geringe Sicherheit.",testing,1.0,,"Die Software wird technisch evaluiert, indem ihre Ergebnisse mit bestehenden Methoden ('RNA align' und 'RNAforester') verglichen werden. Es wird die Anzahl der gefundenen exakten Matches und die Laufzeit analysiert (vgl. Tabelle 1 und Abschnitt 'Results'). Dies entspricht einem Benchmark-Test zur Überprüfung der funktionalen Korrektheit und Performanz.",,,classical_se,0.8,,"Die Entwicklung der Software folgt einem klassischen Software-Engineering-Ansatz mit Algorithmenentwicklung, Komplexitätsanalyse und Implementierung (vgl. Abschnitte 'Exact Pattern Matchings and Longest Common Subsequences of Two RNA Secondary Structures' und 'Complexity'). Explizite Nennung von Anforderungsanalyse oder Testmethoden fehlt, aber der systematische Aufbau deutet auf plangetriebene Entwicklung hin."
lni220/1821,lni220,1821.pdf,lni220/1821.pdf,"Encapsulated Models for Reasoning and Decision Support Ivana ˇCaˇce1, John-Jules Ch. Meyer1,2, C.R.C. Pieterman3, G.D. Valk3 1 Alan Turing Institute Almere",Louis Armstrongweg RL Almere The Netherlands,mistral-large-3-675b-instruct-2512,rse_typology_prompt_v1,run_1,1,0.9,"Die Publikation beschreibt die Entwicklung eines eigenen Klassifikationsalgorithmus, der medizinisches Domänenwissen in Form einer sigmoiden Funktion (Gl. 1 und 2) encapsuliert, um eine Entscheidungsunterstützung für die Diagnose von PHPT zu liefern. Dieser Algorithmus wurde explizit für den Forschungszweck entwickelt, implementiert und evaluiert (Abschnitt 4, 4.2, 4.4). Zudem wird die Verwendung eines Decision-Tree-Algorithmus (Moku) erwähnt, der auf den gleichen Daten trainiert wurde, aber mit der neuen, encapsulierten Variable 'd' arbeitet. Die Software ist somit ein zentrales Artefakt der Forschung und geht über die bloße Anwendung von Standardsoftware hinaus.",datenanalyse,0.95,,"Die entwickelte Software dient primär der Datenanalyse, insbesondere der Klassifikation von Patientendaten zur Unterstützung medizinischer Entscheidungen. Dies wird in Abschnitt 1 (Einleitung) und Abschnitt 4 (Encapsulated Models for Machine Learning) explizit beschrieben, wo die Software zur Vorhersage von OP-Notwendigkeiten eingesetzt wird.",entwurf;implementierung;testen_qualitaetssicherung,0.9,,Das Paper behandelt explizit den Entwurf der Software durch die Modellierung der sigmoiden Beziehung zwischen Calcium und PTH (Abschnitt 4.2) sowie die Kapselung dieses Modells in eine Variable 'd'. Die Implementierung wird durch die Beschreibung der Berechnung von 'd' und die Nutzung des Moku-Baumalgorithmus (Abschnitt 4.3 und 4.4) belegt. Testen und Qualitätssicherung werden durch die Evaluation der Klassifikationsgenauigkeit (90% auf Test- und Trainingsdaten) sowie den Vergleich mit früheren Modellen (Abschnitt 4.4 und 5) adressiert.,numerical_mathematical,0.9,,"Die Software umfasst die Implementierung einer sigmoiden Funktion (Gl. 1 und 2) sowie die iterative Berechnung der Variable 'd', die als Maß für die Abweichung von Normalwerten dient. Diese Berechnungen sind numerisch/mathematisch fokussiert und bilden den Kern der Software (Abschnitt 4.2, 4.2.1). Zudem wird ein Decision-Tree-Algorithmus verwendet, der jedoch auf den berechneten Werten aufbaut.",r_lang,0.8,,"Die Publikation erwähnt explizit die Verwendung von R für die Berechnung des AUC (Area Under the Curve) und die Validierung der Parameter mittels Bootstrapping (Abschnitt 4.2.1: 'computed in R with the ROCR [SSBL05] package'). Weitere Programmiersprachen oder Technologien werden nicht genannt, daher ist der Techstack auf R beschränkt.",testing,0.9,,"Die Software wird technisch evaluiert, indem die Genauigkeit (Accuracy) des Decision Trees auf Trainings- und Testdaten gemessen wird (Abschnitt 4.4: 'The decision tree in Figure 6 has an accuracy of 90%, on both the test and trainings-set.'). Zudem wird die Vorhersagekraft der Variable 'd' mittels AUC bewertet (Abschnitt 4.2.1), was als technischer Nachweis der Funktionalität der Software gewertet werden kann.",,,model_driven_optimization,0.9,,"Die Entwicklung der Software basiert auf einem mathematischen Modell (sigmoide Funktion, Gl. 1 und 2), das die Beziehung zwischen Calcium und PTH beschreibt. Die Parameter dieses Modells wurden durch eine brute-force-Optimierung angepasst (Abschnitt 4.2.1), was auf eine modellgetriebene Optimierung als zentrales Vorgehen hindeutet. Zudem wird die Methodik der Datenvorbereitung und Diskretisierung beschrieben, die eng mit dem Modell verbunden ist."
lni175/527,lni175,527.pdf,lni175/527.pdf,Social networks evolving into service platforms -the Facebook-case from a business model viewpoint,Nico Weiner,mistral-large-3-675b-instruct-2512,rse_typology_prompt_v1,run_1,0,1.0,"Die Publikation analysiert das Geschäftsmodell von Facebook aus einer betriebswirtschaftlichen Perspektive. Es werden keine eigenen Quellcode-Dateien, Algorithmen, Skripte, Workflows, Bibliotheken oder ausführbare Programme entwickelt, erweitert oder angepasst. Die Erwähnung von Technologien wie der Open Graph Protocol oder APIs dient lediglich der Beschreibung des bestehenden Facebook-Systems und nicht der Entwicklung oder Anpassung von Forschungssoftware.",,,,,,,,,,,,,,,,,,,,,,,,,,
lni223/43,lni223,43.pdf,lni223/43.pdf,Secure Hardware-Based Public Cloud Storage,"Bernd Zwattendorfer, Bojan Suzic, Peter Teufl, Andreas Derler",mistral-large-3-675b-instruct-2512,rse_typology_prompt_v1,run_1,1,0.95,"Die Publikation beschreibt die Entwicklung und Erweiterung der CCE (Citizen Card Encrypted) Software, die als Middleware für sichere Verschlüsselung und Speicherung von Daten in der Public Cloud dient. Die Software wurde explizit für Forschungszwecke angepasst und erweitert, um cloudbasierte Speicherlösungen zu unterstützen (vgl. Abschnitt 4: 'Architecture and Implementation').",research_infrastructure_support,0.9,,Die CCE-Software dient primär der Unterstützung von sicheren Datenmanagementprozessen in der Cloud und stellt eine Infrastruktur für die Verschlüsselung und sichere Speicherung von Forschungsdaten bereit. Dies entspricht der Bereitstellung einer Entwicklungsinfrastruktur für Forschungszwecke (vgl. Abschnitt 3.2: 'CCE allows for the encryption and decryption of arbitrary data and the management of files or directories both for single and multiple users').,entwurf;implementierung;deployment_betrieb,0.9,,"Das Paper behandelt explizit den Entwurf (Architektur in Abschnitt 4.1), die Implementierung (Abschnitt 4.2 mit Details zur Erweiterung der CCE-Software, OAuth-Integration und WatchServices) sowie Deployment/Betrieb (Abschnitt 4.2 beschreibt die Integration in das Betriebssystem und die automatische Synchronisation mit Cloud-Diensten). Anforderungen und Testen/Qualitätssicherung werden nicht detailliert behandelt, obwohl die Evaluation (Abschnitt 5) teilweise Aspekte der Qualitätssicherung berührt.",middleware_service,0.95,,"Die CCE-Software fungiert als Middleware zwischen dem lokalen System und Cloud-Speicheranbietern, indem sie Verschlüsselungs- und Entschlüsselungsdienste bereitstellt (vgl. Abschnitt 3.2: 'CCE relies on the well-known and established S/MIME standard as container format for storing data'). Dies entspricht der Definition von Middleware als verbindende Schicht zwischen Systemen.",java_jvm,0.7,,"Obwohl die Publikation keine explizite Programmiersprache nennt, wird die CCE-Software als 'platform-independent and open source software' beschrieben (vgl. Abschnitt 3.2). Da die österreichische Bürgerkarte auf Java-basierten Smart-Card-Technologien aufbaut und die Software modular für verschiedene Cloud-Anbieter erweitert wurde, ist die Verwendung von Java oder einer JVM-Sprache naheliegend, aber nicht explizit belegt.",testing,0.9,,"Die Evaluation der CCE-Software erfolgt durch einen Vergleich mit anderen Middleware-Lösungen hinsichtlich Verschlüsselungs- und Sharing-Features (vgl. Abschnitt 5: 'Evaluation'). Dies umfasst technische Vergleiche und implizit funktionale Tests, um die Überlegenheit der Lösung zu demonstrieren.",,,classical_se,0.85,,"Die Entwicklung der CCE-Software folgt einem klassischen Software-Engineering-Ansatz mit klarer Anforderungsanalyse (z.B. sichere Verschlüsselung, Unterstützung mehrerer Cloud-Anbieter), Architekturdefinition (vgl. Abschnitt 4.1) und Implementierungserweiterungen (vgl. Abschnitt 4.2). Die Modularität und Erweiterbarkeit der Software deuten auf einen plangetriebenen Entwicklungsprozess hin."
lni225/97,lni225,97.pdf,lni225/97.pdf,Difference-based Conformance Checking for Ecore Metamodels,"Erik Burger, Aleksandar Toshovski",mistral-large-3-675b-instruct-2512,rse_typology_prompt_v1,run_1,1,0.95,"Die Publikation beschreibt die Entwicklung eines 'Compliance Validators' als Eclipse-Plug-in, der zur Überprüfung der Konformität zwischen Ecore-Metamodellen dient. Dieser wurde explizit für Forschungszwecke im Bereich Model-Driven Engineering entwickelt und implementiert (vgl. Abstract, Section 3 'Technical Realization' und Section 4 'Evaluation').",research_infrastructure_support,0.9,,"Die Software dient der Unterstützung von Software-Entwicklungsprozessen, insbesondere der Validierung von Metamodell-Konformität, und ist damit eine Infrastruktur für Forschungs- und Entwicklungsprojekte (vgl. Abstract: 'to determine whether existing metamodels can be re-used in scenarios where metamodels are generated automatically' und Section 3: 'The main component Compliance Validator contains the logic for checking the conformance relation').",entwurf;implementierung;testen_qualitaetssicherung,0.9,,"Das Paper behandelt explizit den Entwurf (Design) der Conformance-Relation und der Regelbasis für die Differenzanalyse (Abschnitt 2 und 3). Die Implementierung wird detailliert beschrieben, inklusive der Nutzung von EMF Compare, Drools und der Eclipse-Plug-in-Architektur (Abschnitt 3). Zudem wird die Qualitätssicherung durch JUnit-Tests zur Validierung der Change-Operatoren-Abdeckung (Abschnitt 4.1) sowie durch praktische Tests mit dem ModelJoin-Tool (Abschnitt 4.2) adressiert. Die Phasen 'projektdefinition' und 'anforderungen' sind nicht explizit belegt, ebenso wenig wie 'deployment_betrieb', obwohl die Software als Eclipse-Plug-in betrieben wird.",plugin_extension,0.95,,Die Software ist als 'plug-in for the Eclipse framework' implementiert (vgl. Abstract und Section 3: 'It has been implemented as an Eclipse plug-in').,java_jvm,0.95,,"Die Implementierung erfolgt als Eclipse-Plug-in, was auf Java/JVM-Sprachen hindeutet (vgl. Section 3: 'The main component Compliance Validator contains the logic for checking the conformance relation [...] implemented as an Eclipse plug-in'). Zudem wird EMF Compare und Drools (Java-basiert) verwendet.",testing,0.9,,"Die Evaluation erfolgt durch ein JUnit-Testsuite, die die Abdeckung aller Change-Operatoren des Katalogs von Herrmannsdörfer et al. überprüft (vgl. Section 4.1: 'To evaluate the completeness of the compliance validator, we wrote a JUnit test suite that applied each of the change operations to an example metamodel').",,,classical_se,0.85,,"Die Entwicklung folgt einem klassischen Software-Engineering-Ansatz mit Anforderungsanalyse (vgl. Section 2 'Concept'), Architektur (vgl. Figure 2 und Section 3 'Technical Realization') und Implementierung als Eclipse-Plug-in. Zudem wird ein regelbasiertes System (Drools) verwendet, was auf eine strukturierte, plangetriebene Methodik hindeutet."
lni163/84,lni163,84.pdf,lni163/84.pdf,RFID-gestützte Medikation im Krankenhaus: Ein Erfahrungsbericht,"Diane Auer, Markus Bick, Björn Kabisch, Tyge-F. Kummer Wirtschaftsinformatik",mistral-large-3-675b-instruct-2512,rse_typology_prompt_v1,run_1,0,0.95,"Die Publikation beschreibt die prototypische Umsetzung eines RFID-gestützten Medikationsunterstützungssystems am Universitätsklinikum Jena. Dabei wird zwar die Entwicklung einer Benutzerschnittstelle und die Anpassung der Hardwareimplementierung erwähnt, jedoch handelt es sich um die Anwendung und Anpassung bestehender RFID-Technologie (Tags, Lesegeräte, WLAN-Verbindung) und kommerzieller Software (z.B. von Intel und SAP). Es gibt keine Hinweise auf die Entwicklung eigener Forschungssoftware im Sinne von Quellcode, Algorithmen oder maßgeblich angepasster Software für einen Forschungszweck. Die Anpassungen beschränken sich auf die Konfiguration und Integration vorhandener Systeme.",,,,,,,,,,,,,,,,,,,,,,,,,,
lni337/02_05_13_Kruse,lni337,02_05_13_Kruse.pdf,lni337/02_05_13_Kruse.pdf,"Herausgeber et al. (Hrsg.): Workshop KI-Bildung, Lecture Notes in Informatics (LNI), Gesellschaft für Informatik, Bonn 2023 1 Learning with ALeA: Tailored experiences through annotated course material","Theresa Kruse , Marc Berges , Jonas Betzendahl , Michael Kohlhase",mistral-large-3-675b-instruct-2512,rse_typology_prompt_v1,run_1,1,0.95,"Die Publikation beschreibt ALeA, ein adaptives Lernassistenzsystem (ITS), das auf semantisch annotiertem Kursmaterial basiert. Die Entwicklung umfasst eigene Softwarekomponenten wie einen Content Object Server, Learning Object Server, Learner Model Server und eine Benutzeroberfläche. Zudem wird das STEX-System für die Annotation von Kursmaterialien verwendet, das explizit als LATEX-Paket mit Makros und Umgebungen für Wissensannotationen genannt wird. Diese Komponenten und Systeme sind maßgeblich für den Forschungszweck entwickelt und angepasst worden.",human_facing_intervention,0.9,,"ALeA ist ein System, mit dem Lernende interagieren, um individuell angepasste Lernerfahrungen zu erhalten. Dies entspricht der Definition einer mensch-zugewandten Intervention (vgl. Abstract: 'adaptive learning assistant for university courses' und Abschnitt 2: 'ALeA’s main features for learners').",entwurf;implementierung;testen_qualitaetssicherung;deployment_betrieb,0.9,,"Das Paper behandelt explizit den Entwurf (z. B. Architekturkomponenten wie Student Module, Expert Module, Pedagogical Module, Content Object Server, Learning Object Server und Learner Model Server), die Implementierung (konkrete Umsetzung in Code, z. B. Nutzung von STEX für Annotation, Generierung von HTML-basierten Lernmaterialien, Flashcards, Quizzes), Testen/Qualitätssicherung (z. B. Nutzung von Quizzes und Flashcards zur Selbstüberprüfung der Lernenden, die auch das Learner Model aktualisieren) und Deployment/Betrieb (bereits für ≥1000 Studierende in sechs Kursen im Einsatz, laufende Nutzung und Wartung). Anforderungen werden nur indirekt erwähnt, Projektdefinition ist nicht detailliert beschrieben.",full_stack_application,0.9,,"ALeA umfasst eine webbasierte Benutzeroberfläche (HTML-basiertes Kursmaterial) sowie Backend-Komponenten wie den Content Object Server, Learning Object Server und Learner Model Server. Dies entspricht einer Full-Stack-Anwendung (vgl. Abschnitt 1: 'user interface' und Abschnitt 2: 'course material as HTML').",javascript_web;xml_xsd,0.8,latex_stex,"Die Publikation erwähnt explizit die Nutzung von HTML für Kursmaterialien, was auf JavaScript/TypeScript hindeutet (vgl. Abschnitt 2: 'course material as HTML'). Zudem wird das STEX-System als LATEX-Paket für semantische Annotationen verwendet (Abschnitt 3.1: 'STEX is a LATEX package'). XML-Technologien sind implizit durch die Annotation von Kursmaterialien und die Nutzung von Ontologien gegeben (Abschnitt 1: 'ontology of abstract concepts'). Da LATEX/STEX nicht in den vorgegebenen Kategorien enthalten ist, wird 'latex_stex' als neue Subkategorie vorgeschlagen.",usability_study;empirical_study,0.7,,"Die Publikation erwähnt, dass ALeA für über 1000 Studierende in sechs Informatik-Kursen eingesetzt wird (Abschnitt 1: 'currently deployed for ≥1000 students in six computer science courses'). Dies deutet auf eine empirische Studie hin, da das System in einem realen Bildungskontext evaluiert wird. Zudem werden Lernfortschritte und Nutzerinteraktionen analysiert, was auf Usability-Studien hindeutet (Abschnitt 2: 'learner’s dashboard' und Abschnitt 3.2: 'instructor dashboard').",,,classical_se,0.8,,"Die Entwicklung von ALeA folgt einer strukturierten Vorgehensweise mit klaren Komponenten (Student Module, Expert Module, Pedagogical Module, User Interface), was auf ein klassisches Software-Engineering hindeutet (vgl. Abschnitt 1: 'encompasses the components of intelligent tutoring systems (ITSs)'). Zudem wird die Annotation von Kursmaterialien systematisch durchgeführt (Abschnitt 3.1: 'Domain and Learning Object Modeling')."
lni329/23-BIOSIG_2022_paper_4,lni329,23-BIOSIG_2022_paper_4.pdf,lni329/23-BIOSIG_2022_paper_4.pdf,"A. Br¨omme, N. Damer, M. Gomez-Barrero, K. Raja, C. Rathgeb, A. Sequeira, M. Todisco, and A. Uhl (Eds.): BIOSIG 2022, Lecture Notes in Informatics (LNI), Gesellschaft f¨ur Informatik, Bonn 2022 Sub-byte quantization of Mobile Face Recognition Convolutional Neural Networks","Sebastian Bunda, Luuk Spreeuwers, Chris Zeinstra",mistral-large-3-675b-instruct-2512,rse_typology_prompt_v1,run_1,1,0.95,"Die Publikation beschreibt die Entwicklung und Anpassung von QMobileFaceNet, einer quantisierten Version von MobileFaceNet, unter Verwendung von QKeras für sub-byte Quantisierung. Dies stellt eine maßgebliche Anpassung und Erweiterung bestehender Software (MobileFaceNet, QKeras) für den Forschungszweck der Gesichtserkennung mit reduzierter Rechenlast dar. Die Software wird explizit als Forschungsbeitrag präsentiert und evaluiert (z.B. in Experimenten zur Genauigkeit und Diskriminierbarkeit).",datenanalyse,0.95,,"Die Software dient primär der Datenanalyse, insbesondere der Gesichtserkennung mittels quantisierter neuronaler Netze. Dies wird durch die Evaluation auf Datensätzen wie LFW und AgeDB-30 sowie die Analyse der Diskriminierbarkeit der Feature-Vektoren belegt (vgl. Abstract, Abschnitt 2.1, 3).",entwurf;implementierung;testen_qualitaetssicherung,0.9,,"Das Paper behandelt explizit den Entwurf der quantisierten Version von MobileFaceNet (z. B. Anpassungen der Architektur wie Entfernen von Batch-Normalization, Nutzung von ReLU statt PReLU, Tab. 1 und Abschnitt 2.2). Die Implementierung wird durch die Nutzung von QKeras für sub-byte Quantisierung und die konkrete Umsetzung der quantisierten Netzwerke beschrieben (Abschnitt 2.3). Zudem wird die Qualitätssicherung durch Quantization Aware Training (QAT), Post-Training Quantization (PTQ) und Evaluierung der Genauigkeit (z. B. Tab. 2, Abb. 1) adressiert. Es gibt keine expliziten Hinweise auf Projektdefinition, Anforderungen oder Deployment/Betrieb.",deep_learning_model,0.9,,"Das zentrale Artefakt ist ein trainiertes und quantisiertes Deep-Learning-Modell (MobileFaceNet/QMobileFaceNet), das für die Gesichtserkennung optimiert wurde. Die Publikation beschreibt die Anpassung des Modells und dessen Evaluation (vgl. Abstract, Abschnitt 2.2, 3).",python,0.9,,"Die Nutzung von QKeras (Abschnitt 1, 2.2) und TensorFlow (Abschnitt 1) deutet auf Python als primäre Programmiersprache hin. QKeras ist eine Erweiterung für TensorFlow/Keras, die in Python implementiert ist.",testing,0.95,,"Die Software wird durch technische Evaluationen (Genauigkeit auf LFW und AgeDB-30, ROC-Kurven, t-SNE-Analysen) auf ihre funktionale Korrektheit und Performanz geprüft. Dies entspricht dem 'testing'-Ansatz (vgl. Abschnitt 3, Tabelle 2, Abbildungen 1, 2, 4).",,,data_science_pipeline,0.95,,"Die Entwicklung folgt einer typischen Data-Science-Pipeline: Training des Modells (MobileFaceNet) mit CASIA-Webface-Datensatz, Quantisierung der Gewichte und Aktivierungen, Evaluation der Genauigkeit und Diskriminierbarkeit. Dies wird explizit in den Abschnitten 2.2, 2.3 und 3 beschrieben."
lni326/industrial_07,lni326,industrial_07.pdf,lni326/industrial_07.pdf,,,mistral-large-3-675b-instruct-2512,rse_typology_prompt_v1,run_1,0,1.0,"Die Publikation behandelt die Einführung und Analyse von Cybersecurity-Standards für industrielle Kontrollsysteme (IACS) in Kernkraftwerken. Es wird keine eigene Forschungssoftware entwickelt, angepasst oder beschrieben. Der Fokus liegt auf der Diskussion von Standards, deren Koordination und Implementierung, nicht auf der Erstellung oder Nutzung von Software im Sinne von Forschungssoftware.",,,,,,,,,,,,,,,,,,,,,,,,,,
lni123/136,lni123,136.pdf,lni123/136.pdf,Objektinformationsbedarfe und RFID-Nutzenpotenziale in Reverse Logistics,"Lars Thoroe, Matthias Schumann",mistral-large-3-675b-instruct-2512,rse_typology_prompt_v1,run_1,0,1.0,"Die Publikation beschäftigt sich mit der Analyse von Objektinformationsbedarfen und RFID-Nutzenpotenzialen in der Reverse Logistics. Es werden keine eigenen Quellcode-Dateien, Algorithmen, Skripte, rechnergestützte Arbeitsabläufe (Workflows), Bibliotheken oder ausführbare Programme beschrieben, die zu einem Forschungszweck erstellt, erweitert oder maßgeblich angepasst wurden. Die Diskussion bleibt auf konzeptioneller und theoretischer Ebene ohne explizite Erwähnung von Forschungssoftware.",,,,,,,,,,,,,,,,,,,,,,,,,,
lni216/237,lni216,237.pdf,lni216/237.pdf,D-VITA: A Visual Interactive Text Analysis System Using Dynamic Topic Mining,Nikou Günnemann,mistral-large-3-675b-instruct-2512,rse_typology_prompt_v1,run_1,1,0.95,"Die Publikation beschreibt D-VITA, ein interaktives Textanalysesystem, das auf dynamischem Topic Mining basiert. Die Software wurde explizit entwickelt, um die Ergebnisse von dynamischem LDA (Latent Dirichlet Allocation) zu visualisieren und Nutzern die Interaktion mit diesen Ergebnissen zu ermöglichen. Die Architektur umfasst eine Daten-, Anwendungs- und Präsentationsschicht, wobei die Anwendungsschicht in Online- und Offline-Komponenten unterteilt ist. Die Implementierung basiert auf Apache Tomcat und nutzt Java-Technologien. Dies erfüllt die Kriterien für Forschungssoftware, da es sich um ein eigenes, für Forschungszwecke entwickeltes System handelt.",visualisierung_dissemination,0.95,,"D-VITA dient primär der Visualisierung und Dissemination von Topic-Mining-Ergebnissen. Dies wird explizit im Abstract ('visualizing the topic dynamics within document collections') und in Abschnitt 3.3 ('Presentation Layer') beschrieben, wo die Visualisierung von Themen, Dokumenten und Wortanalysen im Vordergrund steht.",entwurf;implementierung;deployment_betrieb,0.9,,"
        - **Entwurf**: Das Paper beschreibt detailliert die Systemarchitektur von D-VITA in drei Schichten (Daten-, Anwendungs- und Präsentationsschicht) sowie die Modellierung der dynamischen Topic-Mining-Algorithmen (z. B. dynamisches LDA). Dies entspricht dem Entwurf/Design der Software.
        - **Implementierung**: Die konkrete Umsetzung wird beschrieben, z. B. die Nutzung von Apache Tomcat, Java Servlets, JavaServer Pages, Middleware und Datenbankanbindung. Auch die Integration von LDA-Algorithmen und die Vorverarbeitung der Daten (Stemming, Stop-Word-Listen) sind Teil der Implementierung.
        - **Deployment/Betrieb**: Das Paper erwähnt den Einsatz von D-VITA in der TEL-Map-Produktionsumgebung mit verschiedenen Datenbanken (DB2, Oracle) und berichtet über Laufzeitmetriken im Betrieb. Zudem wird die Bereitstellung als Webanwendung beschrieben, was auf Deployment und Betrieb hindeutet.
        - **Keine expliziten Hinweise** auf Projektdefinition (nur Motivation, aber keine formale Definition) oder Anforderungen (keine systematische Erhebung/Spezifikation). Testen/Qualitätssicherung wird nur am Rande erwähnt (Laufzeitmetriken, aber keine Teststrategien).
      ",full_stack_application,0.9,,"D-VITA ist eine Full-Stack-Anwendung mit Frontend (Visualisierung, Interaktion) und Backend (Datenverarbeitung, Topic Mining). Dies wird in der Systemarchitektur (Abbildung 3) und der Beschreibung der Präsentationsschicht (Abschnitt 3.3) deutlich, wo eine webbasierte Benutzeroberfläche erwähnt wird.",java_jvm;javascript_web,0.9,,"Die Anwendungsschicht von D-VITA ist in Java implementiert und nutzt Apache Tomcat (Abschnitt 3.2: 'The application layer is implemented based on Apache Tomcat'). Die Präsentationsschicht verwendet Visualisierungen, die auf Webtechnologien basieren (z.B. Themeriver-Graphen, interaktive Panels), was auf JavaScript/TypeScript hindeutet (Abschnitt 3.3).",testing,0.7,,"In Abschnitt 4 ('Runtime Metrics') wird die Performance der Offline- und Online-Komponenten evaluiert, was auf technische Tests (z.B. Laufzeitmessungen) hindeutet. Eine Usability-Studie oder empirische Studie wird zwar angedeutet ('empirically evaluating the usability'), ist aber nicht detailliert beschrieben, daher wird 'testing' als primäre Evaluationsmethode annotiert.",,,classical_se,0.8,,"Die Entwicklung von D-VITA folgt einer klassischen Softwareentwicklungsmethodik mit klarer Architektur (Daten-, Anwendungs-, Präsentationsschicht) und Komponentenaufteilung (Online/Offline). Dies deutet auf ein plangetriebenes Vorgehen hin, auch wenn agile Elemente nicht ausgeschlossen werden können. Explizit wird die technische Realisierung auf Basis von Apache Tomcat und Java Servlets genannt (Abschnitt 3.2)."
Modellierung_2022_WS/paper12(1),Modellierung_2022_WS,paper12(1).pdf,Modellierung_2022_WS/paper12(1).pdf,"J. Michael, J. Pfeiffer, A. Wortmann (Hrsg.): Modellierung 2022 Satellite Events,","Digital Library, Gesellschaft für Informatik e.V. Digital Shadows for Cross-Organizational Data Exchange István Koren",mistral-large-3-675b-instruct-2512,rse_typology_prompt_v1,run_1,0,0.9,"Die Publikation diskutiert konzeptionelle Modelle für digitale Schatten (Digital Shadows) und deren Erweiterung für den organisationsübergreifenden Datenaustausch. Es wird kein Quellcode, keine Algorithmen, Skripte, Bibliotheken oder ausführbare Programme erwähnt, die explizit für Forschungszwecke entwickelt oder angepasst wurden. Die Arbeit bleibt auf der Ebene der Modellierung und konzeptionellen Architektur ohne konkrete Implementierungsdetails oder Softwareartefakte.",,,,,,,,,,,,,,,,,,,,,,,,,,
lni293/proceedings-02,lni293,proceedings-02.pdf,lni293/proceedings-02.pdf,"H. Roßnagel et al. (Eds.): Open Identity Summit 2019, Lecture Notes in Informatics (LNI), Gesellschaft für Informatik, Bonn 2019 25 How to harmonise local and remote signing","Detlef Hühnlein, Tobias Wich, Tina Hühnlein, Sebastian Schuberth, René Lottes, Neil Crossley and Florian Otto",mistral-large-3-675b-instruct-2512,rse_typology_prompt_v1,run_1,1,0.95,"Die Publikation beschreibt die Entwicklung und Erweiterung des 'ChipGateway-Protokolls' zur Harmonisierung von lokalen und remote Signaturverfahren. Dies umfasst die Definition neuer Protokollstrukturen (z.B. 'SigningApplication'), die Implementierung von Schnittstellen und die Anpassung bestehender Standards (z.B. OASIS DSS-X, ETSI ESI). Die Software ist explizit für Forschungs- und Standardisierungszwecke im Kontext der eIDAS-Regulation entwickelt und stellt ein zentrales Artefakt der Arbeit dar (vgl. Abschnitt 3, 4 und 5).",research_infrastructure_support,0.9,,Die Software dient der Schaffung einer Infrastruktur für die Entwicklung und Integration von Signaturdiensten (lokal und remote). Sie unterstützt den Forschungsprozess durch die Bereitstellung einer standardisierten Schnittstelle für die Softwareentwicklung im Bereich elektronischer Signaturen (vgl. Abschnitt 3.1: 'Generic system architecture for local and remote signing' und Abschnitt 5: 'smart enrolment processes').,entwurf;implementierung;testen_qualitaetssicherung;deployment_betrieb,0.9,,"
        - **Entwurf**: Das Paper beschreibt detailliert die Architektur und das Design der harmonisierten Lösung für lokale und remote Signaturen, insbesondere in Abschnitt 3 ('How to harmonise local and remote signing') mit Abbildungen der Systemarchitekturen (Fig. 3 und Fig. 4). Es werden Schnittstellen und Protokolle generalisiert und harmonisiert, was dem Entwurf/Design zuzuordnen ist.
        - **Implementierung**: Die Publikation erwähnt konkrete Protokolle (z. B. ChipGateway-Protokoll) und Standards ([LE17], [CS18]), die als Grundlage für die Umsetzung dienen. Zudem wird auf notwendige Änderungen am ChipGateway-Protokoll eingegangen (Abschnitt 3.2), was auf eine aktive Implementierungsphase hindeutet.
        - **Testen/Qualitätssicherung**: Die erfolgreiche Peer-Review des Luxembourgischen eID-Kartensystems auf LoA 'high' (Abschnitt 2.1) sowie die Referenzierung von Evaluierungsstandards ([EN14], [EN18a-c]) deuten auf Test- und Qualitätssicherungsmaßnahmen hin.
        - **Deployment/Betrieb**: Die Diskussion über 'smart enrolment' (Abschnitt 4) und die Integration in bestehende eIDAS-konforme Infrastrukturen (z. B. Single Sign-On, OAuth 2.0) zeigen, dass die Software für den Betrieb und die Nutzung in realen Umgebungen vorbereitet wird.
        Die Phasen 'projektdefinition' und 'anforderungen' sind nicht explizit belegt, da der Fokus auf der technischen Harmonisierung und Umsetzung liegt, nicht auf der initialen Ideenfindung oder detaillierten Anforderungserhebung.",middleware_service,0.9,,"Die Software fungiert als Middleware, die lokale und remote Signaturdienste verbindet. Sie umfasst Protokolle und Schnittstellen (z.B. ChipGateway-Protokoll, REST-APIs) zur Vermittlung zwischen Signaturerstellungskomponenten (LSA, SCA) und externen Diensten (vgl. Fig. 3 und Abschnitt 3.1: 'Harmonised generic system architecture for local and remote signing').",xml_xsd,0.9,,"Die Publikation erwähnt explizit die Verwendung von XML-basierten Standards ([DR07], [KH18b]) und JSON-Syntax für die Protokollimplementierung. Zudem werden XML-Schemata für die Definition von Signaturformaten (z.B. {C,X,P}AdES) und Protokollstrukturen genutzt (vgl. Abschnitt 2.1, 2.2 und Literaturverzeichnis: [ET16a], [ET16b], [ET16c]).",testing,0.8,,"Die Software wird durch die Einhaltung und Implementierung standardisierter Protokolle und Schnittstellen evaluiert. Die technische Korrektheit und Interoperabilität wird durch die Integration in bestehende Standards (z.B. OASIS DSS-X, ETSI ESI) und die erfolgreiche Anwendung im Rahmen des ChipGateway-Protokolls belegt (vgl. Abschnitt 5: 'To facilitate the practical application of the ideas sketched in the present document, it may be worthwhile to standardise them'). Eine explizite Usability-Studie oder empirische Evaluation mit Nutzern wird nicht beschrieben.",,,standardization_driven,0.95,,"Die Entwicklung der Software folgt explizit den Vorgaben und Standards der eIDAS-Regulation ([EU14]) sowie technischen Normen wie [EN18b], [EN18c], [KH18b] und [CS18]. Die Harmonisierung des ChipGateway-Protokolls basiert auf der Anpassung und Erweiterung dieser Standards (vgl. Abschnitt 3.2: 'Necessary changes for harmonisation of local and remote signing')."
lni103/172,lni103,172.pdf,lni103/172.pdf,Change Management in Large Information Infrastructures – Representing and Analyzing Arbitrary Metadata,Boris Stumm,mistral-large-3-675b-instruct-2512,rse_typology_prompt_v1,run_1,1,0.95,"Die Publikation beschreibt detailliert die Entwicklung und Implementierung von Caro, einem Ansatz zur Change Impact Analysis in großen Informationsinfrastrukturen. Caro umfasst ein Meta-Modell zur Repräsentation heterogener Metadaten, einen Analyseprozess sowie eine prototypische Implementierung in Java. Diese Software wurde explizit für Forschungszwecke entwickelt und ist zentraler Gegenstand der Publikation (vgl. Abstract, Section 4: Implementation and Performance).",product_result,0.95,,"Die Publikation beschreibt Caro als einen Ansatz zur Change Impact Analysis in großen Informationsinfrastrukturen. Der Fokus liegt auf der Entwicklung und Präsentation des Systems selbst (Architektur, Meta-Modell, Analyseprozess) als Beitrag der Forschung. Es wird explizit eine Referenzimplementierung (Prototyp) vorgestellt, die in einem realen Szenario (PAS-System der Universität Kaiserslautern) eingesetzt wird. Der Beitrag ist der Bau/die Integration des Systems, nicht der Nachweis eines einzelnen Algorithmus.",entwurf;implementierung;testen_qualitaetssicherung;deployment_betrieb,0.9,,"Das Paper behandelt den Entwurf des Meta-Modells und der Analyseprozesse (Section 2 und 3), die Implementierung eines Prototyps (Section 4), Performance-Tests (Section 4) sowie den Betrieb in einem realen Szenario (Exam Registration System, Section 4).",middleware_service;library_package,0.8,,"Caro fungiert als Middleware, die zwischen heterogenen Systemen vermittelt (vgl. Section 2: 'Caro servers can be used for preventive as well as reactive CIA'). Zudem wird ein Meta-Modell zur Repräsentation von Metadaten bereitgestellt, das als Bibliothek/Paket für die Analyse genutzt wird (vgl. Section 3: 'The model we use to represent metadata').",java_jvm;xml_xsd,0.9,,"Die Implementierung erfolgt in Java (Section 4: 'The current prototype implementation of Caro is written in Java'). Für den Datenaustausch wird GXL (ein XML-Format) verwendet (Section 4: 'For data transfer and export, we use GXL').",testing;performance_evaluation,0.9,,"Die Evaluation umfasst Performance-Benchmarks (Section 4: 'Figure 11 shows the results of our measurements') sowie den Einsatz in einem realen Szenario (Exam Registration System), der als technischer Nachweis der Funktionalität dient (Section 4: 'The prototype is already in use in a small setup').",,,classical_se,0.85,,"Die Entwicklung von Caro folgt einem klassischen Software-Engineering-Ansatz mit formaler Modellierung (vgl. Section 3: Formal Model), Architekturdefinition (vgl. Section 2: Caro Overview) und Implementierung eines Prototyps (vgl. Section 4). Die Publikation erwähnt explizit die Verwendung von OWL für die Typdefinition und die Anwendung von Graph-Matching-Algorithmen, was auf eine plangetriebene Entwicklung hindeutet."
lni300/B5-03,lni300,B5-03.pdf,lni300/B5-03.pdf,"Attitudes, Beliefs, and Development Data Concerning Agile Software Development Practices","Christoph Matthies , Johannes Huegle, Tobias Dürschmid , Ralf Teusner",mistral-large-3-675b-instruct-2512,rse_typology_prompt_v1,run_1,0,0.9,"Die Publikation untersucht die Wahrnehmung und Anwendung agiler Softwareentwicklungsmethoden (Scrum) sowie die Nutzung von Entwicklungsartefakten wie Versionskontrollsystemen und Test-Driven Development. Es werden zwar Messungen von Entwicklungsdaten (z. B. Commits, Testverhalten) beschrieben, aber es gibt keine explizite Erwähnung eigener Forschungssoftware, die entwickelt, erweitert oder angepasst wurde. Die Analyse basiert auf bestehenden Tools (z. B. Versionskontrollsysteme) und selbstberichteten Daten, nicht auf der Entwicklung neuer Software.",,,,,,,,,,,,,,,,,,,,,,,,,,
lni160/377,lni160,377.pdf,lni160/377.pdf,"Smarte Systeme und Services für Freiheit, Recht und Ordnung",Margarete Donovang-Kuhlisch Public Sector IBM Deutschland GmbH Gorch-Fock-Str. D- Bonn,mistral-large-3-675b-instruct-2512,rse_typology_prompt_v1,run_1,0,0.9,"Die Publikation beschreibt Konzepte und Technologien für smarte Systeme und Services, insbesondere im Bereich des Schutzes kritischer Infrastrukturen und der Intentionserkennung in Texten. Es wird auf einen Ansatz zur Erstellung und Implementierung context-sensitiver Prozess-Kontroll-Sprachen verwiesen ([DS09]), der sich auf die Erkennung von Intentionen in natürlicher Sprache stützt. Allerdings wird keine eigene Forschungssoftware im Sinne von Quellcode, Algorithmen, Skripten oder ausführbaren Programmen explizit genannt oder beschrieben. Die Publikation bleibt auf konzeptioneller Ebene und verweist auf eine externe Quelle für technische Details.",,,,,,,,,,,,,,,,,,,,,,,,,,
lni221/160,lni221,160.pdf,lni221/160.pdf,Institutional and Stakeholder Issues in Parliamentary Technology Assessment: A Case Study,"Csaba Csaki, Paidi O’Raghallaigh, Frederic Adam",mistral-large-3-675b-instruct-2512,rse_typology_prompt_v1,run_1,0,1.0,"Die Publikation enthält keine eigene Forschungssoftware im Sinne der Definition. Es werden keine Quellcode-Dateien, Algorithmen, Skripte, Workflows, Bibliotheken oder ausführbare Programme erwähnt, die zu einem Forschungszweck entwickelt, erweitert oder maßgeblich angepasst wurden. Der Fokus liegt auf institutionellen und stakeholderbezogenen Aspekten von Parliamentary Technology Assessment (PTA) sowie auf der Rolle von ICT und e-Government-Lösungen zur Verbesserung der Bürgerbeteiligung, ohne dass eigene Software entwickelt oder beschrieben wird.",,,,,,,,,,,,,,,,,,,,,,,,,,
lni314/P1-2,lni314,P1-2.pdf,lni314/P1-2.pdf,Innovation by Information Technology Recombination: How Artificial Intelligence Progressive Web Apps,"Foster Sustainable Development Philipp Fukas , Oliver Thomas",mistral-large-3-675b-instruct-2512,rse_typology_prompt_v1,run_1,0,0.9,"Die Publikation beschreibt die Kombination von Künstlicher Intelligenz (AI) und Progressive Web Apps (PWAs) als Konzept und analysiert deren Potenzial für nachhaltige Entwicklung. Es werden keine eigenen Quellcode-Dateien, Algorithmen, Skripte oder ausführbare Programme vorgestellt, die explizit als Forschungssoftware entwickelt oder angepasst wurden. Die Arbeit basiert auf einer systematischen Literaturrecherche und diskutiert bestehende Anwendungen, ohne eigene Softwareentwicklung zu dokumentieren.",,,,,,,,,,,,,,,,,,,,,,,,,,
lni337/06_01_06_Ahmad,lni337,06_01_06_Ahmad.pdf,lni337/06_01_06_Ahmad.pdf,"Editors (Hrsg.): INFORMATIK 2023 – Workshop on Research Data Infrastructures in DS and AI, Lecture Notes in Informatics (LNI), Gesellschaft für Informatik, Bonn 2023 1 NFDI4DS Shared Tasks","Raia Abu Ahmad, Ekaterina Borisova, Georg Rehm, Stefan Dietze, Saurav Karmakar, Wolfgang Otto, Jennifer D’Souza, Fidan Limani, Ricardo Usbeck",mistral-large-3-675b-instruct-2512,rse_typology_prompt_v1,run_1,0,1.0,"Die Publikation beschreibt geplante 'shared tasks' im Rahmen des NFDI4DS-Projekts, insbesondere zur Erkennung von Software-Mentions (SOMD) und anderen Aufgaben. Es wird jedoch KEINE eigene Forschungssoftware im Sinne von Quellcode, Algorithmen oder ausführbaren Programmen vorgestellt, die für diese Aufgaben entwickelt oder angepasst wurde. Stattdessen werden bestehende Datensätze (z. B. SoMeSci) und Methoden referenziert, aber keine konkrete Implementierung oder Anpassung eigener Software beschrieben.",,,,,,,,,,,,,,,,,,,,,,,,,,
lni171/13,lni171,13.pdf,lni171/13.pdf,The selection of modeling grammars,"Werner Esswein, Jeannette Stark, Hannes Schlieter",mistral-large-3-675b-instruct-2512,rse_typology_prompt_v1,run_1,0,1.0,"Die Publikation beschreibt einen theoretischen Rahmen zur Auswahl von Modellierungsgrammatiken (z.B. UML, ERD, ARIS) basierend auf kognitiver Passung (Cognitive Fit) und ontologischer Analyse. Es wird kein Quellcode, keine Softwareentwicklung oder ein konkretes Software-Artefakt erwähnt. Die Arbeit ist konzeptionell und methodisch, ohne eigene Forschungssoftware im Sinne der Definition.",,,,,,,,,,,,,,,,,,,,,,,,,,
lni329/30-BIOSIG_2022_paper_20,lni329,30-BIOSIG_2022_paper_20.pdf,lni329/30-BIOSIG_2022_paper_20.pdf,"A. Br¨omme, N. Damer, M. Gomez-Barrero, K. Raja, C. Rathgeb, A. Sequeira, M. Todisco, and A. Uhl (Eds.): BIOSIG 2022, Lecture Notes in Informatics (LNI), Gesellschaft f¨ur Informatik, Bonn 2022 GAIT3: An Event-based, Visible and Thermal Database for Gait Recognition",Mohamed Jamel Eddine Jean-Luc Dugelay,mistral-large-3-675b-instruct-2512,rse_typology_prompt_v1,run_1,1,0.95,"Die Publikation beschreibt die Entwicklung und Anpassung eines Algorithmus basierend auf Gait Energy Image (GEI) für die Verarbeitung von Daten einer Event-basierten Kamera. Dies umfasst die Erstellung eines Datenencodierungsverfahrens (Histogram of Events) und die Implementierung eines Baseline-Algorithmus zur Gangerkennung, was als eigene Forschungssoftware im Sinne der Definition gilt (Adaption und Erweiterung eines bestehenden Verfahrens für einen neuen Datentyp).",product_result,1.0,,"Die Publikation stellt eine neue Datenbank (GAIT3) als Hauptbeitrag vor, die explizit als 'first that contains event-camera acquisition, simultaneously with conventional RGB and thermal videos' beschrieben wird. Der Fokus liegt auf der Bereitstellung dieser multimodalen Datenbank als Ergebnis der Forschung, nicht auf einer spezifischen Analyse oder Methode. Die Experimente dienen der Evaluation der Datenbank, nicht als primäres Forschungsziel.",implementierung;deployment_betrieb,0.9,,"Das Paper beschreibt die Implementierung eines Baseline-Algorithmus (GEI) zur Verarbeitung der ereignisbasierten Daten sowie die Bereitstellung der Datenbank (Deployment). Anforderungen, Entwurf oder Testen im Sinne von Qualitätssicherung werden nicht explizit behandelt.",analysis_pipeline;library_package,0.85,,"Die Software umfasst eine Pipeline zur Verarbeitung der ereignisbasierten Daten (Histogramme, Silhouettenerkennung, GEI-Berechnung) und stellt gleichzeitig eine wiederverwendbare Datenbank für Gangerkennung bereit. Die Beschreibung deutet auf eine Kombination aus Pipeline und Bibliothek hin.",insufficient_information,1.0,,"Es werden keine expliziten Programmiersprachen, Frameworks oder Technologien genannt, die für die Implementierung der Datenbank oder der Algorithmen (z. B. GEI-Generierung) verwendet wurden. Die genannten Tools (z. B. DV Software für DAVIS346, FLIR Duo R) sind Hardware-bzw. Aufnahmesysteme, keine Programmiersprachen oder Techstacks.",testing;benchmarking,0.95,,"Die Software wird durch technische Tests evaluiert (Rank-1- und Rank-3-Performance-Metriken) und mit RGB- und Thermaldaten benchmarkt. Es handelt sich um eine technische Evaluation der Funktionalität und Performance, nicht um eine empirische Studie mit Versuchspersonen.",,,ad_hoc_scripting,0.9,,"Die Entwicklung der Software folgt einem pragmatischen Ansatz, bei dem ein bestehender Algorithmus (GEI) für einen neuen Datentyp (Event-basierte Kamera) adaptiert wird. Es gibt keine Hinweise auf einen systematischen Softwareentwicklungsprozess wie klassisches SE oder agile Methoden. Die Beschreibung in Abschnitt 3.1.1 und 3.1.2 deutet auf Ad-hoc-Skripting hin, da die Anpassung spezifisch für die Datenencodierung und Silhouettenerkennung erfolgt."
lni176/305,lni176,305.pdf,lni176/305.pdf,Konzepte der Informationssicherheit in Standards am Beispiel ISO 27001,"Danijel Milicevic, Matthias Goeken",mistral-large-3-675b-instruct-2512,rse_typology_prompt_v1,run_1,0,1.0,"Die Publikation beschreibt die Metamodellierung des ISO 27001-Standards mittels qualitativer Datenanalyse (QDA) und Grounded Theory. Es wird das Werkzeug Atlas.ti erwähnt, das zur Kodierung des Standards verwendet wurde. Allerdings handelt es sich hierbei um die Anwendung eines bestehenden Software-Tools (Atlas.ti) ohne eigene Entwicklungsleistung oder Anpassung für den Forschungszweck. Es gibt keine Hinweise auf die Entwicklung, Erweiterung oder maßgebliche Anpassung von Forschungssoftware im Sinne der Definition.",,,,,,,,,,,,,,,,,,,,,,,,,,
lni121/17,lni121,17.pdf,lni121/17.pdf,Connecting Good Theory to Good Practice: Software Documentation: A Case Study,David Lorge Parnas,mistral-large-3-675b-instruct-2512,rse_typology_prompt_v1,run_1,0,1.0,"Die Publikation diskutiert theoretische und praktische Aspekte der Softwareentwicklung, insbesondere die Dokumentation von Software, aber es wird keine eigene Forschungssoftware im Sinne von Quellcode, Algorithmen, Skripten oder ausführbaren Programmen beschrieben, die zu einem Forschungszweck erstellt oder angepasst wurde. Der Fokus liegt auf konzeptionellen Überlegungen und der Anwendung klassischer mathematischer Techniken auf Software-Dokumentation, nicht auf der Entwicklung oder Anpassung konkreter Softwareartefakte.",,,,,,,,,,,,,,,,,,,,,,,,,,
lni122/118-122,lni122,118-122.pdf,lni122/118-122.pdf,Effizienzsteigerung im Systemtest von Steuergeräten Eine empirische Untersuchung,"Matthias Wiemann, Jörg Gericke Siemens AG Corporate Research & Technologies CT PP Otto-Hahn-Ring",mistral-large-3-675b-instruct-2512,rse_typology_prompt_v1,run_1,1,0.95,"Die Publikation beschreibt die Entwicklung und Nutzung der Werkzeuglandschaft GATE – Generic and Automated Test Environment, die zur automatisierten Testfallgenerierung auf Basis von Verhaltensmodellen (z.B. Zustandsautomaten) eingesetzt wird. Diese Software wurde explizit für den Forschungszweck der Effizienzsteigerung im Systemtest von Steuergeräten entwickelt und maßgeblich angepasst (vgl. Abschnitt 2.3: 'Die Verhaltensmodellierung sowie die automatisierte Testfallgenerierung wurden durch die bei der Siemens AG, CT PP entwickelte Werkzeuglandschaft GATE [...] unterstützt.').",,,,,entwurf;implementierung;testen_qualitaetssicherung;deployment_betrieb,0.9,,Die Publikation behandelt mehrere Phasen des Software-Lebenszyklus: (1) 'entwurf' – die Erstellung von Verhaltensmodellen (z.B. Zustandsautomaten) und die Architektur der Testumgebung (GATE) werden beschrieben; (2) 'implementierung' – die automatisierte Testfallgenerierung basierend auf den Modellen wird erwähnt; (3) 'testen_qualitaetssicherung' – die Validierung der Steuergeräte durch die Testmethodik steht im Fokus; (4) 'deployment_betrieb' – die Anwendung der Testmethodik in der Praxis und die Wiederverwendung von Verhaltensmodellen deuten auf den Betrieb hin.,test_automation_framework,0.95,,"Die Software 'GATE – Generic and Automated Test Environment' wird als Werkzeuglandschaft beschrieben, die die Verhaltensmodellierung und automatisierte Testfallgenerierung unterstützt. Dies entspricht der Definition eines 'test_automation_framework', da es sich um ein Framework zur (teil-)automatisierten Testausführung und Testfallgenerierung handelt.",,0.5,,"Die Publikation nennt keine expliziten Programmiersprachen oder Technologien, die für die Implementierung der Forschungssoftware verwendet wurden. Daher kann keine Subkategorie zugewiesen werden. Die Unsicherheit ist hoch, da der Techstack nicht belegt ist.",empirical_study;testing;performance_evaluation,0.9,,"Die Evaluation der Forschungssoftware erfolgt auf mehreren Ebenen: (1) 'empirical_study' – die Software wird in einer empirischen Untersuchung eingesetzt, um die Effektivität der verhaltensorientierten Testmethodik im Vergleich zur herkömmlichen Methodik zu bewerten; (2) 'testing' – die Anzahl identifizierter Fehler pro Iteration dient als technischer Nachweis der Funktionalität der Testmethodik; (3) 'performance_evaluation' – die Effizienz der Testfallerstellung und die Kosteneinsparungen werden als Performanzmetriken evaluiert.",,,classical_se,0.85,,"Die Entwicklung der Werkzeuglandschaft GATE folgt einem klassischen Software-Engineering-Ansatz mit Anforderungsanalyse (z.B. Verhaltensmodellierung), Architektur (z.B. Integration in den Testprozess) und Test (vgl. Abschnitt 2.2 und 2.3: 'Die zur Testfallgenerierung notwendigen Verhaltensmodelle wurden von den Testern manuell aufgestellt.' und 'Die Verhaltensmodellierung sowie die automatisierte Testfallgenerierung wurden durch die [...] Werkzeuglandschaft GATE unterstützt.')."
lni337/03_02_07_Steinert,lni337,03_02_07_Steinert.pdf,lni337/03_02_07_Steinert.pdf,"(Hrsg.): Lecture Notes in Informatics (LNI), Gesellschaft für Informatik, Bonn 2013 1 Möglichkeiten, Grenzen und Konzepte für eine digitalbasierte Täterbewertung im Bereich der §§ 174 – 184 Mirĳam Steinert1, Sabrina Herchel2 und Dirk Labudde3",,mistral-large-3-675b-instruct-2512,rse_typology_prompt_v1,run_1,1,0.9,"Die Publikation beschreibt explizit die Nutzung und Entwicklung automatisierter Methoden zur Analyse digitaler Beweismittel, darunter PhotoDNA, C4All, FaceMatch, Sentiment-Analyse, Themenmodellierung und Entity Recognition. Diese Verfahren basieren auf Algorithmen des maschinellen Lernens und Deep Learning und sind speziell für den Forschungszweck der Risikoanalyse von Sexualstraftätern entwickelt oder angepasst worden. Zudem werden Timeline-Analysen und geografische Analysen als automatisierte Verfahren genannt, die zur Auswertung digitaler Daten eingesetzt werden.",,,,,implementierung;testen_qualitaetssicherung;deployment_betrieb,0.9,,"Die Publikation erwähnt explizit die Implementierung von Automatisierungsmethoden (z.B. PhotoDNA, C4All, FaceMatch) sowie deren Einsatz in der Praxis (Deployment/Betrieb). Die Qualitätssicherung wird durch den Vergleich mit manuellen Analysen und die Diskussion von falsch-positiven/negativen Ergebnissen adressiert.",analysis_pipeline;library_package,0.85,forensic_analysis_toolkit,"Die beschriebenen Verfahren (PhotoDNA, C4All, FaceMatch) sind typische Beispiele für Analyse-Pipelines oder Toolkits zur forensischen Datenauswertung. Da sie als wiederverwendbare Algorithmen beschrieben werden, passt auch 'library_package'. Eine spezifischere Kategorie wie 'forensic_analysis_toolkit' könnte die Domäne besser abbilden.",python;conceptual,0.5,machine_learning_frameworks,"Die Publikation nennt keine expliziten Programmiersprachen, aber die beschriebenen Algorithmen (maschinelles Lernen, Deep Learning) deuten auf den Einsatz von Python-basierten Frameworks hin. Da dies nicht explizit belegt ist, wird 'conceptual' als Fallback gewählt. Eine neue Kategorie 'machine_learning_frameworks' könnte die Technologien präziser erfassen.",testing;empirical_study,0.8,,"Die Publikation diskutiert die technische Funktionalität der Automatisierungsmethoden (Testing) und deren Anwendung in empirischen Studien (z.B. Meta-Analysen zu Rückfallraten von Sexualstraftätern). Die empirische Studie bezieht sich hier auf die inhaltliche Validierung der Risikoanalyse, nicht auf die Software selbst.",,,data_science_pipeline,0.9,,"Die Entwicklung der genannten Verfahren folgt einer typischen Data-Science-Pipeline: Datenextraktion, -filterung, -interpretation und Modellierung (z.B. maschinelles Lernen, Deep Learning). Dies wird explizit in den Abschnitten 2.2 (Klassifikation von Bildern) und 2.3 (Textanalyse) beschrieben."
lni48/GI.Band.48-15,lni48,GI.Band.48-15.pdf,lni48/GI.Band.48-15.pdf,Evidential Paradigm and Intelligent Mathematical Text Processing,"Alexander Lyaletski, Anatoly Doroshenko, Andrei Paskevich,, and Konstantin Verchinine",mistral-large-3-675b-instruct-2512,rse_typology_prompt_v1,run_1,1,0.95,"Die Publikation beschreibt detailliert die Entwicklung und Implementierung des Systems for Automated Deduction (SAD), das für die automatisierte Verifikation mathematischer Texte und Beweisführung verwendet wird. SAD umfasst mehrere Module ([ForTheL], [FOL], [Reason], [Moses]) und eine eigene formale Sprache (ForTheL), die explizit für den Forschungszweck entwickelt wurden. Dies geht deutlich über die Anwendung von Standardsoftware hinaus und stellt eine maßgeschneiderte Forschungssoftware dar.",formal_verification,1.0,,"Die Publikation beschreibt explizit die Verifikation mathematischer Texte und Beweise (z. B. 'verification of a self-contained mathematical text', 'veriﬁcation of a part of a non-trivial mathematical text'). Dies entspricht der Subkategorie 'formal_verification'.",entwurf;implementierung;testen_qualitaetssicherung,0.9,,"Der Text beschreibt die Architektur (Entwurf), die Implementierung der Module (Implementierung) und die Verifikation von Texten/Theoremen (Testen/Qualitätssicherung). Die Phasen 'Projektdefinition' und 'Anforderungen' sind nicht explizit erwähnt, aber der Entwurf und die Implementierung sind detailliert beschrieben. Die Phase 'Deployment/Betrieb' wird nur kurz erwähnt ('online via Internet'), aber nicht vertieft.",numerical_mathematical;domain_specific_language,1.0,,"SAD ist ein Theorem-Beweiser und damit numerisch/mathematisch fokussiert ('automated theorem proving', 'sequent formalism'). Zudem wird die domänenspezifische Sprache ForTheL explizit genannt, die für die Repräsentation mathematischer Texte entwickelt wurde.",formal_specification_languages,1.0,,Die Publikation erwähnt explizit die Verwendung der formalen Sprache ForTheL ('Formal Theory Language') für die Repräsentation mathematischer Texte. Dies fällt unter 'formal_specification_languages'. Keine anderen Programmiersprachen oder Technologien werden explizit genannt.,testing;benchmarking,0.8,,"Die Software wird durch die Verifikation eines nicht-trivialen mathematischen Textes (Infinite Ramsey's Theorem) evaluiert, was als Testen der funktionalen Korrektheit interpretiert werden kann. Zudem wird die Effizienz der Beweissuche erwähnt ('high efficiency of proof search'), was auf Benchmarking hindeutet. Eine empirische Studie oder Usability-Studie wird nicht beschrieben.",,,formal_methods,0.95,,"Die Entwicklung von SAD basiert auf formalen Methoden, insbesondere der Spezifikation und Verifikation mathematischer Texte sowie der Implementierung eines sequent-basierten Kalküls (GD). Dies wird im Text explizit erwähnt: 'deduction in SAD is based on an original sequent formalism' und 'formalization and evolutionary development of computer-made proof step'."
lni165/286,lni165,286.pdf,lni165/286.pdf,HexaGrowth: a new Grid Generation with a Local Algorithm,"Panchalee Sukjit, Herwig Unger Communication Network",mistral-large-3-675b-instruct-2512,rse_typology_prompt_v1,run_1,1,0.95,"Die Publikation beschreibt detailliert die Entwicklung eines neuen Algorithmus namens 'HexaGrowth' zur Generierung hexagonaler Gitterstrukturen in P2P-Netzwerken. Dieser Algorithmus wurde in der Simulationssoftware P2PNetSim implementiert und evaluiert, was auf eine eigene Forschungssoftware hindeutet. Explizit wird die Implementierung in Java erwähnt (Abschnitt 3.1: 'The behaviour of all nodes can be implemented in Java').",proof_of_concept_product,0.95,,"Die Publikation beschreibt die Entwicklung und Evaluation eines neuen Algorithmus (HexaGrowth) zur Erzeugung hexagonaler Grid-Strukturen in P2P-Netzwerken. Die Software (Algorithmus + Simulation mit P2PNetSim) dient primär als Machbarkeitsnachweis für die lokale, dezentrale Generierung solcher Strukturen. Der Fokus liegt auf dem Algorithmus selbst, nicht auf einem übergeordneten Forschungsziel wie Datenanalyse oder Simulation eines realweltlichen Phänomens. Die Software ist hier das Vehikel für den Nachweis der Funktionsfähigkeit des Algorithmus.",entwurf;implementierung;testen_qualitaetssicherung;deployment_betrieb,0.9,,"Der Text beschreibt den Entwurf des Algorithmus (Abschnitt 2), die Implementierung (Abschnitt 2.2), die Performance-Evaluation (Abschnitt 3) als Form der Qualitätssicherung und den Einsatz im Simulator P2PNetSim (Abschnitt 3.1), was als Deployment/Betrieb interpretiert werden kann.",simulation_framework,0.9,simulation_framework,"Die Software ist ein Framework zur Simulation und Generierung von hexagonalen Gittern in P2P-Netzwerken. Da 'numerical_mathematical' nicht vollständig passt, wird 'simulation_framework' als präzisere Kategorie vorgeschlagen, da die Software numerische und verteilte Aspekte kombiniert.",java_jvm,0.8,,"Der Simulator P2PNetSim, der für die Evaluation genutzt wird, erlaubt die Implementierung des Verhaltens aller Knoten in Java (Abschnitt 3.1). Eine explizite Nennung anderer Programmiersprachen fehlt.",performance_evaluation;testing,0.95,,"Die Evaluation der Software erfolgt durch Performanzmessungen (z.B. Wachstumsgeschwindigkeit der Gitter, Anzahl der parallel wachsenden Knoten) und technische Tests im Simulator P2PNetSim (Abschnitt 3). Dies entspricht einer Performance-Evaluation und technischen Verifikation.",,,classical_se,0.8,,"Die Entwicklung des Algorithmus folgt einer strukturierten Vorgehensweise mit formaler Beschreibung (Abschnitt 2.2), Anforderungen (Abschnitt 2.1) und Performance-Evaluation (Abschnitt 3). Dies deutet auf ein klassisches Software-Engineering-Vorgehen hin, auch wenn agile Elemente nicht ausgeschlossen werden können."
lni368/infos2025_wi_1,lni368,infos2025_wi_1.pdf,lni368/infos2025_wi_1.pdf,"Concept Inventory zum Thema Maschinelles Lernen (CIML) Konzeption, Entwicklung und Evaluation","Erik Marx ,, Thiemo Leonhardt und Nadine Bergner",mistral-large-3-675b-instruct-2512,rse_typology_prompt_v1,run_1,1,0.9,"Die Publikation beschreibt die Entwicklung eines Concept Inventory (CIML) als Forschungsinstrument, das aus einem Fragebogen mit spezifischen Fragen und Distraktoren besteht. Dieser Fragebogen wurde als Softwareartefakt konzipiert, entwickelt und evaluiert (vgl. Abschnitt 3.2: 'Auf Basis dieser ermittelten Konzepte wurde anschließend das CIML entwickelt'). Der Fragebogen ist unter einer URL verfügbar (https://osf.io/g7dkf/) und wurde als ausführbares Instrument zur Erhebung von Konzeptverständnis eingesetzt. Damit handelt es sich um ein rechnergestütztes Erhebungsinstrument, das für den Forschungszweck maßgeblich angepasst und entwickelt wurde.",,,,,anforderungen;entwurf;implementierung;testen_qualitaetssicherung;deployment_betrieb,0.9,,"Der Entwicklungsprozess des CIML umfasst die Erhebung von Anforderungen (z.B. Identifikation zentraler ML-Konzepte und Fehlvorstellungen), den Entwurf (Fragenformat, Aufbau), die Implementierung (Erstellung des Fragebogens), Testen/Qualitätssicherung (Pilotstudien, Expert:innenvalidierungen, Itemanalysen) und Deployment/Betrieb (Einsatz als Prä-Post-Testinstrument in Schulen).",full_stack_application,0.7,questionnaire_instrument,"Das CIML ist ein Fragebogeninstrument, das kontextualisierte Fragen (z.B. zu Gesichtserkennung und Textgenerierung) mit Multiple-Choice- und Single-Choice-Formaten kombiniert. Es ist webbasiert verfügbar (Link im Text) und kann als Full-Stack-Anwendung klassifiziert werden, da es eine Benutzeroberfläche (Frontend) und eine Auswertungslogik (Backend) umfasst. Allerdings passt 'full_stack_application' nicht perfekt, da es sich primär um ein Erhebungsinstrument handelt. Eine spezifischere Kategorie wie 'questionnaire_instrument' wäre passender.",conceptual,1.0,,"Der Text beschreibt das CIML als konzeptuelles Erhebungsinstrument (Fragebogen) ohne explizite Nennung von Programmiersprachen oder Technologien für die Implementierung. Es handelt sich um ein konzeptionelles Artefakt, das als Vorlage für die manuelle oder digitale Durchführung dient.",empirical_study;testing,0.95,,"Das CIML wird in empirischen Studien eingesetzt (z.B. Prä-Post-Tests mit Schüler:innen, Berechnung des Normalized Gain), um die Effektivität von Lerninterventionen zu evaluieren. Zudem wird es technisch getestet (Itemanalysen, Reliabilitätsmaße wie test-retest-Stabilitätskoeffizient, Rasch-Analyse), um die Qualität des Instruments zu sichern.",,,design_based,0.8,,"Die Entwicklung des CIML folgte einem iterativen, design-basierten Ansatz mit mehreren Evaluationsschleifen (Pilotstudien, Expert:innenvalidierungen, Schüler:innenfeedback) und Anpassungen basierend auf den Ergebnissen (vgl. Abschnitt 3.3: 'Der Fragebogen durchlief mehrere Entwicklungsschritte'). Dies entspricht der Methodik des Design-Based Research, bei dem das Artefakt selbst der Forschungsbeitrag ist."
lni279/B1-65,lni279,B1-65.pdf,lni279/B1-65.pdf,Comprehensible Decisions in Complex Self-Adaptive Systems,"Verena Klös, Thomas Göthel, Sabine Glesner",mistral-large-3-675b-instruct-2512,rse_typology_prompt_v1,run_1,1,0.9,"Die Publikation beschreibt die Entwicklung eines Ansatzes für selbstlernende, selbstadaptive Systeme basierend auf 'timed adaptation rules' und formalen Modellen (timed automata). Es wird explizit erwähnt, dass formale Modelle aus einer SystemC-Implementierung extrahiert werden ('we extract formal timed automata models from a (possibly partial) system implementation in SystemC [KGG16]'). Dies deutet auf die Entwicklung eigener Software-Artefakte hin, die für die Verifikation und Analyse der Adaptionslogik genutzt werden. Zudem wird ein 'meta-adaptation layer' beschrieben, der Evaluations-, Lern- und Verifikationsmechanismen umfasst, was auf die Implementierung spezifischer Algorithmen und Werkzeuge hindeutet.",product_result,0.95,,"Die Publikation beschreibt einen Ansatz für selbstlernende selbstadaptive Systeme, der auf zeitgesteuerten Anpassungsregeln basiert. Der Fokus liegt auf der Entwicklung und Analyse dieses Systems (inkl. Verifikation, Lernmechanismen und Nachverfolgbarkeit von Entscheidungen). Die Software/Architektur selbst ist das primäre Forschungsergebnis, nicht nur ein Prototyp für einen einzelnen Algorithmus. Es handelt sich um eine Referenzimplementierung eines Systems, das als Beitrag der Forschung präsentiert wird.",entwurf;implementierung;testen_qualitaetssicherung,0.9,,"Der Text erwähnt den Entwurf ('architecture, modeling'), die Implementierung ('concrete implementation in SystemC') und die Qualitätssicherung ('verification approach', 'model checking'). Diese Phasen sind explizit belegt.",library_package;simulation_framework,0.8,formal_verification_framework,"Die Software umfasst eine Bibliothek von Adaptionsregeln ('adaptation logic based on timed adaptation rules') und ein Framework zur Simulation und Verifikation ('formal timed automata models'). Da 'simulation_framework' nicht vollständig passt, wird 'formal_verification_framework' als neue Subkategorie vorgeschlagen, da die Verifikation im Vordergrund steht.",c_cpp,0.7,systemc,"Die Publikation erwähnt explizit die Implementierung in 'SystemC', einer C++-basierten Sprache für Systemmodellierung. Da 'SystemC' nicht in den vorgegebenen Kategorien enthalten ist, wird sie als neue Subkategorie vorgeschlagen.",testing;performance_evaluation,0.8,,"Die Software wird durch 'model checking' (technische Verifikation) und 'verification of general properties, such as stability' evaluiert. Dies entspricht den Kategorien 'testing' und 'performance_evaluation'.",,,formal_methods,0.95,,"Die Entwicklung der Software basiert auf formalen Methoden, insbesondere der Spezifikation und Verifikation mittels timed automata. Dies wird im Text deutlich: 'For our veriﬁcation approach, we extract formal timed automata models [...]' sowie 'human-comprehensible formal models'. Die Methodik umfasst beweisgestützte Entwicklung und formale Spezifikation."
lni71/GI-Proceedings.71-13,lni71,GI-Proceedings.71-13.pdf,lni71/GI-Proceedings.71-13.pdf,From greedy to branch & bound and back: Assessing optimization strategies for incremental construction molecular docking tools,Axel Griewel Matthias Rarey,mistral-large-3-675b-instruct-2512,rse_typology_prompt_v1,run_1,1,0.95,"Die Publikation beschreibt die Entwicklung und Implementierung eines branch & bound-Algorithmus als Ersatz für den k-greedy-Ansatz in der Software FlexX, einem Tool für molekulares Docking. Der Algorithmus wurde spezifisch für die Forschungszwecke der Autoren entwickelt, implementiert und evaluiert, was klar den Kriterien für Forschungssoftware entspricht.",simulation_modellierung,1.0,,"Die Software FlexX mit dem neuen Branch-&-Bound-Ansatz wird explizit für das virtuelle Screening (Molekuldocking) eingesetzt, um Bindungsmodi von Liganden in Proteinen zu simulieren und zu modellieren. Dies ist eine klassische Simulation/Modellierung eines realweltlichen Phänomens (Protein-Ligand-Interaktion), wobei synthetische Ergebnisse mit empirischen Daten (z. B. Kristallstrukturen) verglichen werden.",entwurf;implementierung;testen_qualitaetssicherung,0.9,,"Das Paper beschreibt den Entwurf eines neuen Branch-&-Bound-Algorithmus (Abschnitt 2.2 und 2.3), dessen Implementierung in FlexX (Methodenteil) sowie die Testung und Qualitätssicherung durch Benchmarks und Vergleiche mit der Standardversion (Ergebnisteil).",numerical_mathematical;simulation_framework,0.85,simulation_framework,"Die Software umfasst numerische und mathematische Komponenten (z.B. Scoring-Funktionen, Optimierungsalgorithmen) und dient als Framework für die Simulation von Molekülinteraktionen. Da 'numerical_mathematical' nicht vollständig passt, wird 'simulation_framework' als präzisere Subkategorie vorgeschlagen.",c_cpp,0.7,,"Obwohl die Programmiersprache nicht explizit genannt wird, ist FlexX ein etabliertes Tool in der Bioinformatik, das typischerweise in C/C++ implementiert ist. Dies ist jedoch nicht direkt im Text belegt, daher die geringere certainty.",testing;benchmarking;performance_evaluation,0.95,,"Die Software wird durch Benchmarks (169 Komplexe), Performanzvergleiche (RMSD, Score, Rechenzeit) und technische Tests (Korrektheit der lokalen Bound) evaluiert. Dies ist explizit im Ergebnisteil beschrieben.",,,model_driven_optimization,0.9,,"Die Entwicklung des branch & bound-Algorithmus basiert auf einem mathematischen Optimierungsansatz, der als zentrales Vorgehen beschrieben wird (z.B. 'local bound for partial solutions', 'branch & bound method'). Die Methode ist stark modellgetrieben, wie die detaillierte Beschreibung der Score-Berechnung und der Abstandsconstraints zeigt."
lni165/507,lni165,507.pdf,lni165/507.pdf,Impossibility Results on Fair Exchange Benoˆıt Garbinato,"Ian Rickebusch Université de Lausanne CH- Lausanne, Switzerland",mistral-large-3-675b-instruct-2512,rse_typology_prompt_v1,run_1,0,1.0,"Die Publikation enthält keine eigene Forschungssoftware im Sinne der Definition. Es werden theoretische Modelle, Spezifikationen und Unmöglichkeitsresultate für das Fair-Exchange-Problem diskutiert, aber keine konkrete Softwareentwicklung, Algorithmenimplementierung oder Code-Beschreibung erwähnt. Die Referenzen auf bestehende Lösungen (z.B. TTP-basierte Ansätze, Guardian Angels) beziehen sich auf konzeptionelle Architekturen, nicht auf selbst entwickelte Software.",,,,,,,,,,,,,,,,,,,,,,,,,,
312/proceedings-04,312,proceedings-04.pdf,312/proceedings-04.pdf,"H. Roßnagel, C. H. Schunck, S. Mödersheim (Hrsg.): Open Identity Summit, Lecture Notes in Informatics (LNI), Gesellschaft für Informatik, Bonn 2021 47 Decentralized Identities for Self-sovereign End-users (DISSENS)","Martin Schanzenbach, Christian Grothoff, Hansjürg Wenger, Maximilian Kaul",mistral-large-3-675b-instruct-2512,rse_typology_prompt_v1,run_1,1,0.95,"Die Publikation beschreibt die Entwicklung und Implementierung der Forschungssoftware 'DISSENS', die eine umfassende Architektur für privatsphäre-freundliches Identitätsmanagement darstellt. Es werden eigene Softwarekomponenten wie 're:claimID' und die Integration mit 'GNU Taler' sowie Anpassungen an bestehenden Systemen (z.B. WooCommerce-Plugins) explizit genannt. Die Software wurde für den Forschungszweck maßgeblich angepasst und erweitert (vgl. Abschnitt 1.3, 3, 4.1).",product_result,1.0,,"Die Publikation beschreibt explizit eine Referenzimplementierung (DISSENS) als Pilotanwendung, die bestehende Technologien (re:claimID, GNU Taler) integriert. Der Forschungsbeitrag ist das lauffähige System selbst, nicht der Nachweis eines einzelnen Algorithmus. Dies wird durch Formulierungen wie 'reference implementation', 'pilot application' und die detaillierte Architektur- und Integrationsbeschreibung belegt.",projektdefinition;anforderungen;entwurf;implementierung;testen_qualitaetssicherung;deployment_betrieb,0.95,,"Das Paper behandelt alle Phasen des Software-Lebenszyklus: Projektdefinition (Motivation, Ziele), Anforderungen (Nutzer- und Systemanforderungen), Entwurf (Architektur, Integration von re:claimID und GNU Taler), Implementierung (Pilot-Anwendung, WooCommerce-Integration), Testen/Qualitätssicherung (Usability-Studie, SUS-Fragebögen) und Deployment/Betrieb (Pilot-Setup, Betrieb der Infrastruktur).",full_stack_application;middleware_service;plugin_extension;library_package,0.9,,"Die Software umfasst eine Full-Stack-Anwendung (Webshop basierend auf WooCommerce/WordPress), Middleware-Services (re:claimID als dezentraler Identity-Provider, GNU Taler als Zahlungssystem), Plugins/Erweiterungen (OIDC-Plugin für WooCommerce, GNU Taler Wallet) und Bibliotheken (libpabc für kryptografische Funktionen).",javascript_web;c_cpp;sql_db,0.8,,"Explizit genannt werden: JavaScript/TypeScript (Web-Frontend, WooCommerce/WordPress), C (libpabc-Bibliothek, GNU Taler, GNUnet), und SQL-Datenbanken (WooCommerce nutzt typischerweise MySQL). Andere Technologien wie OIDC oder LDAP sind Protokolle/Standards, keine Programmiersprachen.",usability_study;testing,0.95,,"Die Evaluation umfasst eine Usability-Studie mit SUS-Fragebögen und qualitativem Feedback (Abschnitt 4) sowie technisches Testen (Funktionalität der Integration, Pilot-Betrieb). Eine empirische Studie im Sinne einer inhaltlichen Forschungsfrage liegt nicht vor.",,,standardization_driven,0.9,,"Die Entwicklung der Software folgt etablierten Standards wie OpenID Connect (OIDC) und integriert diese in die Architektur. Die Implementierung orientiert sich an formalen Protokollen und Normen, was als standardgetriebene Entwicklung klassifiziert werden kann (vgl. Abschnitt 1.3, 2.1, 3.3)."
lni93/GI-Proceedings-93-4,lni93,GI-Proceedings-93-4.pdf,lni93/GI-Proceedings-93-4.pdf,An Access Control Protocol for Peer-to-Peer Applications using Asymmetric Cryptography,Sebastian Voigt,mistral-large-3-675b-instruct-2512,rse_typology_prompt_v1,run_1,1,0.95,"Die Publikation beschreibt die Entwicklung eines neuen Protokolls für Peer-to-Peer-Anwendungen mit Zugriffskontrolle unter Verwendung asymmetrischer Kryptographie. Die Implementierung dieses Protokolls wird im Kontext der Anwendung 'InfoSpaces' dargestellt, die vom Autor entwickelt wurde. Dies stellt eine maßgeschneiderte Softwarelösung für einen Forschungszweck dar (vgl. Kapitel 3 und 4, insbesondere die Beschreibung der Implementierung und des Protokolls).",product_result,0.95,,"Die Publikation beschreibt die Entwicklung eines neuen Protokolls für Peer-to-Peer-Anwendungen mit Zugriffskontrolle und Anonymität. Das Ziel der Arbeit ist das lauffähige System (InfoSpaces mit Sicherheitslayer) selbst, das als Referenzimplementierung dient. Es geht nicht primär um Datenerhebung, Analyse oder Simulation, sondern um den Bau und die Integration eines Systems als Forschungsprodukt.",entwurf;implementierung;testen_qualitaetssicherung,0.9,,"Das Paper behandelt den Entwurf des Protokolls (Kapitel 2), die Implementierung im Rahmen der InfoSpaces-Anwendung (Kapitel 3 und 4) sowie technische Tests zur Performanz und Sicherheit (Kapitel 4, z.B. RSA-Schlüssel-Verarbeitung). Anforderungen und Deployment werden nicht explizit thematisiert.",middleware_service;library_package,0.8,,Die Software fungiert als Sicherheitslayer für Peer-to-Peer-Anwendungen (Middleware) und könnte als Bibliothek/Paket in bestehende Anwendungen integriert werden (Kapitel 2: 'This security layer can be added to existing peer-to-peer applications'). Eine Full-Stack-Anwendung oder ein Plugin wird nicht explizit erwähnt.,java_jvm,0.7,,"Die Implementierung nutzt Java (explizit erwähnt: 'Java implementation' in Kapitel 4 bei der Performanzmessung). Andere Technologien wie symmetrische Verschlüsselung (SSL, Diffie-Hellman) sind Teil des Protokolls, aber nicht als primärer Techstack der Software selbst belegt.",testing;performance_evaluation,0.9,,"Die Evaluation umfasst technische Tests (z.B. Verifikation der Schlüsselverteilung und Authentifizierung, Kapitel 4) sowie Performanzmessungen (RSA-Schlüssel-Verarbeitung, Kapitel 4). Eine empirische Studie oder Usability-Evaluation ist nicht beschrieben.",,,classical_se,0.8,,"Die Entwicklung folgt einem klassischen Software-Engineering-Ansatz mit Anforderungsanalyse (Anonymität, Zugriffskontrolle, Dezentralisierung), Architektur (Verwendung von Access-Control-Matrizen, asymmetrischer Kryptographie) und Implementierungstests (vgl. Kapitel 4: 'The implementation shows that asymmetric encryption can be used to protect peer-to-peer rooms...')."
lni314/N1-7,lni314,N1-7.pdf,lni314/N1-7.pdf,A systematic literature review of machine learning canvases,Lukas-Walter Thiée,mistral-large-3-675b-instruct-2512,rse_typology_prompt_v1,run_1,0,1.0,"Die Publikation beschreibt eine systematische Literaturrecherche zu Machine-Learning-Canvases, die als visuelle Kommunikationswerkzeuge dienen. Es werden keine eigenen Quellcode-Dateien, Algorithmen, Skripte, Bibliotheken oder ausführbaren Programme entwickelt oder angepasst. Die analysierten Canvases sind konzeptionelle Artefakte ohne technische Implementierung oder Softwareentwicklung.",,,,,,,,,,,,,,,,,,,,,,,,,,
lni82/GI-Proceedings-82-11,lni82,GI-Proceedings-82-11.pdf,lni82/GI-Proceedings-82-11.pdf,Zustandstypen als Schlüssel zur Integration statischer und dynamischer Sichten der objektorientierten Modellierung,Friedrich Steimann,mistral-large-3-675b-instruct-2512,rse_typology_prompt_v1,run_1,0,1.0,"Die Publikation enthält keine eigene Forschungssoftware im Sinne von Quellcode, Algorithmen, Skripten, Bibliotheken oder ausführbaren Programmen, die zu einem Forschungszweck entwickelt oder angepasst wurden. Es handelt sich um eine konzeptionelle Arbeit zur Integration statischer und dynamischer Sichten in der objektorientierten Modellierung, insbesondere durch die Einführung von Zustandstypen und deren Verknüpfung mit Automaten. Es werden keine konkreten Softwareartefakte, Implementierungen oder Technologien beschrieben, die als Forschungssoftware klassifiziert werden könnten.",,,,,,,,,,,,,,,,,,,,,,,,,,
lni306/BIOSIG_2020_paper_4_update,lni306,BIOSIG_2020_paper_4_update.pdf,lni306/BIOSIG_2020_paper_4_update.pdf,"A. Br¨omme, C. Busch, A. Dantcheva, K. Raja, C. Rathgeb and A. Uhl (Eds.): BIOSIG 2020, Lecture Notes in Informatics (LNI), Gesellschaft f¨ur Informatik, Bonn 2020 Application of afﬁne-based reconstruction to retinal point patterns","Mahshid Sadeghpour, Arathi Arakala, Stephen A. Davis, Kathy J. Horadam",mistral-large-3-675b-instruct-2512,rse_typology_prompt_v1,run_1,1,0.95,"Die Publikation beschreibt die Anwendung und Anpassung des MSK-Algorithmus, der ursprünglich in Matlab implementiert war, in R. Die Autoren konvertierten den Matlab-Code in R-Code und nutzten diesen für die Rekonstruktion von biometrischen Templates (Gesicht und Retina). Dies stellt eine maßgebliche Anpassung und Erweiterung von Forschungssoftware dar, die explizit für den Forschungszweck verwendet wurde.",proof_of_concept_product,0.95,,"Die Publikation beschreibt die Anwendung und Anpassung des MSK-Algorithmus (ein spezifischer Algorithmus zur Rekonstruktion biometrischer Vorlagen) auf Retina-Punktmuster. Der Fokus liegt auf der prototypischen Umsetzung und dem Nachweis der Machbarkeit (bzw. hier: der Unwirksamkeit) des Algorithmus für diesen neuen Anwendungsfall. Die Software dient primär als Vehikel, um die Eignung des Algorithmus für Retina-Daten zu testen, nicht als eigenständiges Produkt oder Infrastruktur.",implementierung;testen_qualitaetssicherung,0.9,,Die Publikation beschreibt die Implementierung der MSK-Methode in R (Konvertierung des Matlab-Codes) sowie die Durchführung von Tests zur Qualitätssicherung (z.B. Reproduktion der Ergebnisse für Gesichtsbilder und Anwendung auf retinale Punktmuster).,script;analysis_pipeline,0.85,,"Die Software besteht aus R-Skripten, die eine lineare Analysepipeline (z.B. affine Transformation, Rekonstruktion von Punktmustern) umsetzen. Es handelt sich nicht um eine Bibliothek oder Full-Stack-Anwendung, sondern um skriptbasierte Analyseschritte.",r_lang,0.95,,Die Publikation erwähnt explizit die Konvertierung des MSK-Matlab-Codes in R und die Nutzung von R für die Experimente.,testing;performance_evaluation,0.9,,"Die Software wird technisch evaluiert (Testing), indem die Rekonstruktionsqualität der Punktmuster gemessen wird. Zudem wird eine Performanzevaluation durchgeführt, indem die rekonstruierten Templates mit Originalen verglichen und die Akzeptanz durch das biometrische System geprüft wird.",,,ad_hoc_scripting,0.9,,"Die Entwicklung der Software erfolgte durch die Konvertierung eines bestehenden Matlab-Codes in R und dessen Anpassung für spezifische Experimente. Dies deutet auf ein pragmatisches, ad-hoc-orientiertes Vorgehen ohne expliziten Hinweis auf einen strukturierten Entwicklungsprozess hin (vgl. Abschnitt 2.1: 'We converted the MSK Matlab code in [MSK06] to R code')."
lni65/GI-Proceedings.65-35,lni65,GI-Proceedings.65-35.pdf,lni65/GI-Proceedings.65-35.pdf,On Combining Business Process Integration and ETL Technologies,"Albert Maier, IBM Deutschland Entwicklung GmbH",mistral-large-3-675b-instruct-2512,rse_typology_prompt_v1,run_1,1,0.9,"Die Publikation schlägt eine Erweiterung der BPEL4WS-Standardsprache um SQL-Funktionalitäten und Datenprovisioning-Funktionen vor (BPEL4SQL). Diese Erweiterung stellt eine eigene Entwicklungsleistung dar, die explizit für Forschungs- und Anwendungszwecke im Bereich Business Integration und ETL-Technologien konzipiert ist. Zudem werden bestehende Technologien (BPEL, ETL-Tools) kombiniert und angepasst, um eine synergetische Lösung zu schaffen, was als maßgebliche Anpassung für Forschungszwecke gewertet werden kann.",,,,,entwurf;implementierung,0.9,,"Das Paper behandelt den Entwurf (Design) der kombinierten Technologie (BPEL4SQL) und diskutiert deren Implementierung, insbesondere die Erweiterung von BPEL um SQL-Funktionalitäten. Phasen wie Anforderungen oder Testen werden nicht explizit adressiert.",middleware_service;domain_specific_language,0.8,,"Die Software kombiniert Prozessintegration (BPEL) und ETL-Technologien, was sie als Middleware/Service einordnet. BPEL selbst ist eine domänenspezifische Sprache für die Orchestrierung von Web-Services, und die vorgeschlagene Erweiterung (BPEL4SQL) behält diesen Charakter bei.",java_jvm;sql_db;xml_xsd,0.8,,"BPEL basiert auf Web-Services, die häufig in Java/JVM implementiert sind (vgl. BPELJ-Erweiterung). Die vorgeschlagene Erweiterung BPEL4SQL integriert SQL-Funktionalitäten, und BPEL nutzt XML-Technologien (z.B. XML-Schema für Variablen).",conceptual_evaluation,0.7,,"Das Paper evaluiert die kombinierte Technologie konzeptionell durch Diskussion der Synergien und Anwendungsszenarien. Eine empirische oder technische Evaluation (z.B. Benchmarks) wird nicht beschrieben, aber die Machbarkeit und Vorteile des Ansatzes werden argumentativ dargelegt.",,,standardization_driven,0.9,,"Die Entwicklung der BPEL4SQL-Erweiterung erfolgt entlang des BPEL4WS-Standards, der als formale Norm die Grundlage für die Implementierung bildet. Die Publikation betont die Bedeutung der Standardisierung (vgl. Abstract: 'a well-accepted standardization, with the BPEL language standard') und schlägt eine Erweiterung vor, die sich an diesem Standard orientiert."
lni176/515,lni176,515.pdf,lni176/515.pdf,ISO 26262 conformant Verification Plan,"Ralf Nörenberg, Ralf Reissing, Jörg Weber Specification and Test (GR/PST), Functional Safety (GR/PSP) Daimler AG, Group Research and Advanced Engineering Hanns-Klemm-Str. , Boeblingen",mistral-large-3-675b-instruct-2512,rse_typology_prompt_v1,run_1,0,0.9,"Die Publikation beschreibt eine Methodik zur Erstellung eines ISO 26262-konformen Verifikationsplans und einer Teststrategie für die Automobilindustrie. Es wird zwar eine dokumentenbasierte Vorlage (Template) und ein Workflow-Handbuch erwähnt, jedoch keine eigene Forschungssoftware im Sinne von Quellcode, Algorithmen, Skripten oder ausführbaren Programmen entwickelt, erweitert oder angepasst. Die Arbeit konzentriert sich auf prozessuale und methodische Anpassungen, nicht auf die Entwicklung von Softwareartefakten.",,,,,,,,,,,,,,,,,,,,,,,,,,
lni352/KB_9th_Workshop_Enterprise_Architecture_Management,lni352,KB_9th_Workshop_Enterprise_Architecture_Management.pdf,lni352/KB_9th_Workshop_Enterprise_Architecture_Management.pdf,"9. Workshop Enterprise Architecture Management in Theorie und Praxis Key Users activities along ACTIVATE phases and associated challenges in a Public Cloud ERP introduction Dr. Carsten Brockmann1, Jörg Rudat2",,mistral-large-3-675b-instruct-2512,rse_typology_prompt_v1,run_1,0,1.0,"Die Publikation beschreibt die Rolle von Key Usern in der Einführung von SAP Public Cloud ERP und die ACTIVATE-Methodik, ohne eigene Forschungssoftware zu entwickeln, zu erweitern oder anzupassen. Es werden keine Quellcode-Dateien, Algorithmen, Skripte oder ausführbare Programme erwähnt, die zu einem Forschungszweck erstellt oder angepasst wurden.",,,,,,,,,,,,,,,,,,,,,,,,,,
lni52/GI.-.Proceedings.52-4,lni52,GI.-.Proceedings.52-4.pdf,lni52/GI.-.Proceedings.52-4.pdf,Strategien und Werkzeuge zur Erstellung multimedialer Lehr-und Lernmaterialien auf Basis von XML,"Lars Kornelsen, Ulrike Lucke, Djamshid Tavangarian, Matthias Waldhauer, Natalia Ossipova",mistral-large-3-675b-instruct-2512,rse_typology_prompt_v1,run_1,1,0.9,"Die Publikation beschreibt explizit die Entwicklung und Anpassung von Werkzeugen zur Erstellung und Konvertierung von XML-basierten multimedialen Lehr- und Lernmaterialien. Dazu gehören eigene Implementierungen wie Importfilter für MS Word, PowerPoint und LaTeX, Konverterprogramme für XML-Transformationen, sowie spezifische Anpassungen von Standardwerkzeugen (z. B. Adobe FrameMaker, OpenOffice) für den XML-Authoring-Prozess. Diese Werkzeuge wurden im Rahmen des Projekts 'Wissenswerkstatt Rechensysteme' entwickelt und evaluiert, was über die bloße Anwendung von Standardsoftware hinausgeht.",,,,,anforderungen;entwurf;implementierung;testen_qualitaetssicherung;deployment_betrieb,0.9,,"Das Paper behandelt explizit verschiedene Phasen des Software-Lebenszyklus: Anforderungen (z. B. an Werkzeuge in Abschnitt 2.3), Entwurf (z. B. Strategien und Architekturen in Kapitel 3), Implementierung (z. B. konkrete Werkzeuge wie FrameMaker, OpenOffice), Testen/Qualitätssicherung (z. B. Evaluation der Werkzeuge in Abschnitt 3.4) und Deployment/Betrieb (z. B. Exportfilter und Infrastruktur in Abschnitt 3.3 und 4).",plugin_extension;middleware_service;data_exchange_standard;reengineering_tool,0.8,authoring_tool,"Die Publikation beschreibt verschiedene Arten von Software: (1) Plugins/Erweiterungen (z. B. Word-Plugins für XML-Export, Abschnitt 3.1), (2) Middleware/Dienste (z. B. XSL-Transformationen, Abschnitt 3.3), (3) Datenaustausch-Standards (XML-Sprachen wie LMML, SMIL, Abschnitt 1), und (4) Entwicklungsumgebungen (z. B. FrameMaker, OpenOffice, Abschnitt 3.2). Da die Werkzeuge primär der Erstellung von Lehrmaterialien dienen, wird 'authoring_tool' als neue Subkategorie vorgeschlagen, da keine der bestehenden Kategorien dies vollständig abdeckt.",xml_xsd;visual_basic;java_jvm,0.9,,"Der Techstack umfasst explizit XML-Technologien (XML, XSD, XSL, Abschnitt 1 und 3), Visual Basic (für COM-/OLE-Schnittstellen, Abschnitt 3.1 und 3.3) und Java (für XML-APIs wie SAX, Abschnitt 3.1). Andere Technologien wie LaTeX oder FrameMaker sind keine Programmiersprachen und werden daher nicht berücksichtigt.",testing;usability_study,0.8,,"Die Evaluation der Werkzeuge erfolgt durch (1) Testing (z. B. Validierung von XML-Dokumenten, Abschnitt 2.3) und (2) Usability-Studien (z. B. Akzeptanz und Nutzen im praktischen Einsatz, Abschnitt 3.4 und 4). Eine empirische Studie im engeren Sinne (mit Forschungsfrage) wird nicht beschrieben.",,,classical_se,0.7,,"Die Entwicklung der Werkzeuge folgt einem strukturierten Prozess mit klaren Phasen (vgl. Abschnitt 2.1: Phasen-Modell) und spezifischen Anforderungen an die Werkzeuge (vgl. Abschnitt 2.3). Dies deutet auf eine plangetriebene Vorgehensweise hin, die typisch für klassisches Software-Engineering ist. Zudem werden Anpassungen von Standardwerkzeugen (z. B. FrameMaker, OpenOffice) beschrieben, die auf bestehenden Architekturen aufbauen."
lni366/Faehndrich_et_al,lni366,Faehndrich_et_al.pdf,lni366/Faehndrich_et_al.pdf,On-premise Multi-Modal RAG for AI aided Investigation,"Johannes Fähndrich , Fabian Ernst und Lars Mechler",mistral-large-3-675b-instruct-2512,rse_typology_prompt_v1,run_1,1,0.95,"Die Publikation beschreibt die Entwicklung eines on-premise, multi-modalen Retrieval-Augmented Generation (RAG) Systems, das explizit für forensische Untersuchungen maßgeblich angepasst und implementiert wurde. Dies umfasst die Integration eines lokalen Large Language Models (LLM), die Verarbeitung multi-modaler Daten (Text und Bilder) sowie die Implementierung von Chain-of-Thought-Strategien. Die Autoren erwähnen zudem die Implementierung eines vorläufigen RAG-Systems (Option 0) und diskutieren verschiedene technische Ansätze für die Integration von Bildern (Optionen 1-3). Diese Entwicklungen gehen über die bloße Anwendung von Standardsoftware hinaus und stellen eigene Forschungssoftware dar.",product_result,1.0,,"Die Publikation beschreibt explizit die Entwicklung und Demonstration einer on-premise, multi-modalen RAG-Systemarchitektur als zentrales Forschungsergebnis. Der Fokus liegt auf dem Bau und der Integration des Systems selbst (z. B. 'We demonstrate the architecture of our approach'), nicht auf der Analyse von Daten für ein übergeordnetes Forschungsziel oder der Evaluation eines einzelnen Algorithmus. Die Software ist somit das Produkt der Forschung.",anforderungen;entwurf;implementierung;testen_qualitaetssicherung,0.9,,"Das Paper behandelt die Anforderungen (z.B. Datenschutz, Compliance), den Entwurf der Architektur (z.B. Multi-Modal RAG-Optionen), die Implementierung eines vorläufigen RAG-Systems und die Qualitätssicherung (z.B. Halluzinationen oder falsche Kontexte werden erwähnt). Deployment/Betrieb wird nicht explizit behandelt, da die Software noch nicht außerhalb des Forschungsumfelds eingesetzt wird.",full_stack_application;library_package,0.8,,"Die Software wird als on-premise RAG-System beschrieben, das Frontend- und Backend-Komponenten umfasst (full_stack_application). Zudem werden Bibliotheken/Pakete wie CLIP oder multi-modale LLMs integriert (library_package). Eine explizite Nennung als 'Full-Stack-Anwendung' fehlt, aber die Beschreibung der Architektur und Integration verschiedener Komponenten legt dies nahe.",python,0.5,,"Der Techstack wird nicht explizit genannt, aber die Verwendung von Python ist in RAG-Systemen und LLMs üblich. Da keine anderen Sprachen oder Technologien erwähnt werden, wird Python als wahrscheinlichste Wahl angenommen, allerdings mit geringer Sicherheit.",testing;planned,0.9,,"Die Software wurde technisch getestet (z.B. auf Halluzinationen oder falsche Kontexte), und es wird erwähnt, dass zukünftige Tests mit realen Fällen geplant sind. Eine empirische Studie oder Usability-Studie wurde bisher nicht durchgeführt.",,,agile,0.7,,"Die Publikation erwähnt die Implementierung eines vorläufigen RAG-Systems und zukünftige Arbeiten wie das Testen auf realen Fällen sowie die Integration von Augmentationen wie propositionalem Chunking und Prompt-Chaining (vgl. Abschnitt 5: 'Future work includes testing on real cases provided by our prosecutors, as well as the integration of augmentations such as propositional chunking and modifications to our prompts using techniques like prompt chaining, Tree-of-Thought, and others.'). Dies deutet auf eine iterative, prototypengetriebene Entwicklung hin, die typisch für agile Methodiken ist."
lni331/B1-7,lni331,B1-7.pdf,lni331/B1-7.pdf,The Easiest Way of Turning your Relational Database into a Blockchain — and the Cost of Doing So,"Felix Schuhknecht, Simon Jörz",mistral-large-3-675b-instruct-2512,rse_typology_prompt_v1,run_1,1,0.95,"Die Publikation beschreibt die Entwicklung und Integration einer Forschungssoftware, die ein relationales DBMS (PostgreSQL/MySQL) in das Blockchain-Framework Tendermint Core einbindet. Der Quellcode, die Implementierung der ABCI-Schnittstelle und die Evaluierung der Performance sind explizit dokumentiert und stehen als Open Source zur Verfügung (vgl. Abstract, Abschnitt 1.1, 3.3, und Repository-Link). Dies erfüllt die Kriterien für Forschungssoftware.",product_result,1.0,,"Die Publikation beschreibt die Entwicklung und Evaluierung eines 'relational blockchain'-Systems als integriertes System aus Tendermint Core und relationalen DBMS (PostgreSQL/MySQL). Der Forschungsbeitrag liegt im Bau und der Integration dieses lauffähigen Systems selbst (Architektur + Referenzimplementierung), nicht in der Analyse von Daten oder der Demonstration eines einzelnen Algorithmus. Die Software ist das primäre Ergebnis der Forschung.",entwurf;implementierung;testen_qualitaetssicherung;deployment_betrieb,0.9,,"Das Paper beschreibt den Entwurf der Architektur (z.B. Integration von Tendermint Core mit relationalen DBMS), die Implementierung (z.B. ABCI-Funktionen, Docker-Container), die Qualitätssicherung durch Tests (z.B. Benchmarks mit Smallbank und TPC-C) und das Deployment (z.B. Nutzung von Docker-Containern, AWS EC2-Instanzen).",middleware_service;plugin_extension,0.85,,"Die Software fungiert als Middleware, die eine Blockchain-Framework (Tendermint Core) mit relationalen Datenbanken verbindet. Die Integration erfolgt über die ABCI-Schnittstelle, was als Plugin/Erweiterung des Frameworks betrachtet werden kann. Die Kategorie 'middleware_service' passt am besten, da die Software eine verbindende Schicht zwischen Systemen darstellt.",go;sql_db,0.95,go,"Die Implementierung nutzt Go (Tendermint Core ist in Go geschrieben) und SQL-Datenbanken (PostgreSQL, MySQL). Go ist nicht in den vorgegebenen Subkategorien enthalten, wird aber explizit im Text genannt (z.B. Nutzung von Go-Paketen wie pgx und go-sql-driver/mysql).",testing;benchmarking;performance_evaluation,0.9,,"Die Software wird durch technische Tests (z.B. Korrektheit der SQL-Ausführung), Benchmarks (Smallbank, TPC-C) und Performanzevaluationen (Latenz, Durchsatz) evaluiert. Die Evaluation zielt auf funktionale Korrektheit und Performance ab, ohne dass Versuchspersonen einbezogen werden.",,,classical_se,0.85,,"Die Entwicklung folgt einem klassischen Software-Engineering-Ansatz mit klarer Anforderungsanalyse (z.B. Determinismus, Schnittstellenimplementierung), Architekturdefinition (ABCI-Schnittstelle, server- vs. builtin-Variante) und Evaluation (Performance-Tests, Benchmarks). Dies wird in den Abschnitten 3.2, 3.3 und 4.2 explizit beschrieben."
lni19/GI-Proceedings.19-103,lni19,GI-Proceedings.19-103.pdf,lni19/GI-Proceedings.19-103.pdf,"Konzeption des Concurrent Engineering bei der Ferrostaal AG Dr. Jan-Peter Hazebrouck, Franz-Josef Heinen",Ferrostaal Aktiengesellschaft Hohenzollernstrasse Essen,mistral-large-3-675b-instruct-2512,rse_typology_prompt_v1,run_1,0,0.9,"Die Publikation beschreibt den Einsatz von Concurrent Engineering und zugehörigen Tools (z.B. Dokumentenmanagementsystem ELOdigital, Collaborative CAD, VPN-Infrastruktur) bei der Ferrostaal AG. Es handelt sich dabei um kommerzielle Standardsoftware (z.B. ELOdigital, CAD-Systeme) und Infrastruktur (MANnet, VPN), die für den industriellen Einsatz angepasst und genutzt wird. Es gibt keine Hinweise auf die Entwicklung eigener Forschungssoftware im Sinne von Quellcode, Algorithmen oder maßgeschneiderten rechnergestützten Arbeitsabläufen für Forschungszwecke. Die beschriebenen Tools dienen der industriellen Projektkoordination und -abwicklung, nicht der Forschung.",,,,,,,,,,,,,,,,,,,,,,,,,,
lni177/168,lni177,168.pdf,lni177/168.pdf,Deep Business Optimization: A Platform for Automated Process Optimization,"Florian Niedermann, Sylvia Radeschütz, Bernhard Mitschang",mistral-large-3-675b-instruct-2512,rse_typology_prompt_v1,run_1,1,0.95,"Die Publikation beschreibt die Entwicklung einer Plattform namens 'Deep Business Optimization Platform (dBOP)', die eigene Algorithmen, Data-Mining-Techniken, Schema-Matching-Methoden und Optimierungsmuster umfasst. Diese Plattform wurde explizit für den Forschungszweck der automatisierten Prozessoptimierung entwickelt und angepasst, was über die bloße Anwendung von Standardsoftware hinausgeht. Beispielsweise werden in Abschnitt 3.1 und 3.2 eigene Methoden zur Datenintegration und -analyse vorgestellt, und in Abschnitt 4 wird ein Pattern-Katalog für die Optimierung beschrieben.",product_result,0.95,,"Die Publikation beschreibt die dBOP-Plattform als zentrales Ergebnis der Forschung, das bestehende Bausteine (z. B. Data Mining, Datenintegration) neu integriert. Der Fokus liegt auf der Architektur und Implementierung des Systems selbst, nicht auf der Analyse von Daten für ein übergeordnetes Forschungsziel oder der prototypischen Umsetzung eines einzelnen Algorithmus.",projektdefinition;anforderungen;entwurf;implementierung;testen_qualitaetssicherung,0.9,,"Das Paper behandelt die Projektdefinition (Motivation, Problemraum), Anforderungen (z.B. Integration von Datenquellen, analytische Verfahren), Entwurf (Architektur der Plattform mit Schichten wie dBDI, dBA, dBPO), Implementierung (konkrete Umsetzung der Komponenten) und Testen/Qualitätssicherung (z.B. Pattern-Katalog, Data-Mining-Algorithmen). Deployment/Betrieb wird nicht explizit adressiert.",full_stack_application;middleware_service;library_package,0.8,,"Die Plattform ist eine Full-Stack-Anwendung (Frontend/Backend, z.B. für Business Analysten), enthält Middleware-Komponenten (dBDI für Datenintegration, dBA für Analytics) und bietet wiederverwendbare Bibliotheken/Pakete (z.B. Pattern-Katalog, Data-Mining-Algorithmen). Die Kategorien sind durch die Architektur (Abbildung 3) und die Beschreibung der Schichten belegt.",xml_xsd;sql_db,0.8,,"Explizit genannt werden BPEL (XML-basiert) für die Prozessorchestrierung und der Business Process Analytics Format (BPAF)-Standard (XML-basiert). Zudem wird die Integration heterogener Datenquellen (inkl. Data Warehouse) thematisiert, was auf SQL/Datenbanken hindeutet. Keine explizite Nennung von Programmiersprachen oder Frameworks, daher keine weiteren Kategorien.",conceptual_evaluation,0.7,,"Die Evaluation der Plattform erfolgt konzeptionell durch die Beschreibung der Architektur, der Methoden (z.B. Data Mining, Pattern-Katalog) und eines Beispiels ('Automated Approval' Pattern). Eine empirische Studie, Usability-Studie oder Benchmarking wird nicht berichtet. Die Plattform wird als Proof-of-Concept vorgestellt, aber nicht technisch getestet (z.B. Unit-Tests).",,,data_science_pipeline;model_driven_optimization,0.9,,"Die Entwicklung der Plattform folgt einer Data-Science-Pipeline (Datenintegration -> Vorverarbeitung -> Analyse -> Optimierung), wie in Abschnitt 3.2.2 beschrieben. Zudem basiert die Optimierung auf modellgetriebenen Ansätzen, insbesondere der Nutzung von Optimierungsmustern (Pattern Catalogue) und mathematischen Modellen zur Prozessverbesserung (Abschnitt 4.2)."
lni56/GI-Proceedings.56-1,lni56,GI-Proceedings.56-1.pdf,lni56/GI-Proceedings.56-1.pdf,eSarine -A Struts-based Webshop for Small and Medium-sized Enterprises,"Nicolas Werro, Henrik Stormer, Daniel Frauchiger, Andreas Meier",mistral-large-3-675b-instruct-2512,rse_typology_prompt_v1,run_1,1,0.95,"Die Publikation stellt eSarine vor, eine eigenentwickelte, Struts-basierte Open-Source-Webshop-Software, die speziell für kleine und mittlere Unternehmen konzipiert wurde. Die Software umfasst Quellcode, Architekturdesign (MVC-Pattern), Datenbankanbindung, Internationalisierung und Erweiterungsmöglichkeiten. Sie wurde maßgeblich für den Forschungszweck der Bereitstellung einer kostengünstigen E-Commerce-Lösung entwickelt und ist damit Forschungssoftware im definierten Sinne.",product_result,1.0,,"Die Publikation beschreibt eSarine als ein fertiges, lauffähiges Open-Source-Webshop-System, das speziell für KMUs entwickelt wurde. Der Fokus liegt auf der Präsentation der Architektur, Funktionen und Implementierung des Systems selbst als Ergebnis der Forschung, nicht auf der Nutzung der Software für ein übergeordnetes Forschungsziel wie Datenerhebung oder Analyse. Die Software ist das primäre Produkt der Arbeit.",projektdefinition;anforderungen;entwurf;implementierung;testen_qualitaetssicherung;deployment_betrieb,0.9,,"Das Paper behandelt explizit die Motivation und Projektdefinition (Abschnitt 1), die Anforderungen an eine E-Commerce-Lösung für KMUs, den Entwurf der Softwarearchitektur (z.B. MVC-Pattern, Struts-Framework), die Implementierung (Java, JDBC, JSP), die Qualitätssicherung (z.B. Diskussion der Vorteile der gewählten Architektur) und den Betrieb (z.B. Datenbankanbindung, Internationalisierung, Deployment).",full_stack_application,0.95,,"eSarine ist eine Full-Stack-Webanwendung mit Frontend (JSP, HTML/CSS) und Backend (Java Servlets, Struts, JavaBeans). Es handelt sich um eine vollständige Anwendung, die sowohl die Kunden- als auch die Administratorensicht abdeckt.",java_jvm;javascript_web;sql_db,0.9,,"Das Paper nennt explizit Java als Programmiersprache (JVM), JavaServer Pages (JSP) für das Frontend (implizit JavaScript/HTML/CSS), und SQL-Datenbanken (JDBC-Anbindung an MySQL, PostgreSQL, etc.).",testing,0.7,,"Das Paper erwähnt keine explizite Evaluation mit Nutzern oder empirischen Studien. Allerdings wird die technische Funktionalität der Software diskutiert (z.B. Datenbankanbindung, MVC-Architektur, Internationalisierung), was auf technische Tests hindeutet. Eine Usability-Studie oder empirische Evaluation ist nicht belegt.",,,classical_se,0.9,,"Die Entwicklung von eSarine folgt einem klassischen Software-Engineering-Ansatz mit klarer Anforderungsanalyse (z.B. Kostenreduktion, Internationalisierung), Architekturdesign (MVC-Pattern, Struts-Framework), Modularisierung (Datenbankanbindung, Benutzerverwaltung) und Erweiterbarkeit (vgl. Abschnitt 2: 'Model-View-Controller pattern', Abschnitt 3: 'Database Connectivity', Abschnitt 4: 'eSarine Features'). Dies entspricht den Merkmalen einer plangetriebenen Entwicklung."
Modellierung_2022_WS/paper10,Modellierung_2022_WS,paper10.pdf,Modellierung_2022_WS/paper10.pdf,Modeling Pig Rearing as a Digital Shadow,Tobias Zimpel,mistral-large-3-675b-instruct-2512,rse_typology_prompt_v1,run_1,0,0.9,"Die Publikation beschreibt die Modellierung eines 'Digital Shadow' für die Schweinemast, insbesondere die konzeptuelle Darstellung von Datenquellen, Datenpunkten und Metadaten mittels UML-Klassendiagrammen. Es wird jedoch keine eigene Forschungssoftware im Sinne von Quellcode, Algorithmen, Skripten oder ausführbaren Programmen entwickelt, angepasst oder erweitert. Die Arbeit konzentriert sich auf die konzeptuelle Modellierung und die Nutzung bestehender Datenanalyse-Methoden (z.B. Association Rule Mining), ohne dass eine Implementierung oder Anpassung von Software explizit erwähnt wird.",,,,,,,,,,,,,,,,,,,,,,,,,,
lni110/227,lni110,227.pdf,lni110/227.pdf,Modellierungsansatz für ubiquitäre Applikationen Dipl.-Ing. Dirk Liekenbrock Dipl.-Inform. Andreas Nettsträter Fraunhofer-Institut Materialfluss und Logistik Joseph-von-Fraunhofer-Straße 2-4,Dortmund,mistral-large-3-675b-instruct-2512,rse_typology_prompt_v1,run_1,1,0.9,"Die Publikation diskutiert die Entwicklung und Integration von Simulationswerkzeugen für ubiquitäre Anwendungen in der Logistik. Explizit werden Netzwerksimulatoren (z.B. ns2) und Sensornetzwerksimulatoren (z.B. TinyOS/TOSSIM) genannt, die für Forschungszwecke eingesetzt und angepasst werden. Zudem wird ein alternativer Modellierungsansatz basierend auf zellularen Automaten vorgestellt, der als verbindende Komponente zwischen Materialflusssimulation und Netzwerksimulation dient. Dies deutet auf die Entwicklung oder maßgebliche Anpassung von Software zur Simulation und Modellierung hin.",,,,,entwurf;implementierung;testen_qualitaetssicherung,0.9,,"Der Text behandelt den Entwurf (z.B. Modellierung zellularer Automaten, Kopplung von Simulationswerkzeugen), die Implementierung (z.B. Diskussion von Simulationswerkzeugen wie ns2 und TinyOS/TOSSIM) und die Qualitätssicherung (z.B. Analyse von Metriken wie QoS, Skalierbarkeit und Ausfalltoleranz).",simulation_framework,0.9,simulation_framework,"Die Publikation beschreibt die Entwicklung eines integrativen Modellierungsansatzes basierend auf zellularen Automaten, der sowohl Materialflusssimulation als auch Netzwerksimulation vereint. Dies geht über reine numerisch/mathematische Software hinaus und stellt ein Framework für die Simulation verteilter Anwendungen dar.",conceptual,0.8,,"Der Text erwähnt explizit Simulationswerkzeuge wie ns2 und TinyOS/TOSSIM, nennt jedoch keine konkreten Programmiersprachen oder Technologien für die Implementierung des vorgeschlagenen Modellierungsansatzes. Daher wird die Kategorie 'conceptual' gewählt.",testing,0.85,,"Die Publikation diskutiert die Analyse von Metriken wie QoS, Skalierbarkeit und Ausfalltoleranz im Rahmen der Netzwerksimulation, was auf eine technische Evaluation der Software hindeutet. Eine empirische Studie oder Usability-Studie wird nicht erwähnt.",,,classical_se,0.8,,"Die Entwicklung der Simulationswerkzeuge und des alternativen Modellierungsansatzes (zellulare Automaten) folgt einem strukturierten Vorgehen mit Anforderungsanalyse (z.B. Integration von Materialfluss- und Netzwerksimulation), Architekturdefinition (Kopplung der Werkzeuge) und Test (Zeitverhalten, Modellkomplexität). Dies deutet auf ein klassisches Software-Engineering-Vorgehen hin (vgl. Abschnitte 2.3 und 3)."
lni307/A6-0,lni307,A6-0.pdf,lni307/A6-0.pdf,"Industrie 4.0 – Aktuelle Entwicklungen aus Sicht der Informatik Zusammenfassung aus der Sitzung SES-06 am Mittwoch, 30.09.2020",Thomas Uslčnder,mistral-large-3-675b-instruct-2512,rse_typology_prompt_v1,run_1,1,0.8,"Die Publikation erwähnt explizit den 'IDS Factory Connector', der vom Fraunhofer IOSB entwickelt wurde und Industrie 4.0-Anwendungsfälle für sicheren, datensouveränen, semantischen und interoperablen Datenaustausch unterstützt. Dieser Connector ist eine maßgeschneiderte Softwarelösung, die für Forschungszwecke (Industrie 4.0, Datensouveränität) entwickelt wurde und über die Anwendung allgemein verfügbarer Standardsoftware hinausgeht. Zudem wird das 'Smart Factory Web' als Blueprint-Architektur für Produktionsökosysteme genannt, das prototypisch realisiert wurde und als Referenzanwendungsfall für die IDS-Industrial Community dient.",,,,,entwurf;implementierung;deployment_betrieb,0.8,,"Der Text behandelt explizit den Entwurf (z.B. Architektur von Edge-Computing-Lösungen, semantische Interoperabilität), die Implementierung (z.B. IDS Factory Connector, Verwaltungsschale) und den Betrieb/Deployment (z.B. Integration in Smart Factory Web, industrielle Marktplätze). Anforderungen und Testen werden nicht explizit erwähnt, daher keine Nennung dieser Phasen.",middleware_service;plugin_extension;data_exchange_standard,0.9,,"Die beschriebenen Software-Artefakte umfassen Middleware (z.B. IDS Connector, Edge-Computing-Architekturen), Plugins/Erweiterungen (z.B. Anreicherung der Verwaltungsschale mit IDS-Komponenten) und Datenaustausch-Standards (z.B. semantische Interoperabilität, Verwaltungsschale als Modellierungselement).",conceptual,0.9,,"Der Text erwähnt keine konkreten Programmiersprachen oder Technologien, sondern beschreibt konzeptionelle Ansätze (z.B. semantische Interoperabilität, Edge-Computing-Architekturen). Daher wird 'conceptual' gewählt.",planned,0.7,,"Die Publikation erwähnt die Nutzung des IDS Factory Connectors im Smart Factory Web und als Referenzanwendungsfall, aber es wird nicht explizit eine durchgeführte Evaluation beschrieben. Die Diskussion der Konzepte deutet auf geplante oder laufende Evaluierungen hin, ohne konkrete Methoden zu nennen.",,,standardization_driven,0.9,,"Die Entwicklung des 'IDS Factory Connector' und der Verwaltungsschale (VWS) erfolgt entlang formaler Standards und Normen (z.B. International Data Spaces, Verwaltungsschale). Der Text betont die Bedeutung von Standardisierung als Schlüsselerfolgsfaktor für Industrie 4.0-basierte Geschäftsnetzwerke und die Integration von IDS-Komponenten in bestehende Standardprotokolle (vgl. Text: 'Standardisierung als Schlüsselerfolgsfaktor', 'Verwendung der Standardprotokolle und Nachrichtenformate der Verwaltungsschalen')."
lni361/BTW2025-50,lni361,BTW2025-50.pdf,lni361/BTW2025-50.pdf,Generating Federated REST API Servers,"Patrick Hansert , Bozhou Bai , Ngoc Anh Le, and Sebastian Michel",mistral-large-3-675b-instruct-2512,rse_typology_prompt_v1,run_1,1,0.95,"Die Publikation beschreibt die Entwicklung eines Generators, der aus einer OpenAPI-Spezifikation einen vollständigen föderierten REST-API-Server erzeugt. Dieser Generator ist eine eigene Forschungssoftware, die explizit für den Forschungszweck der Integration und Optimierung von REST-APIs entwickelt wurde (vgl. Abstract: 'we propose the demonstration of a generator that produces a complete federated REST API server from a specification'). Der Quellcode und die Methodik zur Generierung der Server sind zentraler Bestandteil der Arbeit.",product_result,1.0,,"Die Publikation beschreibt explizit die Entwicklung eines Generators für federierte REST API Server als zentrales Forschungsergebnis. Der Fokus liegt auf der Erstellung des Systems selbst (Code-Generator, Architektur, Integration), nicht auf der Anwendung für ein übergeordnetes Forschungsziel wie Datenerhebung oder Analyse. Die Software ist das Produkt der Forschung.",anforderungen;entwurf;implementierung;testen_qualitaetssicherung;deployment_betrieb,0.95,,"Das Paper behandelt explizit die Anforderungen (OpenAPI-Spezifikationen, Erweiterungen), den Entwurf (Architektur der föderierten Server, Pipeline), die Implementierung (Code-Generierung, Integration von OpenAPI-Tools), das Testen (Demonstration der Funktionalität) und das Deployment (Bereitstellung der generierten Server).",middleware_service;library_package,0.9,,"Die Software agiert als Middleware (föderierter REST-API-Server, Proxy zwischen Client und Komponentenservern) und nutzt OpenAPI-Tools als Bibliotheken/Pakete zur Code-Generierung. Die Generierung von Servern aus Spezifikationen deutet auf eine wiederverwendbare Komponente hin, die als 'library_package' klassifiziert werden kann.",java_jvm,0.7,,"Der Techstack wird nicht explizit genannt, aber die Verwendung des 'OpenAPI-Generators' (der typischerweise in Java/JVM-Sprachen implementiert ist) und die Erwähnung von 'client and server functionality' in verschiedenen Programmiersprachen deuten auf Java/JVM hin. Andere Sprachen werden nicht erwähnt, daher ist die Sicherheit moderat.",testing;conceptual_evaluation,0.9,,"Die Evaluation erfolgt durch technische Tests (Demonstration der Funktionalität, Verifikation der API-Kompatibilität) und eine konzeptionelle Evaluation (Vorstellung des Ansatzes in der Demo-UI, Diskussion der Erweiterungen). Es gibt keine empirische Studie mit Nutzern oder Benchmarking, sondern primär einen Nachweis der technischen Machbarkeit.",,,standardization_driven,0.95,,Die Entwicklung der Software folgt dem OpenAPI-Standard als leitendem Prozess. Dies wird im Abstract ('OpenAPI format') und in Abschnitt 2 ('Standards like OpenAPI have been developed to specify and document REST APIs') sowie in Abschnitt 3 ('Our generator assumes to find the response containing the data under status code 200') explizit belegt. Die Erweiterungen der OpenAPI-Spezifikation (x-federation) sind ebenfalls standardgetrieben.
lni133/81,lni133,81.pdf,lni133/81.pdf,Innovation und Interoperabilität – zentrale Anforderungen der EU-Dienstleistungsrichtline?,Mario Wendt Interoperability Architect Public Sector Microsoft Deutschland GmbH Gasstrasse A Hamburg,mistral-large-3-675b-instruct-2512,rse_typology_prompt_v1,run_1,1,0.9,"Die Publikation beschreibt einen prototypischen Architekturaufbau zur Umsetzung der EU-Dienstleistungsrichtlinie (EU-DLR) im Fraunhofer FOKUS eGovernment Lab. Es wird explizit Code zur eigenständigen Implementierung bereitgestellt (vgl. Abschnitt 3: 'Code zur eigenständigen Implementierung zum freien Download bereitgestellt'). Zudem werden technische Komponenten wie der Microsoft BizTalk Server, Microsoft Forms Server, Microsoft Dynamics CRM und Microsoft SharePoint als Teil der Architektur genannt, die in einem Forschungs- und Entwicklungsprojekt angepasst und integriert wurden. Dies deutet auf eine maßgebliche Anpassung und Entwicklung von Software für den Forschungszweck hin.",,,,,projektdefinition;anforderungen;entwurf;implementierung;deployment_betrieb,0.8,,"Der Text behandelt die Projektdefinition (Herausforderungen und Anforderungen der EU-DLR), Anforderungen (organisatorische, prozessuale, technische), Entwurf (Architektur, Schnittstellen, Komponenten), Implementierung (prototypische Umsetzung mit Microsoft-Produkten) und Deployment/Betrieb (Bereitstellung des Codes zum Download, Vorstellung des Demonstrators). Die Phase 'testen_qualitaetssicherung' wird nicht explizit erwähnt.",middleware_service;full_stack_application,0.9,,"Die Software umfasst eine serviceorientierte Architektur (Middleware) mit Komponenten wie Microsoft BizTalk Server, SharePoint, Dynamics CRM und Customer Care Framework, die als verbindende Schicht zwischen Systemen fungieren. Zudem wird eine Full-Stack-Anwendung beschrieben, die Frontend- (z.B. Online-Formulare) und Backend-Dienste (z.B. Workflows, Verzeichnisdienste) integriert.",csharp_dotnet;xml_xsd,0.8,,"Der Text erwähnt explizit den Einsatz von Microsoft-Produkten wie BizTalk Server, SharePoint und Dynamics CRM, die auf der .NET-Plattform basieren (C#). Zudem wird XML zur Strukturierung von Daten und für Schnittstellen verwendet (z.B. XÖV-Standardisierung). Andere Technologien wie JavaScript/Web werden nicht explizit genannt.",testing,0.7,,"Die Publikation beschreibt die prototypische Umsetzung und den Einsatz des Demonstrators zur Diskussion technischer Umsetzungsstrategien. Dies deutet auf eine technische Evaluation (Testing) hin, um die Funktionalität und Interoperabilität der Software zu prüfen. Eine empirische Studie, Usability-Studie oder konzeptionelle Evaluation wird nicht erwähnt.",,,standardization_driven,0.9,,"Die Entwicklung der Software erfolgt entlang der Anforderungen der EU-Dienstleistungsrichtlinie (EU-DLR) als formaler Norm (vgl. Abstract: 'einheitliche Lösungsansätze auf organisatorischer, prozessualer und technischer Ebene' sowie Abschnitt 1: 'Anforderungen im Rahmen der Richtlinie 2006/123/EG'). Die Architektur und Implementierung orientieren sich an diesen Standards (vgl. Abschnitt 2.1: 'Schnittstellen und Datenstrukturen genormt im Sinne der deutschen XÖV Standardisierung')."
lni338/45,lni338,45.pdf,lni338/45.pdf,cba doi: 10.18420/delfi2023-45 Semi-assisted Module Handbook Content Extraction for the Application of Curriculum Analytics,"Rene Roepke , Maximilian Nell and Ulrik Schroeder",mistral-large-3-675b-instruct-2512,rse_typology_prompt_v1,run_1,1,0.95,"Die Publikation stellt ein Tool für die semi-assistierte Extraktion von Inhalten aus Modulhandbüchern vor, das unter Verwendung von Natural Language Processing (NLP) und Text Mining entwickelt wurde. Der Quellcode ist auf GitLab verfügbar (https://git.rwth-aachen.de/learntech-lufgi9/mhb-extractor), was die Eigenentwicklung und Anpassung für den Forschungszweck belegt.",product_result,0.95,,"Die Publikation beschreibt die Entwicklung eines Prototyps für ein Tool zur semi-assistierten Extraktion von Modulhandbuch-Inhalten. Der Fokus liegt auf dem lauffähigen System selbst (dem Tool) als Ergebnis der Forschung, nicht auf der Analyse von Daten für ein übergeordnetes Forschungsziel. Die Software ist das primäre Deliverable, was auf 'product_result' hindeutet.",implementierung;testen_qualitaetssicherung,0.9,,"Das Paper beschreibt die Implementierung der Software (NLP-Modell, Text-Mining-Techniken, PDF-Verarbeitung) sowie die semi-assistierte Qualitätssicherung durch Nutzer:innen, die Extraktionsergebnisse korrigieren. Phasen wie Anforderungen oder Entwurf werden nicht explizit erwähnt, aber die Implementierung und Qualitätssicherung sind klar belegt.",full_stack_application,0.7,content_extraction_tool,"Die Software kombiniert NLP-Modelle, Text-Mining und eine Benutzeroberfläche für die semi-assistierte Korrektur, was auf eine Full-Stack-Anwendung hindeutet. Allerdings wird die technische Architektur nicht detailliert beschrieben, sodass 'full_stack_application' die nächstliegende Kategorie ist. Alternativ könnte 'content_extraction_tool' als präzisere Subkategorie vorgeschlagen werden, da es sich um ein domänenspezifisches Werkzeug handelt.",python,0.5,,"Der Techstack wird nicht explizit genannt. Allerdings sind NLP-Modelle und Text-Mining-Techniken häufig in Python implementiert, was eine plausible Annahme ist. Da dies nicht explizit belegt ist, wird die Sicherheit niedrig angesetzt.",testing,0.8,,"Die Evaluation der Software erfolgt durch die semi-assistierte Überprüfung der Extraktionsergebnisse durch Nutzer:innen, was als technischer Nachweis der Funktionalität (Korrektheit der Extraktion) interpretiert werden kann. Eine empirische Studie oder Usability-Studie wird nicht beschrieben.",,,ad_hoc_scripting;data_science_pipeline,0.85,,"Die Entwicklung der Software basiert auf NLP und Text Mining (vgl. Text: 'using natural language processing (NLP) and text mining techniques'), was auf eine datengetriebene Methodik hindeutet. Zudem wird ein semi-assistierter Ansatz beschrieben, der auf pragmatische Skripte und Heuristiken setzt (z.B. 'a predefined set of synonyms for module properties', 'extract a list of bold strings in the PDF'), was auf Ad-hoc-Skripting schließen lässt."
lni55/GI-Proceedings.55-17,lni55,GI-Proceedings.55-17.pdf,lni55/GI-Proceedings.55-17.pdf,Workﬂow Management for Grid Computing – A Grid Workﬂow Infrastructure,"Dieter Cybok msg systems ag, Munich, Germany",mistral-large-3-675b-instruct-2512,rse_typology_prompt_v1,run_1,1,0.95,"Die Publikation beschreibt die Entwicklung einer Grid Workflow Infrastructure, einschließlich der Spezifikation der Grid Workflow Execution Language (GWEL) und der Implementierung eines Workflow-Ausführungssystems (Workflow Execution Engine) unter Verwendung von Globus Toolkit 3 (GT3). Diese Software wurde explizit für den Forschungszweck der Orchestrierung und Verwaltung von Grid-Services in e-Science-Anwendungen entwickelt und stellt somit Forschungssoftware dar.",product_result,1.0,,"Die Publikation beschreibt die Entwicklung einer Grid Workflow Infrastructure als zentrales Forschungsergebnis. Der Fokus liegt auf der Architektur und Implementierung (GWEL, Workflow Engine) als lauffähiges System, das bestehende Bausteine (OGSA, BPEL4WS, GT3) integriert. Der Beitrag ist der Bau/die Integration des Systems selbst, nicht der Nachweis eines einzelnen Algorithmus.",projektdefinition;anforderungen;entwurf;implementierung;testen_qualitaetssicherung;deployment_betrieb,0.95,,"Das Paper behandelt alle Phasen des Software-Lebenszyklus: Projektdefinition (Motivation und Problemraum in Abschnitt 1), Anforderungen (Abschnitt 4.2: 'Grid Workflow Requirements'), Entwurf (Abschnitt 3 und 5: Architektur und GWEL-Spezifikation), Implementierung (Abschnitt 6: Grid Workflow Execution Engine), Testen/Qualitätssicherung (Abschnitt 7: Case Study als Validierung) und Deployment/Betrieb (Abschnitt 6.1 und 7.3: Ausführung in GT3-Umgebung).",middleware_service;domain_specific_language,0.9,,"Die Software ist eine Middleware, die als Workflow-Management-System für Grid-Services fungiert (vgl. Abstract: 'Grid Workflow Infrastructure' und Abschnitt 4: 'orchestration of Grid Services'). Zudem wird eine domänenspezifische Sprache (GWEL) definiert (Abschnitt 5: 'Grid Workflow Execution Language'), die auf BPEL4WS aufbaut und für die Spezifikation von Grid-Workflows genutzt wird.",java_jvm;xml_xsd,0.95,,"Die Implementierung der Workflow-Engine erfolgt in Java (Abschnitt 6: 'For the prototypical implementation of the workflow engine we have chosen Java'). Zudem werden XML-Technologien (XML, XML-Schema) für die Definition der GWEL-Sprache und die Workflow-Spezifikation genutzt (Abschnitt 5: 'GWEL is an XML based language').",testing;benchmarking,0.8,,"Die Evaluation erfolgt durch technische Tests (Case Study in Abschnitt 7: Demonstration der Funktionalität) und implizites Benchmarking durch die Gegenüberstellung mit bestehenden Ansätzen (Abschnitt 2: Related Work). Eine explizite Performanzmessung oder empirische Studie mit Nutzern wird nicht beschrieben, aber die technische Validierung der Workflow-Ausführung ist belegt.",,,standardization_driven,0.9,,Die Entwicklung der Grid Workflow Infrastructure basiert auf der Open Grid Services Architecture (OGSA) und der Business Process Execution Language for Web Services (BPEL4WS). Dies wird im Abstract und in Abschnitt 3.3.1 explizit erwähnt: 'The infrastructure is based on the Open Grid Services Architecture (OGSA) and leverages the concepts of the Business Process Execution Language for Web Services (BPEL4WS).'
lni144/257,lni144,257.pdf,lni144/257.pdf,GEM: A Generic Visualization and Editing Facility for Heterogeneous Metadata,"Jürgen Göres, Thomas Jörg, Boris Stumm, Stefan Dessloch",mistral-large-3-675b-instruct-2512,rse_typology_prompt_v1,run_1,1,0.95,"Die Publikation stellt GEM (Generic Visualization and Editing Facility) vor, eine eigene entwickelte Software zur Visualisierung und Bearbeitung von heterogenen Metadaten. GEM wird als prototypische Implementierung beschrieben, die öffentlich verfügbar gemacht wird (vgl. Abstract: 'we present GEM, a generic editor capable of visualizing and editing arbitrary metadata in an integrated manner' und Abschnitt 2.1: 'The prototype of GEM will be made publicly available on the GEM project site'). Die Software umfasst eine graphbasierte Stylesheet-Sprache, Editierfunktionen und eine relationale Datenbankanbindung, was über die bloße Anwendung von Standardsoftware hinausgeht und eine maßgebliche Eigenentwicklung darstellt.",product_result,1.0,,"Die Publikation beschreibt GEM als ein generisches Visualisierungs- und Bearbeitungswerkzeug für heterogene Metadaten, das als Ergebnis der Forschung präsentiert wird. Der Fokus liegt auf der Entwicklung und Bereitstellung des Systems selbst (inkl. Architektur, Stylesheet-Sprache, Prototyp) als Beitrag, nicht auf der Anwendung für ein übergeordnetes Forschungsziel wie Datenerhebung oder Analyse. Der Text betont explizit die 'Contribution' als das System GEM (z. B. 'In this paper, we present GEM, a generic visualization and editing facility').",projektdefinition;anforderungen;entwurf;implementierung;testen_qualitaetssicherung;deployment_betrieb,0.9,,"Das Paper behandelt alle Phasen des Software-Lebenszyklus: Die Projektdefinition und Motivation werden in der Einleitung und im Problem Statement (Abschnitt 1) beschrieben. Anforderungen an einen generischen Editor werden in Abschnitt 1 und 2 diskutiert. Der Entwurf der Architektur und der Graph-Stylesheet-Sprache wird in den Abschnitten 2.3, 4 und 5 detailliert dargestellt. Die Implementierung wird in Abschnitt 7 erwähnt, inklusive der verwendeten Datenbanken und der Performance-Messungen. Testen und Qualitätssicherung werden durch die Performance-Evaluation (Abschnitt 7.3) und die Anwendung in einem Beispielszenario (Abschnitt 6) adressiert. Deployment und Betrieb werden durch die Bereitstellung des Prototyps auf der Projekt-Website (Abschnitt 2) und die Unterstützung mehrerer DBMS (Abschnitt 2) angesprochen.",full_stack_application;domain_specific_language,0.9,,"GEM ist eine Full-Stack-Anwendung, da es sowohl eine grafische Benutzeroberfläche (Editor Pane, Widgets) als auch ein Backend (relationale Datenbank, Graph-Transformationen) umfasst. Zudem wird eine domänenspezifische Sprache (Graph-Stylesheet-Sprache) eingeführt, um die Visualisierung und Bearbeitung von Metadaten zu ermöglichen. Diese Sprache basiert auf Graph-Transformationen und wird in Abschnitt 5 detailliert beschrieben.",java_jvm;sql_db;xml_xsd,0.9,,"Die Implementierung von GEM erfolgt in Java (Abschnitt 7: 'User-deﬁned functions in GEM are written as static Java methods'). Für die Speicherung der Graphen wird eine relationale Datenbank verwendet (Abschnitt 2.3 und 7: 'GEM stores application and visualization graphs in a relational database system'). Zudem wird GXL (Graph Exchange Language), ein XML-Format, für den Import und Export von Graphen genutzt (Abschnitt 3: 'GEM’s primary vehicle for graph import is the Graph Exchange Language [WKR01], an XML format').",testing;performance_evaluation,0.9,,"Die Evaluation von GEM umfasst technische Tests und Performance-Messungen. In Abschnitt 7.3 werden Performance-Messungen vorgestellt, die die Effizienz der Graph-Transformationen in SQL belegen. Zudem wird die Funktionalität der Software durch ein Beispielszenario (Abschnitt 6) demonstriert, das als funktionaler Test betrachtet werden kann. Eine empirische Studie oder Usability-Studie mit Versuchspersonen wird nicht erwähnt.",,,classical_se,0.85,,"Die Entwicklung von GEM folgt einem klassischen Software-Engineering-Ansatz mit klaren Phasen: Anforderungsanalyse (vgl. Abschnitt 1: Problemstellung und Anforderungen an Metadaten-Editoren), Architekturdesign (vgl. Abschnitt 2.3: 'GEM architecture'), Implementierung (vgl. Abschnitt 7: 'implementation and gives performance measurements') und Evaluation (vgl. Abschnitt 7.3: Performance-Messungen). Die Verwendung von Graphtransformationen und Stylesheets deutet auf eine systematische, plangetriebene Entwicklung hin."
lni160/379,lni160,379.pdf,lni160/379.pdf,Ein Konzept zur organisationsübergreifenden Integration von IT-Systemen für die zivile Sicherheit,"Wolf Engelbach, Heiko Roßnagel, Sandra Frings Competence Team Informationsmanagement",mistral-large-3-675b-instruct-2512,rse_typology_prompt_v1,run_1,1,0.9,"Die Publikation beschreibt die Entwicklung und Erprobung mehrerer IT-Bausteine (Informations- und Kooperationsportal, Simulations-, Videoanalyse-, Mobile-Dienste- und Sicherheitsbefragungs-Plattformen sowie Bausteine zur Mitarbeiterschulung und zum Verkehrsmanagement) im Rahmen des Projekts VeRSiert. Diese Bausteine sind modular aufgebaut, interoperabel und werden durch fachliche und informationstechnische Schnittstellen verbunden. Die explizite Nennung von Standards wie XML, XML-RPC, WebServices, RSS-Feeds sowie die Definition von Schnittstellen und Datenformaten (z.B. MPEG, MP3, JPEG, PDF) deutet auf die Entwicklung eigener Softwarekomponenten hin, die über Standardsoftware hinausgehen und spezifisch für den Forschungszweck angepasst oder erstellt wurden.",,,,,anforderungen;entwurf;implementierung;testen_qualitaetssicherung;deployment_betrieb,0.9,,"Das Paper behandelt die Erhebung von Anforderungen (Abschnitt 3 und 5.1), den Entwurf der IT-Gesamtkonzeption (Abschnitt 5), die Implementierung von Schnittstellen und Standards (Abschnitt 5.2), die Erprobung und Evaluation (Abschnitt 3 und 6) sowie den geplanten operativen Einsatz (Abschnitt 6).",middleware_service;full_stack_application,0.8,,"Die Software umfasst mehrere Plattformen (Informations- und Kooperationsportal, Simulations-, Videoanalyse-, Mobile-Dienste-Plattformen etc.), die als Full-Stack-Anwendungen beschrieben werden. Zudem wird ein 'Systems-of-Systems'-Ansatz verfolgt, der die Interoperabilität zwischen unabhängigen IT-Systemen ermöglicht, was auf eine Middleware-Architektur hindeutet.",xml_xsd;javascript_web,0.7,,"Explizit genannt werden XML als Datenformat und offene Protokolle wie http, ftp und SOAP für den Datenaustausch. Die Nutzung von WebServices und RSS-Feeds deutet auf eine webbasierte Implementierung hin, auch wenn JavaScript/TypeScript nicht explizit genannt wird. Andere Technologien wie MPEG, MP3, JPEG und PDF sind Standardformate, aber keine Programmiersprachen.",testing;empirical_study;planned,0.8,,"Die Software wird im Rahmen konkreter Szenarien (z.B. Großveranstaltungen in Köln) modellhaft erprobt und empirisch evaluiert (Abschnitt 3 und 6). Zudem wird auf zukünftige Hürden im operativen Einsatz hingewiesen, was auf geplante weitere Evaluationen hindeutet. Technische Tests (z.B. Schnittstellenintegration) sind implizit durch die Erprobung abgedeckt.",,,classical_se,0.7,,"Die Entwicklung der IT-Gesamtkonzeption folgt einem strukturierten Ansatz mit klaren Phasen: Anforderungsanalyse (Abschnitt 3: Ableitung von Anforderungen aus Szenarien und Rollenmodellen), Architekturdefinition (Abschnitt 5: Definition von fachlichen und informationstechnischen Schnittstellen) und Erprobung (Abschnitt 6: Erprobung der Bausteine). Dies entspricht einem klassischen Software-Engineering-Prozess."
lni177/267,lni177,267.pdf,lni177/267.pdf,The Subprocess Spectrum,"Oliver Kopp, Hanna Eberle, Frank Leymann, Tobias Unger",mistral-large-3-675b-instruct-2512,rse_typology_prompt_v1,run_1,0,0.9,"Die Publikation diskutiert theoretische Konzepte und Taxonomien zu Subprozessen in der Geschäftsprozessmodellierung, insbesondere Autonomie, Interaktion und Ausführung. Es wird keine eigene Forschungssoftware entwickelt, implementiert oder evaluiert. Die Referenzen verweisen auf bestehende Ansätze und Standards (z.B. BPEL, YAWL), aber es gibt keine Hinweise auf die Entwicklung oder Anpassung von Software im Sinne von Research Software Engineering.",,,,,,,,,,,,,,,,,,,,,,,,,,
lni21/GI-Proceedings.21-2,lni21,GI-Proceedings.21-2.pdf,lni21/GI-Proceedings.21-2.pdf,Petri Net Markup Language: Implementation and Application,Christian Stehno,mistral-large-3-675b-instruct-2512,rse_typology_prompt_v1,run_1,1,0.95,"Die Publikation beschreibt die Implementierung der Petri Net Markup Language (PNML) für das PEP-Tool sowie die Entwicklung eines Übersetzers von PNML zu SVG. Beide Artefakte sind eigene Softwareentwicklungen, die explizit für Forschungszwecke (Austausch von Petri-Netzen zwischen Tools, Visualisierung) erstellt und angepasst wurden. Der Text erwähnt zudem die Integration von PNML in PEP durch eigene Lese- und Schreibroutinen sowie die Nutzung von XML-Technologien (XSLT, DOM/SAX-APIs).",product_result,0.95,,"Die Publikation beschreibt die Implementierung und Anwendung der Petri Net Markup Language (PNML) als Austauschformat für Petri-Netz-Tools, insbesondere die Integration in das PEP-Tool und die Transformation in SVG. Der Fokus liegt auf der Entwicklung und Bereitstellung der Software/des Formats selbst als Ergebnis der Forschung, nicht auf einer spezifischen Anwendung wie Datenerhebung oder Analyse. Die Software ist das primäre Deliverable (vgl. 'Implementation of a new I/O routine', 'transformation scheme from PNML to SVG').",anforderungen;entwurf;implementierung;testen_qualitaetssicherung;deployment_betrieb,0.9,,"Das Paper behandelt die Anforderungen an PNML (z.B. Flexibilität, Erweiterbarkeit), den Entwurf der Syntax und Struktur (z.B. XML-Schema, DTDs), die Implementierung der Lese- und Schreibroutinen für PNML im PEP-Tool, die Qualitätssicherung durch Validierung der PNML-Dateien und das Deployment durch Integration in das PEP-Tool sowie die Bereitstellung eines Konverters für andere Petri-Netz-Tools.",data_exchange_standard;library_package;plugin_extension,0.9,,"PNML ist primär ein Datenaustausch-Standard (XML-basiertes Format für Petri-Netze). Die Implementierung im PEP-Tool erfolgt als Bibliothek/Paket (z.B. DOM/SAX-APIs zur Verarbeitung von PNML) und als Plugin/Erweiterung des bestehenden PEP-Tools, um die Funktionalität zur Unterstützung von PNML zu integrieren.",xml_xsd,1.0,,"Die Publikation erwähnt explizit die Verwendung von XML, XML-Schema (XSD), DTDs, XSLT und SVG, die alle zur XML-Technologie-Familie gehören. Diese Technologien sind zentral für die Implementierung und Transformation von PNML.",testing,0.8,,"Die Evaluation der Forschungssoftware erfolgt durch technische Tests, insbesondere durch die Validierung der PNML-Dateien gegen die definierten Schemata (DTD/XML-Schema) und die Überprüfung der korrekten Funktionalität der Lese- und Schreibroutinen im PEP-Tool. Eine empirische Studie oder Usability-Studie wird nicht erwähnt.",,,standardization_driven,0.95,,"Die Entwicklung der PNML-Implementierung folgt explizit dem Ziel, einen standardisierten Austauschformat für Petri-Netze zu schaffen. Dies wird in Abschnitt 1 ('PNML has shown to be the most developed and most flexible format') und Abschnitt 2.2 ('PNML has been designed to provide a common interchange format for all types of Petri nets') sowie in der Diskussion um Konventionen (Abschnitt 4) klar benannt. Die Implementierung orientiert sich an XML-Standards (DTD, XML Schema) und der PNML-Spezifikation."
lni220/1005,lni220,1005.pdf,lni220/1005.pdf,Umweltinformatik für eine Nachhaltige Entwicklung,"Werner Pillmann Internationale Gesellschaft für Umweltschutz Bechardgasse /, Wien, Österreich",mistral-large-3-675b-instruct-2512,rse_typology_prompt_v1,run_1,1,0.8,"Die Publikation beschreibt explizit die Entwicklung und Nutzung von Informatikmethoden und Softwarewerkzeugen für Umweltanwendungen, darunter Umweltinformationssysteme, Geographische Informationssysteme (GIS), Simulationsmodelle (z.B. 'Limits to Growth'), Metadatenbanken, Visualisierungstools und raumbezogene Datenverarbeitung. Diese Werkzeuge wurden maßgeblich für Forschungszwecke entwickelt oder angepasst, wie z.B. das 'Shared Environmental Information System (SEIS)' und das 'Meta-Informationssystem Umweltdatenkatalog'. Zudem werden Konferenzen und Workshops erwähnt, die sich der Entwicklung und Verfeinerung von Computermethoden widmen, was auf eigene Forschungssoftware hindeutet.",,,,,implementierung;deployment_betrieb,0.8,,"Die Publikation beschreibt die Entwicklung von Umweltinformationssystemen, Geographischen Informationssystemen und Meta-Informationssystemen, die implementiert und betrieben werden. Zudem wird der Einsatz von Softwarewerkzeugen in verschiedenen Phasen (z.B. 1990-2000: 'verfügbare Softwarewerkzeuge und steigende Rechnerleistungen') erwähnt, was auf Implementierung und Deployment/Betrieb hindeutet.",full_stack_application;middleware_service;simulation_framework,0.7,simulation_framework,"Die Publikation nennt Umweltinformationssysteme, Geographische Informationssysteme und Meta-Informationssysteme, die als Full-Stack-Anwendungen klassifiziert werden können. Zudem wird die Integration von Umweltinformation in einem 'Shared Environmental Information System' (SEIS) beschrieben, was auf Middleware-Dienste hindeutet. Die explizite Erwähnung von Simulationsmodellen (z.B. 'Limits to Growth') und Umweltmodellen legt nahe, dass auch Simulation-Frameworks eine Rolle spielen. Da 'simulation_framework' nicht in den vorgegebenen Kategorien enthalten ist, wird sie als neue Subkategorie vorgeschlagen.",xml_xsd,0.6,,"Die Publikation erwähnt INSPIRE (Infrastructure for Spatial Information in Europe) und raumbezogene Datenverarbeitung, was auf die Nutzung von XML-Technologien (z.B. GML) hindeutet. Andere Programmiersprachen oder Technologien werden nicht explizit genannt.",conceptual_evaluation,0.7,,"Die Publikation beschreibt die langfristige Entwicklung und Nutzung von Umweltinformationssystemen, Konferenzen und Workshops, in denen die Konzepte und Anwendungen der Umweltinformatik vorgestellt und diskutiert werden. Eine formale Evaluation (z.B. Usability-Studien, Benchmarking) wird nicht explizit erwähnt, aber die konzeptionelle Bewertung durch Expert:innen und die wissenschaftliche Community ist implizit.",,,classical_se,0.7,,"Die Entwicklung von Umweltinformationssystemen, Metadatenbanken und Geographischen Informationssystemen deutet auf eine plangetriebene Methodik hin, die Anforderungsanalyse, Architektur und Test umfasst. Zudem wird die Gründung von Arbeitskreisen und Fachgruppen erwähnt, die auf strukturierte Entwicklungsprozesse hindeuten."
lni90/GI-Proceedings-90-12,lni90,GI-Proceedings-90-12.pdf,lni90/GI-Proceedings-90-12.pdf,Ein evolutionäres Vorgehensmodell zur Einführung von Corporate Performance Management Systemen,"Jörg Becker, Dirk Maßing, Christian Janiesch",mistral-large-3-675b-instruct-2512,rse_typology_prompt_v1,run_1,0,0.9,"Die Publikation beschreibt ein evolutionäres Vorgehensmodell zur Einführung von Corporate Performance Management (CPM) Systemen, das auf der Kombination bestehender Methoden und kommerzieller Standardsoftware (z.B. von Cognos, Hyperion oder Business Objects) basiert. Es wird explizit erwähnt, dass die Software für die Erstellung von Prototypen bereits früh im Projekt notwendig ist, jedoch handelt es sich dabei um die Nutzung und Anpassung bestehender BI-Werkzeuge, nicht um die Entwicklung eigener Forschungssoftware im Sinne von Quellcode, Algorithmen oder maßgeschneiderten rechnergestützten Arbeitsabläufen. Die Publikation fokussiert auf die Methodik der Einführung und nicht auf die Entwicklung neuer Softwareartefakte.",,,,,,,,,,,,,,,,,,,,,,,,,,
lni108/3,lni108,3.pdf,lni108/3.pdf,Privacy Enhancing Technology for a 3D-Face Recognition System,Xuebing Zhou,mistral-large-3-675b-instruct-2512,rse_typology_prompt_v1,run_1,1,0.9,"Die Publikation beschreibt die Entwicklung und Implementierung eines Algorithmus zur Privatsphäre-schützenden 3D-Gesichtserkennung, einschließlich Feature-Extraktion, Binarisierung und Template-Schutz mittels Fuzzy-Extraktoren. Diese Komponenten wurden explizit für den Forschungszweck entwickelt und angepasst, wie in den Abschnitten 3, 4 und 5 detailliert beschrieben.",product_result,0.95,,"Die Publikation beschreibt die Entwicklung eines 3D-Gesichtserkennungssystems mit Datenschutzfunktionen als zentrales Forschungsergebnis. Der Fokus liegt auf der Architektur und Implementierung des Systems selbst (inkl. Feature-Extraktion, Binarisierung, Fuzzy-Extractor), nicht auf der Analyse externer Daten oder der bloßen Demonstration eines Algorithmus. Es handelt sich um ein lauffähiges System als Produkt der Forschung.",entwurf;implementierung;testen_qualitaetssicherung,0.9,,"Das Paper behandelt den Entwurf der Architektur (Abschnitt 2 und 4), die Implementierung des Systems (Abschnitt 5: 'Simulation Results' zeigt die konkrete Umsetzung) und die Qualitätssicherung durch Tests (Abschnitt 5: ROC-Kurven, EER-Berechnungen, BCH-Code-Tests).",numerical_mathematical;library_package,0.8,biometric_template_protection_toolkit,"Die Software umfasst numerische und mathematische Komponenten (z.B. Histogramm-basierte Merkmalsextraktion, Fuzzy-Extraktoren, BCH-Codierung) und kann als Bibliothek/Paket für biometrische Template-Schutzverfahren betrachtet werden. Da die genaue Art der Software nicht explizit als 'library_package' bezeichnet wird, aber die Funktionalität darauf hindeutet, wird diese Kategorie gewählt. Eine präzisere Bezeichnung wäre 'biometric_template_protection_toolkit'.",insufficient_information,1.0,,"Es gibt keine explizite Nennung von Programmiersprachen, Frameworks oder Technologien im Text oder Literaturverzeichnis. Die Implementierung wird zwar erwähnt (z. B. Simulationen mit FRGC-Daten), aber ohne konkrete technologische Hinweise.",testing;performance_evaluation,0.9,,"Die Evaluation umfasst technische Tests (z.B. ROC-Kurven, EER-Berechnungen in Abschnitt 5) und Performanzvergleiche (z.B. Gegenüberstellung von median- und mean-basierter Binarisierung, BCH-Code-Tests). Dies entspricht den Kategorien 'testing' und 'performance_evaluation'.",,,data_science_pipeline,0.9,,"Die Entwicklung folgt einer typischen Data-Science-Pipeline: Datenerhebung (3D-Gesichtsdaten), Feature-Extraktion, Binarisierung, Modellierung (Fuzzy-Extraktoren) und Evaluation der Erkennungsleistung (vgl. Abschnitte 3, 4, 5)."
lni154/354,lni154,354.pdf,lni154/354.pdf,MOTES09 -Modellbasiertes Testen 4. Workshop im Rahmen der Jahrestagung der Gesellschaft für Informatik am 29. September 2009 in Lübeck Einführung und Übersicht über die angenommenen Beiträge,Fevzi Belli,mistral-large-3-675b-instruct-2512,rse_typology_prompt_v1,run_1,0,0.9,"Die Publikation ist ein Workshop-Überblickspapier, das die angenommenen Beiträge des MOTES09-Workshops vorstellt. Es werden keine eigenen Forschungssoftware-Artefakte beschrieben, entwickelt oder evaluiert. Die Beiträge selbst könnten Forschungssoftware enthalten, dies wird jedoch im vorliegenden Text nicht explizit belegt oder detailliert beschrieben.",,,,,,,,,,,,,,,,,,,,,,,,,,
lni42/GI-Proceedings.42-10,lni42,GI-Proceedings.42-10.pdf,lni42/GI-Proceedings.42-10.pdf,EVALUATION FRAMEWORK FOR A MOBILE MARKETING APPLICATION IN 3 RD GENERATION NETWORKS,"Franz Lehner, Eva-Maria Sperger, Holger Nösekabel",mistral-large-3-675b-instruct-2512,rse_typology_prompt_v1,run_1,1,0.9,"Die Publikation beschreibt die Entwicklung der mobilen Anwendung 'V-Card', die als Forschungssoftware einzustufen ist. V-Card ist eine neu entwickelte Anwendung zur Anpassung und Versendung multimedialer Inhalte über MMS, die spezifisch für den Forschungszweck der Evaluation von Nutzerakzeptanz und Marketingaspekten in 3G-Netzwerken erstellt wurde. Die Architektur (vgl. Figure 1) und die Funktionalitäten (z. B. Content-Transformation, Sponsoring-Modell) sind explizit für diesen Kontext entworfen und implementiert worden.",,,,,entwurf;implementierung;testen_qualitaetssicherung,0.9,,"Der Text behandelt den Entwurf der V-Card-Architektur (z. B. Abbildung 1), die Implementierung der Anwendung (z. B. Content-Transformation, J2ME-Integration) sowie die Testphase (Qualitätssicherung und Akzeptanztests). Die Phasen Projektdefinition und Anforderungen werden nur am Rande erwähnt, Deployment/Betrieb gar nicht.",full_stack_application;middleware_service,0.9,,"V-Card ist eine Full-Stack-Anwendung mit Frontend (MMS-Client-Integration) und Backend (V-Card Core, Content-Transformator, Device-Datenbank). Gleichzeitig fungiert sie als Middleware zwischen Nutzern, Sponsoren und dem MMS-Center (z. B. Connector, Parser).",java_jvm,0.7,j2me_mobile_technologies,"Die Publikation erwähnt explizit die Übertragung personalisierter J2ME-Anwendungen via MMS (z. B. 'V-Card also has the ability to transmit personalised J2ME applications via MMS'). J2ME ist eine Java-basierte Technologie für mobile Geräte, die hier als neue Subkategorie vorgeschlagen wird, da sie nicht in den vorgegebenen Kategorien enthalten ist. Andere Technologien (z. B. Programmiersprachen für das Backend) werden nicht genannt.",usability_study;empirical_study,0.95,,"Die Evaluation umfasst eine Usability-Studie (Fragebögen zu Perceived Ease of Use, Cost, Mobility etc.) sowie eine empirische Studie (Vergleich von V-Card und MMS in Use-Case-Tests mit Versuchspersonen). Die Studie zielt auf die inhaltliche Forschungsfrage der Nutzerakzeptanz ab.",,,classical_se,0.8,,"Die Entwicklung von V-Card folgt einem klassischen Software-Engineering-Ansatz: Es werden Anforderungen analysiert (z. B. Probleme bei der MMS-Erstellung, Abschnitt 2), eine Architektur entworfen (vgl. Figure 1: V-Card Architecture) und Tests durchgeführt (Abschnitt 1: 'basic functionality tests', 'usability tests', 'end-user tests'). Zudem wird auf plangetriebene Entwicklungsmodelle wie CMM oder DoD verwiesen (Abschnitt 1)."
313/C1-1,313,C1-1.pdf,313/C1-1.pdf,Semantik statt Syntax – Entwicklung einer Plug & Play Lernumgebung für Datenbankabfragen,"Sven Jacobs, Steffen Jaschke",mistral-large-3-675b-instruct-2512,rse_typology_prompt_v1,run_1,1,0.95,"Die Publikation beschreibt die Entwicklung der Webapplikation 'SQheLper', die explizit als eigene Softwarelösung für den Forschungszweck der Vermittlung von SQL-Datenbankabfragen entwickelt wurde. Die Software umfasst eigene Algorithmen (z.B. dynamische Darstellung der Datenbankstruktur, Block-Zusammensetzung für SQL-Abfragen) und ist nicht nur die Anwendung von Standardsoftware.",product_result,1.0,,"Die Publikation beschreibt die Entwicklung der Webapplikation SQheLper als zentrales Ergebnis der Forschung. Der Fokus liegt auf dem lauffähigen System selbst, nicht auf einem einzelnen Algorithmus oder einer übergeordneten Forschungsfrage, die durch die Software beantwortet wird.",projektdefinition;entwurf;implementierung,1.0,,"Die Publikation behandelt die Projektdefinition (Problemraum, Motivation), den Entwurf (Architektur, Blockdesign) und die Implementierung (konkrete Umsetzung der Webapplikation mit SQL-Blöcken). Es gibt keine expliziten Hinweise auf Testen/Qualitätssicherung oder Deployment/Betrieb.",full_stack_application,1.0,,"Die Software ist eine webbasierte Anwendung (Webapplikation) mit Frontend (Nutzer*innenoberfläche) und Backend (Verarbeitung von MySQL-Dumps, Ausführung von SQL-Abfragen). Dies entspricht der Kategorie `full_stack_application`.",javascript_web;sql_db,1.0,,"Die Webapplikation ist explizit als solche beschrieben, was JavaScript/TypeScript + Web-Frontend impliziert. Zudem wird MySQL explizit als Datenbanktechnologie genannt, was `sql_db` belegt.",conceptual_evaluation,0.9,,"Die Publikation erwähnt 'erste Erprobungen', die zeigen, dass das Verhältnis zwischen Werkzeug-Erlernzeit und Werkzeug-Nutzzeit verbessert wurde. Dies deutet auf eine konzeptionelle Bewertung hin, aber es gibt keine detaillierte Beschreibung einer systematischen Usability-Studie oder empirischen Studie. Daher wird `conceptual_evaluation` als am ehesten passend gewählt.",,,design_based,0.9,,"Die Entwicklung der Software folgt einem design-basierten Ansatz, bei dem das Artefakt selbst (die Lernumgebung) der Forschungsbeitrag ist. Dies wird durch iterative Gestaltung und Evaluation deutlich (vgl. Abschnitt 4: 'erste Erprobungen zeigen, dass das Verhältnis zwischen „Werkzeug-Erlernzeit“ und „Werkzeug-Nutzzeit“ verbessert wurde')."
316/DELFI_2021_187-192,316,DELFI_2021_187-192.pdf,316/DELFI_2021_187-192.pdf,Supporting Learning Analytics in Educational Games in consideration of Qualifications-Based Learning,"Ramona Srbecky, Marcus Frangenberg, Benjamin Wallenborn, Matthias Then, Iván- José Pérez-Colado, Cristina Alonso-Fernandez, Baltasar Fernandez-Manjon, Matthias Hemmje",mistral-large-3-675b-instruct-2512,rse_typology_prompt_v1,run_1,1,0.95,"Die Publikation beschreibt die Entwicklung und Implementierung einer prototypischen Softwarelösung zur automatisierten Abbildung von Lernergebnissen in Educational Games auf standardisierte Kompetenzen und Qualifikationen (CQ). Explizit genannt werden die Entwicklung eines PHP-Skripts zur Datenabfrage und -verarbeitung, die Erweiterung der RAGE Analytics-Umgebung, die Nutzung von CSV-Dateien für die Mapping-Logik sowie die Integration mit Moodle über das QBL4Moodle-Plugin. Diese Komponenten wurden maßgeblich für den Forschungszweck angepasst oder neu entwickelt (z.B. 'Mapping extension' in RAGE Analytics, REST-API-Anbindung, CSV-basiertes Mapping).",product_result,0.95,,"Die Publikation beschreibt die Entwicklung eines Prototyps (Proof of Concept) für die automatisierte Abbildung von Lernergebnissen in Educational Games auf standardisierte Kompetenzen und Qualifikationen (CQ). Der Fokus liegt auf der Implementierung und Integration der Systemarchitektur (Moodle, RAGE Analytics, Unity Engine) als zentrales Ergebnis der Forschung, nicht auf der Analyse von Daten oder der Durchführung einer Intervention.",projektdefinition;anforderungen;entwurf;implementierung;testen_qualitaetssicherung,1.0,,"Das Paper deckt explizit alle Phasen ab: Projektdefinition/Motivation (Abschnitt 1), Anforderungen (Problem Statements und Research Questions, Abschnitt 1), Entwurf (Konzeptionelles Design, Abschnitt 3), Implementierung (Proof of Concept, Abschnitt 4) und Testen/Qualitätssicherung (Initial Evaluation via Cognitive Walkthrough, Abschnitt 5).",full_stack_application;plugin_extension;middleware_service,0.98,,"Die Software besteht aus einer Full-Stack-Anwendung (Unity Engine + RAGE Analytics + Moodle-Integration), einem Plugin (QBL4Moodle für Moodle) und Middleware/Diensten (REST API für die Kommunikation zwischen RAGE Analytics und Moodle, EduGameConnector als geplante Komponente).",javascript_web;sql_db;csharp_dotnet;php,0.95,,"Explizit genannt: Unity Engine (C#), PHP (für das Skript zur CSV-Generierung), REST API (impliziert JavaScript/JSON), RAGE Analytics (Web-basiert, impliziert JavaScript), Moodle (PHP-basiert), Datenbank (impliziert durch Speicherung von Game Events in RAGE Analytics). JSON wird als Datenformat verwendet, aber nicht als Programmiersprache.",conceptual_evaluation;testing,0.9,,"Die Evaluation erfolgt durch einen Cognitive Walkthrough (konzeptionelle Bewertung durch Domänenexperten) und technisches Testen der Systemkomponenten (RAGE Analytics, REST API) ohne Einbindung von Versuchspersonen für Usability- oder empirische Studien.",,,agile;classical_se,0.85,,"Die Entwicklung folgt einem prototypengetriebenen, iterativen Ansatz (agile), was sich in der schrittweisen Implementierung und Evaluation des Proof of Concept zeigt (vgl. Abschnitt 4: 'Proof of Concept implementation' und Abschnitt 5: 'Initial Evaluation'). Gleichzeitig werden klassische Softwareentwicklungsmethoden wie Anforderungsanalyse (Problem Statements PS1–PS3), Architekturdesign (QBLM Service Distribution Model) und Evaluation (Cognitive Walkthrough) angewendet (vgl. Abschnitt 1: 'Research Objectives' und Abschnitt 3: 'Conceptual Design')."
316/DELFI_2021_205-216,316,DELFI_2021_205-216.pdf,316/DELFI_2021_205-216.pdf,Container-based Dynamic Infrastructure for Education On-Demand,"Sven Strickroth , Dirk Bußler and Ulrike Lucke",mistral-large-3-675b-instruct-2512,rse_typology_prompt_v1,run_1,1,0.95,"Die Publikation beschreibt die Entwicklung und Implementierung von Cook.UP, einer container-basierten Self-Service-Plattform für die automatisierte Bereitstellung von web-basierten Diensten für universitäre Lehre und Forschung. Die Software umfasst eigene Entwicklungen wie das Frontend (Angular), Backend (Node.js, Express.js), Container-Management (Rancher, Træfik) und die Definition von 'Recipes' in YAML-Format für die automatisierte Bereitstellung von Diensten. Diese Komponenten wurden maßgeblich für den Forschungszweck angepasst und erweitert, was die Kriterien für Forschungssoftware erfüllt.",product_result,0.95,,"Die Publikation beschreibt Cook.UP als eine container-basierte Architektur mit Self-Service-Portal, die als Prototyp implementiert und evaluiert wurde. Der Fokus liegt auf dem System selbst als Ergebnis der Forschung (vgl. 'the proposed approach is not yet in productive use but provides a solid technical foundation').",projektdefinition;anforderungen;entwurf;implementierung;testen_qualitaetssicherung;deployment_betrieb,1.0,,"Alle Phasen sind explizit belegt: Projektdefinition/Motivation (Abschnitt 1), Anforderungen (Abschnitt 3, basierend auf Interviews), Entwurf (Abschnitt 4, Architektur), Implementierung (Abschnitt 4, Cook.UP-Komponenten), Testen (Abschnitt 6, Evaluation der Funktionalität), Deployment/Betrieb (Abschnitt 4 und 6, automatisierte Bereitstellung und Wartung).",full_stack_application;middleware_service,1.0,,"Cook.UP ist eine Full-Stack-Anwendung (Frontend mit Angular, Backend mit Node.js/Express.js) und gleichzeitig eine Middleware/Dienst (container-basierte Bereitstellung von Services wie WordPress, Wiki etc. über Rancher/Træfik).",javascript_web;sql_db;go,0.95,,"JavaScript/TypeScript ist durch Angular (Frontend) und Node.js/Express.js (Backend) belegt. SQL-Datenbanken sind impliziert durch die Nutzung einer Datenbank im Backend. Go ist durch die explizite Nennung von Rancher (in Go geschrieben) und Træfik (ebenfalls Go) als Teil des Techstacks belegt, da diese zentral in der Architektur integriert sind.",usability_study;testing,1.0,,"Die Evaluation umfasst eine Usability-Studie mit Versuchspersonen (Abschnitt 6, Technology Acceptance Model, Interviews, Likert-Skala) sowie technisches Testen der Funktionalität (z. B. 'All participants were able to fulfil the task' — Deployment und Nutzung der Services).",,,classical_se,0.8,,"Die Entwicklung von Cook.UP folgt einem klassischen Software-Engineering-Ansatz mit Anforderungsanalyse (Abschnitt 3), Architekturdesign (Abschnitt 4), Implementierung und Evaluation (Abschnitt 6). Dies wird durch die strukturierte Vorgehensweise und die Beschreibung der Komponenten sowie deren Integration belegt."
316/DELFI_2021_85-90,316,DELFI_2021_85-90.pdf,316/DELFI_2021_85-90.pdf,360-Grad-und Virtual Reality-Anwendungen im Fremd-sprachenunterricht Praxiserfahrungen aus einem multimodalen Masterseminar im hybriden Lehrfor-mat (Fremdsprachendidaktik Französisch/Spanisch),"Florian Nowotny, Kathleen Plötner und Leena Steinke",mistral-large-3-675b-instruct-2512,rse_typology_prompt_v1,run_1,1,0.9,"Die Publikation erwähnt explizit den Prototyp von 'Cuisine française interculturelle', einer im FoLD-Projekt selbst erstellten VR-Anwendung (vgl. Abschnitt 2: '4) den Prototyp von „Cuisine française interculturelle“, einer im FoLD-Projekt selbst erstellten VR-Anwendung (VR-Technologie, Interaktion mit Objekten, text- und audiobasiert)'). Diese Anwendung wurde maßgeblich für den Forschungszweck angepasst und entwickelt, was der Definition von Forschungssoftware entspricht.",human_facing_intervention,0.95,,"Die Software (360-Grad- und VR-Anwendungen wie Lapentor, MondlyVR, Panolingo, AltspaceVR) wird explizit als Werkzeug für den Fremdsprachenunterricht eingesetzt, mit dem Lernende interagieren (z. B. virtuelle Touren, Sprachübungen, Avatar-Interaktionen). Dies entspricht einer mensch-zugewandten Intervention.",projektdefinition;entwurf;implementierung;testen_qualitaetssicherung,0.9,,"Das Seminar umfasst die Projektdefinition (Theoretische Grundlagen, Hypothesenbildung), Entwurf (Didaktisches Design, Kriterien für Touren), Implementierung (Erstellung eigener 360-Grad-Touren mit Lapentor) und Testen/Qualitätssicherung (gegensseitige Evaluation der Anwendungen durch Studierende).",vr_application;full_stack_application,0.95,,"Die Anwendungen sind explizit als VR-Anwendungen (MondlyVR, AltspaceVR, Cuisine française interculturelle) und 360-Grad-Touren (Lapentor, Panolingo) beschrieben. Lapentor wird als Full-Stack-Anwendung zur Erstellung virtueller Touren mit Hotspots und Medien genutzt.",insufficient_information,1.0,,"Es werden keine konkreten Programmiersprachen, Frameworks oder Technologien explizit genannt, die auf eine bestimmte Sprache oder einen Techstack hindeuten. Die genannten Tools (Lapentor, MondlyVR, etc.) sind Anwendungen, deren Implementierung nicht detailliert wird.",usability_study;empirical_study,0.9,,"Die Evaluation umfasst eine Usability-Studie (Befragung der Studierenden zu Potentialen und Grenzen der VR-Anwendungen) und eine empirische Studie (Erprobung, Vergleich und Evaluation der Anwendungen im Seminar mit Hypothesenüberprüfung und Reflexion der Kompetenzentwicklung).",,,design_based,0.9,,"Das Seminardesign folgt dem Ansatz des Design Thinking, der das innovative und interdisziplinäre Lösen von Problemen fördert (vgl. Abschnitt 2: 'Für den Seminarablauf eignet sich der Ansatz des Design Thinking'). Zudem wird die Entwicklung der VR-Anwendung als iterativer Prozess mit Evaluation beschrieben, was auf eine design-basierte Methodik hindeutet."
316/DELFI_2021_91-96,316,DELFI_2021_91-96.pdf,316/DELFI_2021_91-96.pdf,Development of the InteractionSuitcase in virtual reality to support inter-and transcultural learning processes in English as Foreign Language education Inter-and transcultural encounters via Social VR,"Rebecca Hein, Jeanine Steinbock, Maria Eisenmann, Marc Erich Latoschik und Carolin Wienrich",mistral-large-3-675b-instruct-2512,rse_typology_prompt_v1,run_1,1,0.9,"Die Publikation beschreibt die Entwicklung und Implementierung der 'InteractionSuitcase' in Virtual Reality (VR), die als Forschungssoftware zur Unterstützung inter- und transkultureller Lernprozesse dient. Die Software umfasst virtuelle Objekte (VO) und deren Integration in eine VR-Umgebung, um Kommunikation und Reflexion zwischen Lernenden zu initiieren. Dies geht über die bloße Anwendung von Standardsoftware hinaus, da eigene Entwicklungsleistungen (z.B. Implementierung der InteractionSuitcase, Auswahl und Integration der VO) explizit genannt werden (vgl. Abschnitte 3, 4 und Figure 1).",human_facing_intervention,0.95,,"Die InteractionSuitcase ist eine VR-Anwendung, mit der Versuchspersonen (Lernende) direkt interagieren, um inter- und transkulturelle Lernprozesse zu initiieren und zu unterstützen. Dies wird explizit im Text beschrieben (z. B. 'learners use these objects as a basis for communication with other learners in the VR environment').",projektdefinition;anforderungen;entwurf;implementierung,0.9,,"Der Text beschreibt die Projektidee und Motivation (projektdefinition), die Erhebung von Anforderungen durch Content-Analyse von Lehrbüchern und VR-Anwendungen (anforderungen), den Entwurf der InteractionSuitcase (entwurf) sowie die konkrete Implementierung in VR (implementierung). Testen/Qualitätssicherung oder Deployment werden nicht explizit erwähnt.",vr_application,1.0,,"Die Software ist explizit als VR-Anwendung (Social VR, InteractionSuitcase) beschrieben, die in einer virtuellen Umgebung läuft und mit virtuellen Objekten interagiert.",insufficient_information,1.0,,"Es werden keine konkreten Programmiersprachen, Frameworks oder Technologien genannt, die für die Implementierung der InteractionSuitcase verwendet wurden. VR-Plattformen oder -Tools werden nicht explizit benannt.",planned;usability_study;empirical_study,0.9,,Es ist eine Usability-Studie geplant ('different manifestations of the InteractionSuitcase will be investigated' in einer Usability-Studie). Zudem wird eine empirische Studie im Rahmen eines Seminars durchgeführt ('exploratory research will be conducted to determine for which aspects of ITC acquisition VO are supportive'). Einige Evaluationsschritte sind noch geplant ('will be empirically investigated').,,,design_based,0.9,,"Die Entwicklung der InteractionSuitcase folgt einem iterativen Gestaltungs- und Evaluationsprozess, der typisch für Design-Based Research ist. Die Publikation beschreibt die qualitative Inhaltsanalyse zur Identifikation von Objekten, die Implementierung der InteractionSuitcase und deren geplante Evaluation in einem Seminar (vgl. Abschnitte 3, 4 und 5). Dies deutet auf eine designbasierte Methodik hin, bei der das Artefakt selbst der Forschungsbeitrag ist."
lni101/111,lni101,111.pdf,lni101/111.pdf,Webbasierte Anwendungen – Architektur und Umsetzung Einsatz modernster Technologien für Datenhaltung und Präsentation nach dem Model-View-Control Architekturmuster am Beispiel „CLAAS Telematics“,André Kluge Agrocom GmbH & Co. Agrarsystem KG Potsdamer Strasse Bielefeld,mistral-large-3-675b-instruct-2512,rse_typology_prompt_v1,run_1,1,0.95,"Die Publikation beschreibt die Entwicklung einer webbasierten Anwendung ('CLAAS Telematics') unter Verwendung von Java-Technologien (J2EE), einem Open-Source-Web-Framework (Jakarta Struts), MVC-Architekturmuster und einer Persistenz-Schicht (Hibernate). Diese Software wurde explizit für den Forschungszweck der optimalen Potenzialausschöpfung von Hochleistungsmähdreschern entwickelt, einschließlich eigener Geschäftslogik, Geschäftsobjekte und einer skalierbaren Systemarchitektur. Dies geht über die bloße Anwendung von Standardsoftware hinaus und stellt eine maßgeschneiderte Entwicklung dar.",product_result,0.95,,"Die Publikation beschreibt die Entwicklung und Architektur des Systems 'CLAAS Telematics' als zentrales Ergebnis. Der Fokus liegt auf dem Bau und der Integration des Systems selbst, nicht auf einem einzelnen Algorithmus oder einer spezifischen Forschungsfrage. Das System ist das Deliverable der Arbeit.",projektdefinition;anforderungen;entwurf;implementierung,1.0,,"Der Text beschreibt explizit die Problemstellung (Projektdefinition), die Anforderungen an das System (Abschnitt 2), die Systemarchitektur und das MVC-Design (Entwurf, Abschnitte 3.1–3.5) sowie die konkrete Umsetzung mit Java, Struts, Hibernate etc. (Implementierung).",full_stack_application;middleware_service,0.95,,"Die Software ist eine webbasierte Full-Stack-Anwendung (Frontend + Backend, MVC-Architektur) mit einer klaren Trennung der Schichten (Präsentation, Logik, Daten). Zudem wird eine Persistenz-Schicht als Middleware/Dienst beschrieben, die die Geschäftsobjekte speichert (z. B. mit Hibernate).",java_jvm;javascript_web;xml_xsd;sql_db,1.0,,"Explizit genannt: Java/J2EE (inkl. JavaServlets, JavaBeans), das Web-Framework Jakarta Struts (Java), XML, sowie die Unabhängigkeit von SQL-Dialekten (impliziert SQL-Datenbanken). Die Web-Oberfläche nutzt HTML/XML-Seiten (JSP), was JavaScript/TypeScript für das Frontend nahelegt, auch wenn es nicht explizit genannt wird – die Kombination aus JSP und Web-Framework impliziert dies.",,1.0,,"Es gibt keine explizite Evaluation der Software im Text. Weder technische Tests, Usability-Studien, empirische Studien noch Benchmarking oder Performance-Evaluation werden beschrieben.",,,classical_se,0.95,,"Die Entwicklung folgt einem klassischen Software-Engineering-Ansatz mit Anforderungsanalyse (Abschnitt 2), Architekturdesign (3-Tier-Architektur, MVC Model 2, Abschnitt 3.1 und 3.2), klarer Schichtentrennung (Präsentationsschicht, Logikschicht, Datenschicht) und Nutzung von Standards wie JavaServlets, JavaBeans und XML. Dies deutet auf einen plangetriebenen Entwicklungsprozess hin."
lni101/191,lni101,191.pdf,lni101/191.pdf,Informationstechnologische Voraussetzungen für landwirtschaftliche Unternehmensvergleiche -dargestellt an einem Beispiel von Gesundheitsdaten beim Milchrind,"Christian Schulze, Sebastian Wolf, Joachim Spilke",mistral-large-3-675b-instruct-2512,rse_typology_prompt_v1,run_1,1,0.9,"Die Publikation beschreibt die Entwicklung und Implementierung eines Systems für landwirtschaftliche Unternehmensvergleiche, das eigene Softwarekomponenten umfasst. Explizit genannt werden ein Client-Programm für die Datenübertragung, ein WebService-Server, eine Vergleichsdatenbank und ein OLAP-Modul der Open Source Business Intelligence Suite 'Pentaho'. Diese Komponenten wurden für den Forschungszweck maßgeblich angepasst oder entwickelt, insbesondere die Datenaggregation, Transformation und Übertragung mittels WebServices sowie die Datenpräsentation über OLAP.",product_result,0.95,,"Die Software (Unternehmensvergleichssystem) ist das zentrale Ergebnis der Forschung. Der Beitrag beschreibt die Implementierung und Integration eines lauffähigen Systems (inkl. Datenbank, WebService, OLAP-Modul), nicht nur einen Algorithmus oder eine Methode.",projektdefinition;anforderungen;entwurf;implementierung;deployment_betrieb,0.98,,"Der Text deckt alle Phasen ab: Motivation/Problemraum (projektdefinition), Anforderungen (Vergleichbarkeit, Übertragung, Präsentation), Entwurf (Architektur mit PostgreSQL, WebService, OLAP), Implementierung (konkrete Umsetzung mit PostgreSQL, WebService, Pentaho) und Deployment/Betrieb (laufender Vergleich unter http://www.landw.uni-halle.de/uv_gesundheit).",full_stack_application;middleware_service,0.95,,Die Software ist eine Full-Stack-Anwendung (Frontend via Pentaho OLAP + Backend mit PostgreSQL und WebService). Zusätzlich wird ein WebService als Middleware/Dienst für den Datenaustausch explizit beschrieben.,sql_db;xml_xsd;javascript_web,0.9,,"Explizit genannt: PostgreSQL (sql_db), XML-Nachrichten (xml_xsd) und Pentaho OLAP (webbasiert, impliziert javascript_web für die HTML-Präsentation). HTTPS/SOAP sind Protokolle, keine Programmiersprachen, daher nicht als Techstack gewertet.",conceptual_evaluation,0.8,,"Es wird kein technisches Testen, Benchmarking oder empirische Studie beschrieben. Stattdessen wird das Konzept des Unternehmensvergleichs vorgestellt und seine Machbarkeit durch die Implementierung demonstriert (konzeptionelle Evaluation). Eine explizite Nutzerstudie oder Performance-Messung fehlt.",,,classical_se,0.8,,"Die Entwicklung folgt einem klassischen Software-Engineering-Ansatz mit klaren Phasen: Anforderungsanalyse (Datenbereitstellung, Vergleichbarkeit, Übertragung, Präsentation), Architektur (Datenbanken, WebServices, OLAP), Implementierung (PostgreSQL, WebService, Pentaho) und Test (implizit durch die Nutzung in einem realen Szenario mit Beispielunternehmen). Die Nutzung von WebServices und die Integration bestehender Standards (z.B. Staufenbiel-Diagnoseschlüssel) deuten auf eine plangetriebene Entwicklung hin (vgl. Abschnitt 3 und 4)."
lni101/199,lni101,199.pdf,lni101/199.pdf,"Verarbeitung von Geodaten in agroXML 1Christine Spietz, 1Hans-Christian Rodrian, 1Cornelius Wille, 2Sonja Grimm, 2Daniel Martini, 2Florian Kloepfer, 2Jürgen Frisch 1Fachhochschule Bingen Kompetenzzentrum für Innovative Informationssysteme",Berlinstr. Bingen,mistral-large-3-675b-instruct-2512,rse_typology_prompt_v1,run_1,1,0.9,"Die Publikation beschreibt die Entwicklung und prototypische Implementierung eines agroXML-Schemas zur Integration von Geoinformationen, insbesondere die Modellierung von Geodaten in agroXML als Applikationsschema und die Einbindung von GML-Geometrien. Dies umfasst die Erstellung eines XML-Schemas (agroXML) und die Anpassung von Standards wie GML, was als eigene Forschungssoftware im Sinne eines Datenaustausch-Standards und Schemas zu werten ist.",product_result,0.95,,"Die Publikation beschreibt agroXML als einen sich entwickelnden Standard zum Datenaustausch in der Landwirtschaft, wobei der Fokus auf der Integration von Geoinformationen liegt. Die Software (agroXML) ist das primäre Ergebnis der Forschung, nicht nur ein Mittel zur Erreichung eines anderen Forschungsziels.",projektdefinition;anforderungen;entwurf;implementierung,0.9,,"Der Text beschreibt die Projektdefinition (Hintergrund, Motivation), Anforderungen (Integration von Geoinformationen, nationale Referenzsysteme), Entwurf (Modellierung von Geodaten, z.B. GML-Profil, Referenzsysteme, teilflächenspezifische Darstellung) und Implementierung (Prototypen, XSL-Transformationen, Schema-Erstellung).",domain_specific_language,0.95,,"agroXML wird als Datenaustauschsprache (XML-basierter Standard) beschrieben, die spezifisch für den landwirtschaftlichen Sektor entwickelt wurde. Dies entspricht einer domänenspezifischen Sprache (DSL).",xml_xsd,1.0,,"Der Text nennt explizit XML, XSD/XML-Schema und GML (Geography Markup Language) als zentrale Technologien für die Modellierung und Darstellung von Geodaten in agroXML.",conceptual_evaluation,0.8,,"Es wird beschrieben, dass verschiedene Modellierungsansätze im Rahmen des Projekts erprobt und bewertet wurden (z.B. GML-Applikationsschema, nationale Referenzsysteme, teilflächenspezifische Darstellung). Dies deutet auf eine konzeptionelle Evaluation durch Expert:innen hin, ohne dass empirische Studien oder technische Tests explizit erwähnt werden.",,,standardization_driven,0.9,,"Die Entwicklung von agroXML erfolgt entlang formaler Standards wie GML (Geography Markup Language) und nationaler Referenzsysteme. Die Publikation betont die Ausrichtung an bestehenden Normen und die Zusammenarbeit mit Gremien wie ISO/TC211 und INSPIRE (vgl. Text: 'Hierbei sind neben nationalen und internationalen Gremien wie der GDI-DE, INSPIRE, ISO/TC211 und internationalen Standards wie der GML auch nationale Gegebenheiten [...] zu berücksichtigen.')."
lni101/27,lni101,27.pdf,lni101/27.pdf,Einsatz von RFID-Transpondern zur Rückverfolgbarkeit pflanzlicher Produkte,"Lutz Beplate-Haarstrich, M.Sc., Dr. Dieter von Hörsten, Prof. Dr. Wolfgang Lücke",mistral-large-3-675b-instruct-2512,rse_typology_prompt_v1,run_1,0,0.9,"Die Publikation beschreibt den Einsatz von RFID-Technologie zur Rückverfolgbarkeit pflanzlicher Produkte, insbesondere die Verwendung von RFID-Transpondern (Korndummies) und Lese-/Schreibgeräten. Es wird jedoch KEINE eigene Forschungssoftware im Sinne von Quellcode, Algorithmen, Skripten oder rechnergestützten Arbeitsabläufen entwickelt, erweitert oder angepasst. Die Arbeit konzentriert sich auf die Anwendung und Evaluation der RFID-Hardware sowie verfahrenstechnische Aspekte, nicht auf die Entwicklung von Software.",,,,,,,,,,,,,,,,,,,,,,,,,,
lni101/47,lni101,47.pdf,lni101/47.pdf,Multimediale Darstellung komplexer Lehrinhalte-Fallbeispiele aus der Entwicklung eines E-Learning-Systems,"Regina Daenecke, Peggy Walther, Peter Giebler, Joachim Spilke",mistral-large-3-675b-instruct-2512,rse_typology_prompt_v1,run_1,1,0.9,"Die Publikation beschreibt die Entwicklung eines E-Learning-Systems mit eigenen Animationen, die mit Macromedia Flash und animierten GIF-Bildern erstellt wurden. Diese Animationen sind interaktiv und dienen der Vermittlung komplexer Lehrinhalte, insbesondere mathematischer Modelle. Die Entwicklung dieser multimedialen Elemente stellt eine maßgebliche Anpassung und Erweiterung für den Forschungszweck dar und geht über die bloße Anwendung von Standardsoftware hinaus.",product_result,0.95,,"Die Publikation beschreibt die Entwicklung eines E-Learning-Systems als zentrales Ergebnis der Forschung. Das System selbst ist das Deliverable, nicht nur ein Mittel zur Beantwortung einer Forschungsfrage.",projektdefinition;entwurf;implementierung,0.9,,"Der Text beschreibt die Motivation und den Problemraum (Projektdefinition), die Architektur und Gliederung des Systems (Entwurf) sowie die konkrete Umsetzung der Animationen (Implementierung). Testen/Qualitätssicherung oder Deployment werden nicht explizit erwähnt.",full_stack_application,0.95,,"Das E-Learning-System ist eine webbasierte Anwendung mit Frontend (Animationen, Interaktivität) und Backend (Datenverarbeitung, Modellintegration). Es handelt sich um eine Full-Stack-Anwendung.",flash_animation_tools,1.0,,"Explizit genannt wird die Verwendung von Macromedia Flash zur Erstellung komplexer Animationen im SWF-Format. GIF-Animationen sind ein Dateiformat, keine Programmiersprache/Technologie im Sinne des Techstacks.",planned,0.8,,"Der Text erwähnt eine Evaluation des Systems in einer separaten Publikation ([DWGSH06]), die jedoch nicht in diesem Beitrag beschrieben wird. Es gibt Hinweise auf eine geplante oder bereits durchgeführte Evaluation, aber keine Details im vorliegenden Text.",,,classical_se,0.7,,"Die Entwicklung des E-Learning-Systems folgt einer strukturierten Vorgehensweise mit Themenkomplexen, inhaltlicher Gliederung und differenzierter Nutzung von Lernobjekttypen (vgl. Abschnitt 2). Dies deutet auf eine plangetriebene Entwicklung hin, auch wenn agile Elemente nicht ausgeschlossen werden können. Explizit wird jedoch keine Methodik genannt, daher Unsicherheit."
lni103/17,lni103,17.pdf,lni103/17.pdf,Datenmanagement für SAP Anwendungen,Rudolf Munz Product Support SAP AG Dietmar-Hopp-Allee Walldorf,mistral-large-3-675b-instruct-2512,rse_typology_prompt_v1,run_1,,,,,,,,,,,,,,,,,,,,,,,,pdf_extraction_failed,,,,,
lni103/542,lni103,542.pdf,lni103/542.pdf,Data Staging for OLAP-and OLTP-Applications on RFID Data,"Stefan Krompaß, Stefan Aulbach, Alfons Kemper",mistral-large-3-675b-instruct-2512,rse_typology_prompt_v1,run_1,1,0.95,"Die Publikation beschreibt detailliert die Entwicklung einer eigenen Datenstaging-Architektur für RFID-Daten, einschließlich einer verteilten Caching-Schicht und eines Data-Warehouse-Systems. Es werden Algorithmen für die Datenverarbeitung (z.B. tuple-wise und bulk data staging) sowie Datenbank-Schemata (RFID_RAW, RFID_READ, RFID_PATH) implementiert und evaluiert. Dies geht über die bloße Anwendung von Standardsoftware hinaus und stellt eine maßgeschneiderte Forschungssoftware dar.",product_result,1.0,,"Die Publikation beschreibt explizit den Entwurf und die Evaluierung einer Datenstaging-Architektur (inkl. Cache-Layer und Data Warehouse) als zentrales Forschungsergebnis. Die Software/Architektur selbst ist das Produkt der Forschung, nicht nur ein Mittel zur Datenerhebung oder -analyse für ein übergeordnetes Ziel.",entwurf;implementierung;testen_qualitaetssicherung,1.0,,"Der Text beschreibt detailliert den Entwurf der Architektur (Abschnitt 2), die Implementierung (z. B. Algorithmen in Abschnitt 3) und die Evaluation durch Benchmarks (Abschnitt 4), was auf Testen/Qualitätssicherung hindeutet.",full_stack_application;middleware_service,1.0,,"Die Architektur besteht aus einer Middleware (Datenbereinigung, Staging-Trigger) und einer Full-Stack-Anwendung (Cache-Layer + Data Warehouse mit OLTP/OLAP-Funktionalität). Beide Komponenten sind explizit beschrieben.",sql_db;java_jvm,0.9,,"Die Publikation erwähnt explizit relationales Datenbankmanagement (SQL) für Cache und Warehouse. Die Middleware und JDBC-Schnittstellen deuten stark auf Java/JVM hin (JDBC ist eine Java-API), auch wenn Java nicht wörtlich genannt wird.",performance_evaluation;benchmarking,1.0,,Abschnitt 4 beschreibt analytische Schätzungen und Benchmarks zur Bewertung von Speicherplatzverbrauch und Abfrageperformance. Die Evaluation erfolgt auf Basis von Effizienzmetriken (Performance) und Vergleich der Schemata (Benchmarking).,,,classical_se,0.85,,"Die Entwicklung folgt einem klassischen Software-Engineering-Ansatz mit Anforderungsanalyse (z.B. Unterstützung von OLTP und OLAP), Architekturdesign (3-Tier-Architektur, Caching-Schicht, Data Warehouse), Implementierung (Algorithmen für Datenstaging) und Evaluation (Benchmarking in Section 4). Dies wird durch die strukturierte Beschreibung der Komponenten und deren Zusammenspiel belegt (Section 2.1)."
lni104/103,lni104,103.pdf,lni104/103.pdf,Standards for Ambient Learning Environments,"Markus Bick, Tyge Kummer, Jan M. Pawlowski, Patrick Veith Business Information Systems ESCP-EAP Europäische",mistral-large-3-675b-instruct-2512,rse_typology_prompt_v1,run_1,1,0.9,"Die Publikation beschreibt die Entwicklung und Implementierung einer standardbasierten ambienten Lernumgebung, die als Forschungssoftware einzustufen ist. Es werden eigene Middleware-Komponenten (z.B. Web-Service-basierte Middleware), Datenstandards (z.B. TeachML, Topic Maps) und Anpassungen bestehender Standards (z.B. IMS LD, LOM) vorgenommen, um Interoperabilität und Adaptivität zu ermöglichen. Zudem wird ein Prototyp implementiert, der als Proof-of-Concept für die Integration verschiedener Technologien und Standards dient (vgl. Abschnitt 4, Sample Implementation).",product_result,0.95,,"Die Publikation beschreibt die Entwicklung und Implementierung eines ambienten Lernumgebungs-Systems als zentrales Forschungsergebnis (vgl. Abschnitte 2.2, 3, 4). Es handelt sich um eine Referenzimplementierung, die bestehende Standards integriert und erweitert, wobei der Beitrag der Bau/die Integration des Systems selbst ist.",projektdefinition;anforderungen;entwurf;implementierung;deployment_betrieb,0.98,,"Die Publikation deckt mehrere Phasen ab: Projektdefinition (Abschnitt 1, Motivation und Problemraum), Anforderungen (Abschnitt 2.2, Framework-Entwicklung), Entwurf (Abschnitt 3, Standards und Architektur), Implementierung (Abschnitt 4, Sample Implementation) und Deployment/Betrieb (Abschnitt 4, Beschreibung der laufenden Nutzung und Integration in die Universität Duisburg-Essen).",full_stack_application;middleware_service,0.95,,"Die Software ist eine Full-Stack-Anwendung (Lernumgebung mit Frontend/Backend, z. B. Open-sTeam LMS) und umfasst Middleware-Dienste (z. B. Web-Service-basierte Integration von Geräten und Systemen, Abschnitt 3.3 und 4).",xml_xsd;javascript_web,0.85,,"Explizit genannt werden XML-basierte Standards (z. B. XML, WML, PML, IMS LD, LOM, Abschnitt 3.2 und 3.4) sowie Web-Technologien (xHTML, WML für mobile Geräte, Abschnitt 4). JavaScript/Web ist impliziert durch die Nutzung von Web-Services und webbasierten Lernumgebungen (z. B. Open-sTeam).",conceptual_evaluation;testing,0.9,,"Die Publikation beschreibt eine konzeptionelle Evaluation des Frameworks und der Architektur (Abschnitt 5, Reflexion über Nützlichkeit und Herausforderungen) sowie technische Tests der Implementierung (z. B. Interoperabilitätstests der Standards, Abschnitt 4). Eine empirische Studie mit Versuchspersonen wird nicht explizit durchgeführt.",,,standardization_driven,0.95,,"Die Entwicklung der Software folgt explizit bestehenden Standards auf verschiedenen Ebenen (Devices, Data, Middleware, Application) wie z.B. IMS LD, LOM, XML, WML, Webservices und CORBA. Die Implementierung orientiert sich an diesen Standards, um Interoperabilität und Wiederverwendbarkeit zu gewährleisten (vgl. Abschnitt 3 und 4)."
lni105/251,lni105,251.pdf,lni105/251.pdf,Verifikation zeitlicher Anforderungen in automotiven komponentenbasierten Software Systemen,"Matthias Gehrke, Martin Hirsch, Wilhelm Schäfer",mistral-large-3-675b-instruct-2512,rse_typology_prompt_v1,run_1,1,0.9,"Die Publikation erwähnt explizit den Einsatz von UPPAAL (Zeile 2: 'UPPAAL ist frei verfügbar (http://www.uppaal.com) und wird im s-lab bereits seit einiger Zeit erfolgreich eingesetzt.'). UPPAAL ist ein Werkzeug für die formale Verifikation von Echtzeitsystemen, das für den Forschungszweck der Verifikation zeitlicher Anforderungen in automotiven Systemen genutzt wird. Dies deutet auf eine maßgebliche Anpassung oder Erweiterung für den spezifischen Forschungszweck hin.",formal_verification,0.9,,"Der Titel der Publikation ('Verifikation zeitlicher Anforderungen') deutet explizit auf formale Verifikation als primären Forschungszweck hin. UPPAAL ist ein bekanntes Tool für die Modellprüfung (Model Checking), was die Zuordnung stützt.",testen_qualitaetssicherung,0.8,,"UPPAAL wird für die Verifikation eingesetzt, was der Phase 'Testen/Qualitätssicherung' entspricht. Der Text erwähnt die erfolgreiche Nutzung von UPPAAL im s-lab, was auf eine Anwendung in dieser Phase hindeutet.",numerical_mathematical,0.85,,"UPPAAL ist ein Verifikationstool, das zur Kategorie 'numerical_mathematical' (inkl. Verification Tools) gehört. Dies ist explizit im Text durch die Nennung von UPPAAL als Werkzeug für die Verifikation belegt.",insufficient_information,1.0,,"Es gibt keine explizite Nennung einer Programmiersprache oder eines Techstacks. UPPAAL ist ein Tool, aber die zugrundeliegende Implementierungssprache wird nicht genannt.",,0.0,,"Der Text enthält keine Hinweise auf eine Evaluation der Forschungssoftware (z. B. Tests, Usability-Studien, Benchmarking).",,,formal_methods,0.95,,"Die Verwendung von UPPAAL, einem Tool für formale Methoden, deutet auf eine Spezifikation, Verifikation und beweisgestützte Entwicklung hin. Dies ist explizit im Kontext der Verifikation zeitlicher Anforderungen genannt."
lni106/101,lni106,101.pdf,lni106/101.pdf,Strategien zur Testfallgenerierung aus SysML Modellen,Sebastian Schlecht Technische Universiät Darmstadt,mistral-large-3-675b-instruct-2512,rse_typology_prompt_v1,run_1,1,0.9,"Die Publikation beschreibt die Entwicklung eines Modell-basierten Testansatzes, bei dem aus SysML-Aktivitätsdiagrammen automatisiert Testsequenzen abgeleitet werden. Es wird explizit erwähnt, dass an der Fertigstellung eines 'Modellsimulators für das UML Werkzeug Enterprise Architect' gearbeitet wird (Abschnitt 7). Dies deutet auf die Entwicklung eigener Software zur Testfallgenerierung hin, die über die bloße Anwendung von Standardsoftware hinausgeht.",product_result,0.95,,"Die Publikation beschreibt die Entwicklung eines Ansatzes zur automatisierten Testfallgenerierung aus SysML-Modellen, wobei der Fokus auf der Umsetzung und dem Bau des Systems selbst liegt (Modellierung, Simulation, Testfallableitung). Der Beitrag ist das lauffähige System/Architektur, nicht nur ein Algorithmus.",anforderungen;entwurf;implementierung;testen_qualitaetssicherung,0.98,,"Der Text behandelt explizit Anforderungen (Modellierungskonzept, Abschnitt 5), Entwurf (Aktivitätsdiagramme, SysML-Modellierung, Abschnitt 3 und 5), Implementierung (Modellsimulator für Enterprise Architect, Abschnitt 7) und Testen/Qualitätssicherung (Testfallgenerierung, Überdeckungskriterien, Abschnitt 6).",plugin_extension,0.9,,"Die Software wird als Modellsimulator für das UML-Werkzeug Enterprise Architect umgesetzt (Abschnitt 7), was auf eine Erweiterung/Plugin hindeutet. Keine Hinweise auf andere Typen wie Bibliothek oder Full-Stack-Anwendung.",xml_xsd,0.85,sysml_uml_tools,"SysML (Systems Modeling Language) wird explizit als Modellierungssprache genannt (Abschnitt 3, [OMG06]). SysML basiert auf UML und verwendet XML-basierte Standards (XMI). Da 'xml_xsd' die nächstliegende Kategorie ist, aber SysML/UML-spezifisch nicht abgedeckt ist, wird 'sysml_uml_tools' als neue Subkategorie vorgeschlagen.",planned,0.95,,"Die Evaluation ist geplant: Im Ausblick (Abschnitt 7) wird erwähnt, dass der Ansatz in der Praxis evaluiert werden soll (Fertigstellung des Modellsimulators, Untersuchung der Eignung für Testüberdeckungskriterien). Es gibt keine Hinweise auf bereits durchgeführte Evaluationen.",,,classical_se,0.9,,"Die Publikation beschreibt einen plangetriebenen Ansatz mit klaren Schritten: Anforderungsanalyse (Modellierung des dynamischen Verhaltens), Architektur (Verknüpfung von Benutzer- und Systemaktivitäten) und Test (Generierung von Testsequenzen). Dies entspricht klassischen Software-Engineering-Methoden (Abschnitt 3, 5, 6)."
lni106/137,lni106,137.pdf,lni106/137.pdf,Methods for Testing Web Services,"Peter Dencker, Rix Groenboom Parasoft Deutschland GmbH Bayerstraße München",mistral-large-3-675b-instruct-2512,rse_typology_prompt_v1,run_1,0,0.9,"Die Publikation diskutiert Methoden und Best Practices für das Testen von Web Services sowie die Nutzung von Testwerkzeugen wie Parasoft's SOAtest. Es wird jedoch keine eigene Forschungssoftware im Sinne von Quellcode, Algorithmen oder maßgeblich angepasster Software für einen Forschungszweck beschrieben. Stattdessen liegt der Fokus auf der Anwendung und Empfehlung kommerzieller Testwerkzeuge und Standards.",,,,,,,,,,,,,,,,,,,,,,,,,,
lni106/297,lni106,297.pdf,lni106/297.pdf,Kontraktbasiertes Black-Box Testen von Webservices,Michael Averstegge,mistral-large-3-675b-instruct-2512,rse_typology_prompt_v1,run_1,1,0.9,"Die Publikation beschreibt die Entwicklung eines 'VWS' (Validating Web Service) als intermediäre Schicht zur automatisierten, nicht-invasiven Black-Box-Testung von Webservices unter Einbezug des Design-by-Contract-Paradigmas. Diese Software wird explizit als Teil des Forschungsvorhabens erstellt und dient der Testautomatisierung sowie der Qualitätsüberwachung von Webservices. Zudem werden dynamisch geladene Java-Module erwähnt, die dem Visitor-Pattern entsprechen und zur Laufzeit in den VWS integriert werden (Abschnitt 2.1). Dies belegt die eigene Entwicklungsleistung und den Forschungszweck der Software.",product_result,0.95,,"Die Publikation beschreibt einen Ansatz zur automatisierten, kontraktbasierten Testung von Webservices, wobei der Fokus auf der Architektur und Implementierung des Systems (VWS) liegt. Die Software selbst ist das primäre Ergebnis der Forschung.",entwurf;implementierung;testen_qualitaetssicherung,0.98,,"Der Text beschreibt explizit den Entwurf (Architektur des VWS, Abbildung 1), die Implementierung (dynamisches Laden von Java-Modulen, Visitor-Pattern) und das Testen/Qualitätssicherung (automatisierte Ableitung von Testdaten, Kontraktüberprüfung, Monitoring).",middleware_service,0.95,,"Die Software ist eine intermediäre Schicht (VWS) zwischen Client und Webservice, die als Proxy agiert und Vertragsprüfungen durchführt. Dies entspricht der Definition von Middleware/dienstorientierter Software.",java_jvm;xml_xsd,0.98,,Explizit genannt: Java-Module (dynamisch geladen) und WSDL (XML-basierte Webservice-Beschreibungssprache).,testing,0.9,,"Der Fokus liegt auf der automatisierten Ableitung, Durchführung und Auswertung von Testfällen sowie der Kontraktüberprüfung. Es handelt sich um technischen Nachweis der Funktionalität (keine empirische Studie oder Usability-Tests).",,,classical_se,0.7,contract_based_testing,"Die Entwicklung folgt einem klassischen Software-Engineering-Ansatz mit klarer Architektur (VWS als intermediäre Schicht), Anforderungsanalyse (Nicht-Invasivität, Kontraktbasierung) und Testmethodik (Black-Box-Test, Testfallableitung aus Verträgen). Allerdings wird explizit das Design-by-Contract-Paradigma als zentrale Methodik genutzt, was auf eine spezifischere Subkategorie 'contract_based_testing' hindeutet (Abschnitt 1 und 2.1)."
lni106/337,lni106,337.pdf,lni106/337.pdf,Qualit¨atsverbesserung durch gewichtete Teilaspekte im,Image Retrieval Raoul Pascal Pein,mistral-large-3-675b-instruct-2512,rse_typology_prompt_v1,run_1,1,0.95,"Die Publikation beschreibt die Entwicklung eines erweiterbaren Frameworks für Content-based Image Retrieval (CBIR), das mehrere Suchaspekte (z. B. Histogramme, Formen, Schlagworte) in einem System vereint. Es wird explizit ein Prototyp implementiert, der eigene Algorithmen zur Extraktion und zum Vergleich von Bildmerkmalen enthält (z. B. FeatureVector-Klasse, Factory-Pattern). Dies geht über die bloße Anwendung von Standardsoftware hinaus und stellt eine eigene Entwicklungsleistung dar.",product_result,0.95,,"Die Software (ein CBIR-System mit erweiterbarem Framework) ist das primäre Ergebnis der Forschung. Der Text betont die Entwicklung des Systems selbst als Beitrag (z. B. 'Diese Arbeit stellt eine Methode vor', 'das System ist nicht auf reines CBIR beschränkt', 'der erste Prototyp wurde als Bachelorarbeit realisiert'). Es geht nicht um die Anwendung der Software für ein übergeordnetes Forschungsziel, sondern um deren Bau/Integration.",projektdefinition;anforderungen;entwurf;implementierung,1.0,,"Der Text beschreibt explizit: (1) Projektdefinition/Motivation (Einleitung: Bedeutung von CBIR, Einschränkungen bestehender Systeme), (2) Anforderungen (Abschnitt 2: 'Hauptziel der Arbeit', 'Gewichtung jedes Aspektes frei wählbar'), (3) Entwurf (Abschnitt 3: Architektur mit lose gekoppelten Komponenten, Datenhaltung, Iterator-Pattern), (4) Implementierung (Abschnitt 4: evolutionäre Entwicklung, Prototyp mit Swing-Client, Servlet-Client, Aspekt-Module).",full_stack_application;library_package,0.9,,"Die Software ist eine Full-Stack-Anwendung (Frontend: Swing-Client/Servlet-Client; Backend: Kernsystem mit Datenhaltung). Gleichzeitig wird ein 'erweiterbares Framework' beschrieben, das Aspekt-Module integriert (Library/Package-Charakter). Die Kombination ist durch die explizite Beschreibung der Architektur und Komponenten belegt.",java_jvm;sql_db,0.95,,"Explizit genannt: 'Swing-Client' (Java), 'Servlet-Client' (Java), 'Datenbank' (SQL/DB). Die Nutzung von Java ist durch Swing und Servlets eindeutig belegt, die Datenhaltung basiert auf einer Datenbank (SQL).",planned,1.0,,"Der Text erwähnt explizit: 'In der anstehenden Masterarbeit sollen eine Evaluation der Benutzbarkeit und der Ergebnisqualität folgen.' Es gibt also keine durchgeführte Evaluation, sondern eine geplante.",,,agile,0.85,,Die Entwicklung des Prototyps erfolgt evolutionär und iterativ: 'Die Entwicklung des Prototypen geschieht evolutionär. In den ersten Schritten wurde die Persistenzschicht zusammen mit dem Administrationstool entwickelt. [...] Nach und nach wurde die Funktionalität ausgebaut.' Dies deutet auf eine agile/iterative Methodik hin.
lni107/105,lni107,105.pdf,lni107/105.pdf,Towards Entropy-Based Requirements Elicitation,"Arkadiy V. Kostanyan, Vladimir A. Shekhovtsov",mistral-large-3-675b-instruct-2512,rse_typology_prompt_v1,run_1,1,0.9,"Die Publikation beschreibt die Entwicklung eines universellen Parsers für Softwareanforderungstexte sowie einer darauf aufbauenden Technik zur Extraktion von Anforderungen. Diese Techniken werden als Algorithmen (genetischer Algorithmus zur Entropieminimierung) und Methoden (NLP-basierte Parsing- und Elicitation-Techniken) implementiert, die explizit für den Forschungszweck entwickelt wurden. Der Text erwähnt die Implementierung eines Parsers und die Nutzung eines genetischen Algorithmus, was auf eigene Softwareentwicklung hindeutet (vgl. Abschnitt 4.3: 'We propose to use a genetic algorithm'). Zudem wird die Erweiterung des 'trained indicator approach' von Cleland-Huang beschrieben, was auf eine maßgeschneiderte Anpassung für die Forschung hinweist.",product_result,0.95,,"Die Publikation beschreibt die Entwicklung eines Parsers und einer Elicitation-Technik als zentrales Ergebnis der Forschung. Der Fokus liegt auf dem Bau des Systems (Parser + Elicitation) selbst, nicht auf der Anwendung für ein übergeordnetes Forschungsziel. Die Software ist das Produkt der Forschung.",anforderungen;entwurf;implementierung,0.98,,"Das Paper behandelt explizit Requirements Engineering (Elicitation von Anforderungen aus Texten, S. 1-2, 5), den Entwurf des Parsers (Entropy-basiertes Konzept, S. 4) und die Implementierung (Algorithmen 1 und 2, S. 4.3). Testen/Qualitätssicherung oder Deployment werden nicht thematisiert.",analysis_pipeline,0.85,,"Die Software ist eine Pipeline zur Verarbeitung von Anforderungenstexten: Parsing (Textanalyse) und Elicitation (Klassifikation/Extraktion von Anforderungen). Dies entspricht einer linearen Datenverarbeitung (Text → Parsing → Elicitation → Ausgabe für KCPM/APM). Keine Hinweise auf eine Bibliothek, Full-Stack-Anwendung oder andere Typen.",prolog,0.9,,Der Text nennt explizit die Verwendung eines Prolog-Engines für das Parsing (S. 2.2: 'NL-Parsing is done using a Prolog engine. The Prolog Parser is written in the Definite Clause Grammar (DCG) format.'). Dies ist ein direkter Beleg für Prolog als Technologie.,planned,0.95,,"Das Paper beschreibt die geplanten nächsten Schritte zur Evaluation: Testen mit realen Anforderungenstexten (S. 7: 'We plan to test the viability of the ideas presented in this article using real-life set of requirements specifications texts.'). Es gibt keine Hinweise auf bereits durchgeführte Evaluationen (Testing, Usability, Benchmarking etc.).",,,model_driven_optimization,0.8,,Die Entwicklung der Software basiert auf einem mathematischen Modell (Entropie-basierte Optimierung) und einem genetischen Algorithmus zur Minimierung der Entropie. Dies entspricht einer modellgetriebenen Optimierung als zentralem Vorgehen (vgl. Abschnitt 4.2: 'We calculate the system entropy H(W) as follows' und Abschnitt 4.3: 'We propose to use a genetic algorithm').
lni107/21,lni107,21.pdf,lni107/21.pdf,"Return on Security Investments – Design Principles of Measurement Systems Based on Capital Budgeting Jan vom Brocke1, Gereon Strauch2, Christian Buddendick2 1 HILTI Chair for Information Systems",,mistral-large-3-675b-instruct-2512,rse_typology_prompt_v1,run_1,0,1.0,"Die Publikation diskutiert methodische Ansätze zur Berechnung des Return on Security Investments (ROSI) und schlägt ein Framework basierend auf Kapitalbudgetierungsmethoden (VOFI) vor. Es wird jedoch keine eigene Forschungssoftware entwickelt, angepasst oder beschrieben. Die Beispiele und Berechnungen erfolgen in Spreadsheets (z.B. Tabellen 4.1 bis 4.6), die als Standardsoftware (z.B. Excel) einzustufen sind und keine maßgebliche Anpassung oder Entwicklung für Forschungszwecke erkennen lassen.",,,,,,,,,,,,,,,,,,,,,,,,,,
lni109/202,lni109,202.pdf,lni109/202.pdf,A Semantic Approach for Description and Ranked Matching of Services in Pervasive Environments,"Ayomi Bandara, Terry Payne, David De Roure, Tim Lewis",mistral-large-3-675b-instruct-2512,rse_typology_prompt_v1,run_1,1,0.95,"Die Publikation beschreibt die Entwicklung eines semantischen Matching-Frameworks zur effektiven Entdeckung und Rangbildung von Diensten in pervasive Umgebungen. Dies umfasst die Implementierung eines Matching-Systems in Java unter Verwendung der Pellet DL-Reasoner-API und einer OWL-Ontologie, die mit Protégé erstellt wurde. Die Software ist explizit für Forschungszwecke entwickelt und wird im Text als 'matching engine' und 'matching framework' bezeichnet (vgl. Abschnitt 3.2, 4).",product_result,0.95,,"Die Publikation beschreibt ein semantisches Matching-Framework als Hauptbeitrag, das als lauffähiges System (Pilot/Referenzimplementierung) in einem pervasive Environment umgesetzt und evaluiert wird. Der Fokus liegt auf dem System selbst, nicht auf einem einzelnen Algorithmus oder einer übergeordneten Forschungsfrage.",projektdefinition;anforderungen;entwurf;implementierung;testen_qualitaetssicherung,0.98,,"Der Text beschreibt explizit: (1) Motivation und Anforderungen (Abschnitt 2), (2) Entwurf des Frameworks (Abschnitt 3), (3) Implementierung in Java mit Pellet (Abschnitt 4), (4) Konsistenzprüfung der OWL-Beschreibungen und Testen des Matching-Prozesses (Abschnitt 4).",middleware_service,0.9,,"Die Software dient als semantischer Matching-Service für die Entdeckung und Bewertung von Geräten/Diensten in pervasive Environments. Dies entspricht einer Middleware/Dienstorientierten Software, die als Vermittlungsschicht agiert.",java_jvm;xml_xsd,1.0,,"Explizit genannt: Implementierung in Java (Abschnitt 4) und Verwendung von OWL (XML-basierte Ontologiesprache, Abschnitt 3.1 und 4). Pellet ist ein Java-basierter DL-Reasoner.",testing;empirical_study,0.95,,"Der Text erwähnt (1) technische Konsistenzprüfung der OWL-Beschreibungen (Testing) und (2) eine Human Study zur Bewertung der Übereinstimmung der Matching-Ergebnisse mit menschlicher Wahrnehmung (empirische Studie, Abschnitt 5).",,,classical_se,0.8,,"Die Entwicklung folgt einem strukturierten Ansatz mit Anforderungsanalyse (Abschnitt 2), Architekturdefinition (Abschnitt 3), Implementierung (Abschnitt 4) und Evaluation (Abschnitt 5). Dies deutet auf ein klassisches Software-Engineering-Vorgehen hin, auch wenn agile Elemente nicht ausgeschlossen werden können."
lni109/57,lni109,57.pdf,lni109/57.pdf,Ein Decision Support System zur kooperativen Tourenplanung in Verb¨unden unabh¨angiger Transportdienstleister,"Sascha Dahl, Ulrich Derigs WINFORS - Seminar für Wirtschaftsinformatik und Operations Research",mistral-large-3-675b-instruct-2512,rse_typology_prompt_v1,run_1,1,0.95,"Die Publikation beschreibt die Konzeption und Entwicklung eines Decision Support Systems (DSS) zur kooperativen Tourenplanung. Dieses System wurde explizit für ein Kooperationsnetzwerk mittelständischer Kurierdienste entwickelt und umfasst eine internetbasierte Client-Server-Architektur mit Datenbank, Vorschlagsgenerator und Web-Anwendung. Die Implementierung erfolgte mit Microsoft SQL Server 2005 und ASP.NET, was auf eigene Entwicklungsleistung hindeutet.",product_result,1.0,,"Die Publikation beschreibt explizit die Konzeption, Entwicklung und Implementierung eines Decision Support Systems (DSS) als zentrales Ergebnis der Forschung. Das System wird als Pilotimplementierung im Produktivbetrieb eingesetzt, was auf `product_result` hindeutet.",projektdefinition;entwurf;implementierung;deployment_betrieb,1.0,,"Der Text beschreibt die Projektdefinition (Hintergrund, Motivation), den Entwurf (Architektur, Komponenten), die Implementierung (Technologien wie ASP.NET, SQL Server) und den Deployment/Betrieb (Produktivbetrieb seit 2007).",full_stack_application;middleware_service,1.0,,"Das DSS ist eine webbasierte Full-Stack-Anwendung (Client-Server-Architektur, Browser-Interface) und integriert als Middleware Daten aus lokalen Dispositionssystemen und Telematik-Diensten.",csharp_dotnet;sql_db;javascript_web,1.0,,"Explizit genannt: ASP.NET (→ C#/.NET), Microsoft SQL Server 2005 (→ SQL/Datenbank), browserbasierte Benutzeroberfläche (→ JavaScript/Web).",planned,0.8,,"Der Text erwähnt den Einsatz im Produktivbetrieb, aber keine explizite Evaluation (z. B. Tests, Studien). Die Evaluation scheint nicht im Fokus der Publikation zu stehen, daher wird `planned` als nächstbeste Option gewählt, da der Betrieb als zukünftige Nutzung interpretiert werden kann. Die Unsicherheit ergibt sich aus fehlenden expliziten Evaluationsmethoden.",,,classical_se,0.85,,"Die Entwicklung des DSS folgt einem klassischen Software-Engineering-Ansatz mit klaren Phasen: Anforderungsanalyse (Abschnitt 2: Planungsproblem), Architekturdesign (Abschnitt 3: Konzeption des DSS mit Daten-, Modell- und Dialogkomponente) und Implementierung (Abschnitt 4: Einsatz in der Praxis mit Technologien wie Microsoft SQL Server 2005 und ASP.NET)."
lni109/570,lni109,570.pdf,lni109/570.pdf,MR Auto Racing Mixed Reality Game for Public Installation,Daniel Cermak-Sassenrath,mistral-large-3-675b-instruct-2512,rse_typology_prompt_v1,run_1,1,0.95,"Die Publikation beschreibt die Entwicklung von 'MR Auto Racing', einer Mixed-Reality-Spielanwendung, die explizit für Forschungszwecke (Experimentieren mit Ein- und Ausgabemöglichkeiten des Computers in einem Spielkontext) erstellt wurde. Die Software umfasst eigene Algorithmen für Video-Tracking, Kollisionserkennung und Spielsteuerung, die über Standard-Hardware (Joysticks, Projektor, Webcam) hinausgehen. Dies geht deutlich über die bloße Anwendung von Standardsoftware hinaus.",product_result,0.95,,"Die Software (MR Auto Racing) ist das primäre Ergebnis der Forschung. Der Text betont, dass das Spiel als öffentliche Mixed-Reality-Installation entwickelt wurde und der Fokus auf dem Konzept der Verbindung von realen und virtuellen Objekten liegt. Es geht nicht um Datenerhebung, Analyse oder Simulation für ein übergeordnetes Forschungsziel, sondern um das System selbst als Forschungsbeitrag.",projektdefinition;entwurf;implementierung;testen_qualitaetssicherung;deployment_betrieb,0.9,,"Der Text beschreibt die Vision und Motivation (projektdefinition), den Aufbau und die Architektur (entwurf), die konkrete Umsetzung mit Hardware/Software (implementierung), erste Tests zur Funktionalität (testen_qualitaetssicherung) sowie die geplante öffentliche Nutzung (deployment_betrieb, z. B. GI Mixed Reality Workshop).",full_stack_application;mixed_reality_application,0.95,,"Die Software ist eine vollständige Anwendung (full_stack_application), die Mixed-Reality-Elemente (mixed_reality_application) integriert. Sie kombiniert physische Objekte (z. B. Papphäuser) mit projizierten virtuellen Elementen (Autos) und nutzt Hardware wie Joysticks, Projektor und Webcam.",insufficient_information,0.8,,"Es werden keine expliziten Programmiersprachen oder Frameworks genannt. Die Hardware (Joysticks, Projektor, Webcam) und Methoden (Video-Tracking, Pixel-basierte Kollisionserkennung) werden beschrieben, aber keine konkrete Technologie oder Sprache. Die Erwähnung von 'DirectShow' (VideoCapture Wrapper) könnte auf C++/C# hindeuten, ist aber nicht explizit genug, um dies zu belegen.",testing;usability_study,0.85,,Der Text erwähnt erste Tests zur technischen Funktionalität (testing) und dass Spieler das Spiel genossen und die Konkurrenz intensiv war (usability_study). Es gibt keine Hinweise auf empirische Studien mit inhaltlichen Forschungsfragen oder Benchmarking.,,,design_based,0.9,,"Die Entwicklung der Software folgt einem design-basierten Ansatz, bei dem das Artefakt (das Spiel) selbst der Forschungsbeitrag ist. Dies zeigt sich in der iterativen Gestaltung (Abschnitt 2: 'The focus of development was experimenting with different input and output possibilities') und der Evaluation durch erste Tests mit Spielern (Abschnitt 5: 'First tests have shown that the game technically works... The players enjoyed playing the game')."
lni109/75,lni109,75.pdf,lni109/75.pdf,The Collaborative Carrier Vehicle Routing Problem for Capacitated Traveling Salesman Tours,"Susanne Berger, Christian Bierwirth",mistral-large-3-675b-instruct-2512,rse_typology_prompt_v1,run_1,1,0.9,"Die Publikation beschreibt die Entwicklung und Implementierung eines Algorithmus zur Lösung des Collaborative Carrier Vehicle Routing Problem (CCVRP). Dieser Algorithmus umfasst eine kombinatorische Auktion und ein Verfahren zur Neuverteilung von Transportaufträgen, das in einem iterativen Prozess optimiert wird. Die Beschreibung der mathematischen Modellierung (Abschnitt 2) und des Lösungsverfahrens (Abschnitt 3) deutet auf die Entwicklung eigener Software zur Berechnung und Optimierung hin, auch wenn der Quellcode nicht explizit genannt wird.",product_result,0.95,,"Die Publikation beschreibt ein Framework und einen Algorithmus für das Collaborative Carrier Vehicle Routing Problem (CCVRP) als zentrales Ergebnis der Forschung. Die Software (Framework + Algorithmus) ist das primäre Deliverable, nicht nur ein Mittel zur Evaluation eines einzelnen Algorithmus.",entwurf;implementierung,0.9,,"Der Text beschreibt detailliert das Design des Frameworks (z. B. hierarchische Zerlegung, Auktionsmechanismus) und die Implementierung des Reassignment-Algorithmus in 5 Schritten. Es gibt keine explizite Erwähnung von Testen, Deployment oder Anforderungen, daher werden nur 'entwurf' und 'implementierung' gewählt.",numerical_mathematical,0.85,,"Die Software löst ein Optimierungsproblem (CCVRP) mit mathematischen Modellen (z. B. lineare Constraints, Kostenfunktionen) und Algorithmen (Auktion, Routing). Dies passt zu 'numerical_mathematical', da der Fokus auf der numerischen Lösung eines Transportoptimierungsproblems liegt.",insufficient_information,1.0,,"Es werden keine Programmiersprachen, Frameworks oder Technologien explizit genannt oder impliziert (z. B. durch Bibliotheken). Daher kann kein Techstack abgeleitet werden.",benchmarking;performance_evaluation,0.95,,Die Software wird auf Basis von Testinstanzen (abgeleitet von TSP-Benchmark R101) evaluiert. Es wird ein Vergleich mit der optimalen Lösung unter Informations-Transparenz durchgeführt ('benchmarking'). Zudem wird die Verbesserung des Netzwerkprofits gemessen ('performance_evaluation').,,,model_driven_optimization,0.95,,"Die Entwicklung der Software basiert auf einem mathematischen Optimierungsmodell (CCVRP), das in Abschnitt 2 detailliert beschrieben wird. Die Lösung des Problems erfolgt durch ein modellgetriebenes Verfahren, das eine kombinatorische Auktion und iterative Neuverteilung umfasst."
lni110/100,lni110,100.pdf,lni110/100.pdf,An Object Oriented Approach for Data Fusion,"Kaeye Dästner, Thomas Kausch, Felix Opitz Systems for Surface Ships ATLAS ELEKTRONIK GmbH Wörthstr. Ulm, Germany",mistral-large-3-675b-instruct-2512,rse_typology_prompt_v1,run_1,1,0.95,"Die Publikation beschreibt explizit die Entwicklung einer objektorientierten Entwicklungsumgebung ('development suite') für Data-Fusion-Systeme, inklusive eines Data-Fusion-Kernels, Middleware, Schnittstellen und Werkzeugen für Design, Simulation und Testing. Diese Software wurde maßgeblich für Forschungszwecke (z.B. Luftverkehrskontrolle, Küstenüberwachung, Fahrzeugführung) angepasst und erweitert, was über die bloße Anwendung von Standardsoftware hinausgeht.",product_result,0.95,,"Die Publikation beschreibt eine Entwicklungs-Suite für Data Fusion als primäres Ergebnis der Forschung. Der Fokus liegt auf der Architektur und Implementierung des Systems selbst (z. B. 'object oriented development suite', 'data fusion kernel', 'fusion tree'), nicht auf der Anwendung für ein übergeordnetes Forschungsziel wie Datenerhebung oder Analyse. Es handelt sich um eine Referenzimplementierung/Pilotlösung.",entwurf;implementierung;testen_qualitaetssicherung,1.0,,"Der Text beschreibt explizit den Entwurf (z. B. 'design of complex data fusion systems', 'fusion tree', 'class model'), die Implementierung (z. B. 'ANSI C++', 'XML file configuration', 'instances of Sensor/SensorTrack') und das Testen/Qualitätssicherung (z. B. 'testing and verification within a simulated and real environment', 'simulation, test and evaluation of data fusion systems').",full_stack_application;middleware_service,0.95,,"Die Software ist eine Full-Stack-Anwendung (inkl. GUI für Systemdesign, XML-Konfiguration, Echtzeit-Datenverarbeitung) und enthält Middleware-Komponenten (z. B. 'middleware specific to the application', 'real-time database', 'interfaces' zwischen Fusion Kernel und externen Systemen).",c_cpp;xml_xsd,1.0,,Explizit genannt: 'The data fusion kernel itself is in ANSI C++' und 'The resulting configuration is coded within a XML file'. Keine weiteren Sprachen oder Technologien werden direkt erwähnt.,testing;performance_evaluation,0.9,,"Der Text erwähnt explizit 'testing and verification within a simulated and real environment' (→ `testing`) sowie 'simulation, test and evaluation of data fusion systems' (→ implizit auch Performanzaspekte wie Echtzeitfähigkeit, die typischerweise in solchen Evaluationen geprüft werden). Keine Usability-Studien oder empirischen Studien mit Versuchspersonen.",,,classical_se,0.9,,"Die Entwicklung folgt einem klassischen Software-Engineering-Ansatz mit klaren Phasen: Anforderungsanalyse (z.B. Integration diverser Sensoren und Middleware), Architekturdesign (objektorientierte Klassenmodelle, Fusion Trees), Implementierung (ANSI C++, XML-Konfiguration) und Testing (Simulation, Systemverifikation). Dies wird in Abschnitt 2 und 3 detailliert beschrieben, z.B. durch die Trennung von Schnittstellen und Kern, die Verwendung von GUIs für das Systemdesign und die XML-basierte Konfiguration."
lni110/232,lni110,232.pdf,lni110/232.pdf,Modellierung standortabhängiger Zugriffskontrollen für mobil unterstützte Prozesse Dipl.-Inform. Nikolai Krambrock,Bereich Informationsmanagement,mistral-large-3-675b-instruct-2512,rse_typology_prompt_v1,run_1,0,0.9,"Die Publikation beschreibt die konzeptionelle Entwicklung einer Methode zur Modellierung ortsabhängiger Zugriffskontrollen (Role-Engineering) und diskutiert bestehende Ansätze wie RBAC-Erweiterungen. Es gibt keine explizite Erwähnung von eigener Softwareentwicklung, Quellcode, Algorithmen, Skripten oder ausführbaren Programmen, die zu Forschungszwecken erstellt oder angepasst wurden. Der Fokus liegt auf der theoretischen Modellierung und Methodik, nicht auf der Implementierung von Forschungssoftware.",,,,,,,,,,,,,,,,,,,,,,,,,,
lni110/247,lni110,247.pdf,lni110/247.pdf,Statische Analyse von graphischen Oberﬂ¨achen,Stefan Staiger,mistral-large-3-675b-instruct-2512,rse_typology_prompt_v1,run_1,1,0.95,"Die Publikation beschreibt explizit eine eigene statische Analyse-Software, die im Bauhaus-Projekt entwickelt und implementiert wurde. Diese Software extrahiert Widget-Hierarchien, GUI-Ereignisse und deren Reaktionen aus Quellcode und dient Forschungszwecken wie Migration zu GUI-Buildern, Architektur-Erkennung und Programmverstehen. Die Implementierung umfasst Algorithmen, Datenflussanalysen und eine SSA-Form, was klar auf eigene Forschungssoftware hindeutet.",product_result,0.95,,"Die Publikation beschreibt die Entwicklung einer statischen Analyse für GUIs als zentrales Ergebnis des Bauhaus-Projekts. Die Software selbst (die Analyse) ist das Produkt der Forschung, nicht nur ein Mittel zur Evaluation eines Algorithmus.",entwurf;implementierung;testen_qualitaetssicherung,1.0,,"Der Text beschreibt explizit den Entwurf (Algorithmus in Abschnitt 3), die Implementierung (Integration in das Bauhaus-Projekt) und Tests (Abschnitt 4 mit konkreten Testprogrammen und Ergebnissen).",analysis_pipeline,0.9,,"Die Software ist eine statische Analyse-Pipeline, die Quellcode verarbeitet, um Widget-Hierarchien, Ereignisse und Reaktionen zu extrahieren. Dies entspricht einer linearen Verarbeitungskette (Analysis-Pipeline).",c_cpp,1.0,,"Der Text nennt explizit C und C++ als analysierte Sprachen (z. B. 'Anwendungen, die in C oder C++ geschrieben sind', 'GTK-Bibliothek, Grundlage für GNOME-Programme, den GNU-Dialekt der Sprache C').",testing;performance_evaluation,1.0,,"Die Publikation beschreibt technische Tests mit konkreten Programmen (Tabelle 1 und 2) sowie Performance-Metriken wie Laufzeit und Dateigröße. Dies entspricht 'testing' (funktionale Korrektheit) und 'performance_evaluation' (Laufzeit, Speicherbedarf).",,,classical_se,0.85,,"Die Entwicklung der Software folgt einem klassischen Software-Engineering-Ansatz mit klaren Phasen (Phase 1: GUI-relevanten Code erkennen, Phase 2: Extraktion von Widget-Informationen), systematischer Architektur (z.B. Nutzung von Zeigeranalysen, SSA-Form) und Testverfahren (vgl. Abschnitt 3 und 4). Dies deutet auf eine plangetriebene Methodik hin."
lni110/444,lni110,444.pdf,lni110/444.pdf,Einführung der elektronischen Gesundheitskarte in Krankenhäusern,"Anke Häber, Daniel Werner",mistral-large-3-675b-instruct-2512,rse_typology_prompt_v1,run_1,0,0.95,"Die Publikation beschreibt die Einführung der elektronischen Gesundheitskarte (eGK) und der Telematikinfrastruktur in Krankenhäusern. Es werden Prozessanalysen, technische Anforderungen und Infrastrukturänderungen diskutiert, jedoch keine eigene Forschungssoftware im Sinne von Quellcode, Algorithmen, Skripten oder rechnergestützten Arbeitsabläufen entwickelt, erweitert oder angepasst. Die Arbeit bezieht sich auf die Anwendung und Anpassung bestehender Systeme und Standards (z.B. gematik-Spezifikationen), ohne eigene Softwareentwicklung zu erwähnen.",,,,,,,,,,,,,,,,,,,,,,,,,,
lni110/450,lni110,450.pdf,lni110/450.pdf,Integration der Elektronischen Gesundheitskarte in Krankenhausinformationssysteme -Ergebnisse einer Untersuchung im Diakonissen-Stiftungs-Krankenhaus Speyer,"Steffen Hayna, Werner Krämer, Paul Schmücker Diakonissen-Stiftungs-Krankenhaus Hilgardstraße D- Speyer",mistral-large-3-675b-instruct-2512,rse_typology_prompt_v1,run_1,0,0.9,"Die Publikation beschreibt die Integration der Elektronischen Gesundheitskarte (eGK) in ein bestehendes Krankenhausinformationssystem (KIS) und analysiert die damit verbundenen Prozesse, Anforderungen und Kosten. Es werden keine eigenen Quellcode-Dateien, Algorithmen, Skripte, Bibliotheken oder ausführbare Programme entwickelt, erweitert oder angepasst. Stattdessen liegt der Fokus auf der Systemanalyse, der Beschreibung von Arbeitsabläufen und der Anpassung bestehender Systeme an gesetzliche Vorgaben. Die im Text erwähnte 'Anbindung des KIS an die Gesundheitstelematikplattform mittels Konnektoren' sowie 'Update und Neuentwicklungen von KIS-Modulen' beziehen sich auf die Nutzung oder Anpassung bestehender Softwarekomponenten, nicht auf die Entwicklung eigener Forschungssoftware.",,,,,,,,,,,,,,,,,,,,,,,,,,
lni110/48,lni110,48.pdf,lni110/48.pdf,Evaluation quelloffener betrieblicher Anwendungssysteme: Bezugsrahmen und Zwischenergebnisse,"David Heise, Andreas Meyer, Stefan Strecker",mistral-large-3-675b-instruct-2512,rse_typology_prompt_v1,run_1,0,1.0,"Die Publikation evaluiert quelloffene betriebliche Anwendungssysteme (FLOSS-ERP-Systeme) und stellt einen Bezugsrahmen für deren Evaluation vor. Es wird keine eigene Forschungssoftware entwickelt, erweitert oder maßgeblich angepasst. Stattdessen werden bestehende Systeme (COMPIERE, OPENBRAVO, TINYERP, WEBERP) analysiert und bewertet.",,,,,,,,,,,,,,,,,,,,,,,,,,
lni110/509,lni110,509.pdf,lni110/509.pdf,Probleme und Strategien der Langzeitarchivierung multimedialer Objekte Dipl.-Inf. Jens-Martin Loebel Institut für Informatik Humboldt-Universität zu Berlin,Unter den Linden Berlin,mistral-large-3-675b-instruct-2512,rse_typology_prompt_v1,run_1,0,1.0,"Die Publikation behandelt Probleme und Strategien der Langzeitarchivierung digitaler und multimedialer Objekte, insbesondere technische Lösungsansätze wie Repositories (DSpace, Fedora) und Emulationstechniken. Es werden keine eigenen Forschungssoftware-Entwicklungen, Algorithmen, Skripte oder maßgeblich angepasste Software im Sinne von Research Software Engineering beschrieben. Die genannten Systeme (DSpace, Fedora) sind bestehende Open-Source-Implementierungen des OAIS-Modells, die ohne eigene Entwicklungsleistung eingesetzt werden.",,,,,,,,,,,,,,,,,,,,,,,,,,
lni110/515,lni110,515.pdf,lni110/515.pdf,,,mistral-large-3-675b-instruct-2512,rse_typology_prompt_v1,run_1,0,1.0,"Die Publikation beschreibt die historische Entwicklung der Nutzung wissenschaftlicher Literatur in der Informatik und gibt Empfehlungen für die Zukunft. Es werden keine eigenen Forschungssoftware-Projekte, Algorithmen, Skripte, Bibliotheken oder ausführbare Programme erwähnt, die zu einem Forschungszweck erstellt, erweitert oder angepasst wurden. Der Fokus liegt auf der Analyse und Reflexion der Literatur- und Publikationspraxis, nicht auf der Entwicklung oder Anwendung von Forschungssoftware.",,,,,,,,,,,,,,,,,,,,,,,,,,
lni110/58,lni110,58.pdf,lni110/58.pdf,Erweiterung des Open-Source-Lernmanagementsystems Stud.IP um ein ontologiebasiertes Curriculums-Planungsmodul,"Richard Hackelbusch, Ludger Winkels",mistral-large-3-675b-instruct-2512,rse_typology_prompt_v1,run_1,1,0.95,"Die Publikation beschreibt die Entwicklung und Erweiterung des Open-Source-Lernmanagementsystems Stud.IP um ein ontologiebasiertes Curriculums-Planungsmodul (EUSTEL). Dies umfasst die Implementierung eines Plugins für Stud.IP sowie eine separate Java-Webapplikation (EUSTEL), die auf der Curricula Mapping Ontology (CMO) basiert. Die Software wurde explizit für den Forschungszweck der prüfungsordnungskonformen Studienplanung entwickelt und maßgeblich angepasst (vgl. Abschnitt 2, Architektur in Abbildung 1, Nutzung von JENA für OWL-Ontologien).",product_result,1.0,,"Die Software (EUSTEL-Erweiterung für Stud.IP) ist das primäre Ergebnis der Forschung. Der Beitrag liegt im Bau und der Integration des Systems selbst, nicht in einem einzelnen Algorithmus oder einer Methode. Dies wird durch die detaillierte Beschreibung der Architektur, Implementierung und Integration in Stud.IP belegt.",projektdefinition;entwurf;implementierung;testen_qualitaetssicherung,1.0,,"Das Paper beschreibt die Motivation und den Problemraum (projektdefinition), die Architektur und das Design der Erweiterung (entwurf), die konkrete Umsetzung in Code (implementierung) sowie die geplante Verifikation der Funktionalität durch Tests mit modellierten Prüfungsordnungen (testen_qualitaetssicherung).",full_stack_application;plugin_extension;middleware_service,1.0,,"EUSTEL ist eine Full-Stack-Anwendung (Frontend + Backend, webbasiert) und wird als Plugin für Stud.IP implementiert. Zudem fungiert es als Middleware, da es Dienste über Servlets und Webservices bereitstellt und Daten zwischen Stud.IP und externen Systemen (z. B. HIS-POS) vermittelt.",java_jvm;javascript_web;php;sql_db;xml_xsd,1.0,,"Explizit genannt: Java (für die Geschäftslogik und Ontologie-Handhabung mit JENA), PHP (für das Stud.IP-Plugin), MySQL-Datenbank (sql_db), OWL-Ontologien (xml_xsd). Stud.IP ist webbasiert, daher ist JavaScript/HTML/CSS für das Frontend impliziert (javascript_web).",planned;testing,1.0,,"Die Evaluation ist geplant: Es wird beschrieben, dass Prüfungsordnungen modelliert und die Funktionalität des Systems in einem Stud.IP-Testsystem verifiziert werden soll (planned). Zudem wird technisches Testen der Funktionalität angedeutet (testing), allerdings noch nicht durchgeführt.",,,classical_se;agile,0.8,,"Die Entwicklung folgt klassischen Software-Engineering-Ansätzen (Anforderungsanalyse, Architektur, Plugin-Erweiterung) und nutzt iterative Elemente (Prototyping, Testphase mit ausgesuchten Prüfungsordnungen). Abschnitt 2 beschreibt die Nutzung der Plugin-Schnittstelle und die Auslagerung der Geschäftslogik in eine Java-Webapplikation, was auf eine strukturierte Vorgehensweise hindeutet. Die iterative Verifikation mit Testsystemen (Abschnitt 2) deutet auf agile Elemente hin."
lni112/57,lni112,57.pdf,lni112/57.pdf,Kriterien kreativen Informatikunterrichts,Ralf Romeike,mistral-large-3-675b-instruct-2512,rse_typology_prompt_v1,run_1,0,1.0,"Die Publikation beschäftigt sich mit Kriterien für kreativen Informatikunterricht und analysiert Unterrichtsbeispiele. Es wird keine eigene Forschungssoftware im Sinne von Quellcode, Algorithmen, Skripten oder rechnergestützten Arbeitsabläufen entwickelt, erweitert oder angepasst. Die Beispiele beziehen sich auf didaktische Methoden und Unterrichtsgestaltung, nicht auf die Entwicklung oder Anwendung von Forschungssoftware.",,,,,,,,,,,,,,,,,,,,,,,,,,
lni113/147,lni113,147.pdf,lni113/147.pdf,Partizipationsformen und Entwicklung eines gemeinsamen Verständnisses bei der verteilten Anforderungserhebung,"Steffen Lohmann, Jürgen Ziegler",mistral-large-3-675b-instruct-2512,rse_typology_prompt_v1,run_1,1,0.9,"Die Publikation beschreibt das SoftWiki-Projekt, das eine webbasierte Umgebung für die verteilte Anforderungserhebung entwickelt. Diese Umgebung umfasst zentrale und dezentrale Benutzerschnittstellen, semantische Anreicherung von Anforderungen durch Ontologien und Verschlagwortung, sowie Text-Mining-Verfahren zur Unterstützung der Zuweisung von Ontologieinstanzen. Die Software wird explizit als Teil des Forschungsprojekts entwickelt und ist nicht nur die Anwendung von Standardsoftware.",product_result,0.95,,"Die Publikation beschreibt das SoftWiki-Projekt als zentrales Ergebnis der Forschung, das verschiedene Partizipationsformen und semantische Anreicherung für die Anforderungserhebung ermöglicht. Die Software selbst (inkl. Ontologien und Schnittstellen) ist das primäre Deliverable.",projektdefinition;anforderungen;entwurf,0.9,,"Der Text behandelt explizit die Projektdefinition (Stakeholder-Einbindung, Vision), Anforderungen (Erhebung, semantische Anreicherung, SWORE-Ontologie) und Entwurf (Architektur der zentralen/dezentralen Umgebung, Referenzpunkte). Implementierungsdetails oder Betrieb werden nicht thematisiert.",full_stack_application;middleware_service,0.85,,"Die Software umfasst eine webbasierte Full-Stack-Anwendung (zentrale/dezentrale Anforderungserhebung) sowie Middleware-Dienste (Integration in bestehende Systeme, semantische Verknüpfung von Ontologien).",insufficient_information,1.0,,"Es werden keine konkreten Programmiersprachen, Frameworks oder Technologien explizit genannt. Wiki-Konzept und Semantic-Web-Ansätze (z. B. Ontologien) sind thematisch, aber keine spezifischen Techstacks belegt.",conceptual_evaluation,0.8,,"Die Publikation stellt das Konzept und die Architektur vor, evaluiert aber nicht technisch (keine Tests) oder empirisch (keine Nutzerstudien). Die Bewertung erfolgt auf konzeptioneller Ebene (z. B. Vergleich von Partizipationsformen, Eignung der Ontologie).",,,agile,0.7,,"Die Entwicklung der Software folgt dem Wiki-Konzept, das iterative und kollaborative Ansätze betont. Dies wird im Text deutlich: 'Die zentrale Umgebung bietet dem Wiki-Konzept [LC01] folgend eine intuitive, leicht verständliche Benutzeroberfläche' und 'Im SoftWiki-Projekt werden verschiedene Benutzerschnittstellen entwickelt, über die sich Stakeholder am Prozess der Anforderungserhebung beteiligen können.' Zudem wird die agile Vorgehensweise durch die Integration von Social-Software-Konzepten unterstützt."
lni115/78,lni115,78.pdf,lni115/78.pdf,Protein structure comparison based on fold evolution,"Natalja Kurbatova, Laura Manˇcinska, Juris V¯ıksna",mistral-large-3-675b-instruct-2512,rse_typology_prompt_v1,run_1,1,0.95,Die Publikation beschreibt explizit die Entwicklung eines Algorithmus für den Vergleich von Proteinstrukturen basierend auf evolutionären Veränderungen. Dieser Algorithmus wurde in C++ implementiert und modifiziert bestehende Methoden (SSM-Algorithmus). Die Software dient der automatischen Identifikation von Fold-Mutationen und wird für strukturelle Vergleiche von Proteinen eingesetzt (vgl. Abschnitt 4: 'Modified SSM algorithm for recognition of fold mutations' und Abschnitt 5: 'Results').,product_result,0.95,,"Die Publikation beschreibt die Entwicklung eines Algorithmus für den Vergleich von Proteinstrukturen basierend auf evolutionären Veränderungen. Die Software (der Algorithmus) ist das primäre Ergebnis der Forschung, wie durch die detaillierte Beschreibung der Implementierung, Modifikationen und Experimente belegt wird.",entwurf;implementierung;testen_qualitaetssicherung,1.0,,"Der Text beschreibt explizit den Entwurf (3D-Graph-Konstruktion, Modifikationen des SSM-Algorithmus), die Implementierung (C++ in Linux-Umgebung) und das Testen (Validierung an biologischen Beispielen, All-against-all-Vergleiche).",analysis_pipeline,0.9,,"Die Software ist eine Analyse-Pipeline zur Verarbeitung und zum Vergleich von Proteinstrukturen (Daten einlesen, transformieren, auswerten). Sie ist keine Bibliothek, sondern ein eigenständiges Werkzeug zur Datenanalyse.",c_cpp,1.0,,Die Implementierung wird explizit in C++ in einer Linux-Umgebung beschrieben (Abschnitt 4: 'We have implemented the algorithm in C++ language in Linux environment').,testing;benchmarking;empirical_study,0.95,,"Die Software wird technisch getestet (Validierung an Grishins Beispielen, 85% Erfolg), auf Benchmark-Datensätzen (CATH-Domänen) evaluiert und in einer empirischen Studie (All-against-all-Vergleiche, statistische Auswertung der Häufigkeiten von Faltmutationen) eingesetzt.",,,classical_se,0.8,,"Die Entwicklung der Software folgt einem klassischen Software-Engineering-Ansatz: Es wird eine bestehende Methode (SSM-Algorithmus) modifiziert, Parameter experimentell angepasst und die Implementierung in C++ beschrieben. Dies deutet auf eine plangetriebene Entwicklung hin (vgl. Abschnitt 4: 'The parameter values [...] have been adjusted experimentally')."
lni116/54,lni116,54.pdf,lni116/54.pdf,A Native Approach to Service Oriented Modeling and Implementing of Business Processes,"Jacek Gruber, Tomasz Brzozowski",mistral-large-3-675b-instruct-2512,rse_typology_prompt_v1,run_1,0,0.9,"Die Publikation beschreibt die Nutzung und Integration kommerzieller Softwareprodukte von Sybase (PowerDesigner, Unwired Orchestrator, BizTracker) zur Modellierung und Implementierung von Geschäftsprozessen. Es handelt sich um die Anwendung und Beschreibung einer bestehenden kommerziellen Plattform ohne Hinweise auf eigene Entwicklungsleistungen oder Anpassungen von Forschungssoftware im Sinne der Definition. Die Autoren präsentieren die Funktionalitäten der Sybase-Tools, aber es gibt keine explizite Erwähnung von eigenem Quellcode, Algorithmen, Skripten oder maßgeblichen Anpassungen für einen Forschungszweck.",,,,,,,,,,,,,,,,,,,,,,,,,,
lni117/110,lni117,110.pdf,lni117/110.pdf,Towards Adaptive Management of QoS-aware Service Compositions -Execution Strategies1,"Mariusz Momotko, Micha Gajewski ł , André Ludwig, Ryszard Kowalczyk, Marek Kowalkiewicz, Jian Ying Zhang Rodan Systems S.A., ul. Pulawska , - Warsaw, Poland",mistral-large-3-675b-instruct-2512,rse_typology_prompt_v1,run_1,1,0.9,"Die Publikation beschreibt die Entwicklung und Implementierung einer Plattform für adaptives Management von QoS-aware Service Compositions im Rahmen des Adaptive Services Grid (ASG) Projekts. Es werden eigene Konzepte, Architekturen und Ausführungsstrategien (z.B. dynamische Auswahl und Verhandlung von Services, SLA-basiertes Contracting, Monitoring) vorgestellt, die prototypisch implementiert wurden. Dies erfüllt die Kriterien für Forschungssoftware, da die Software explizit für Forschungszwecke entwickelt und angepasst wurde.",product_result,0.95,,"Die Publikation beschreibt explizit die Entwicklung einer Architektur und einer prototypischen Implementierung (ASG-Plattform) als Ergebnis des Adaptive Services Grid-Projekts. Der Fokus liegt auf dem integrierten System selbst, nicht auf einem einzelnen Algorithmus oder einer Methode.",projektdefinition;anforderungen;entwurf;implementierung,0.98,,"Der Text beschreibt explizit die Projektmotivation (Abschnitt 1), Anforderungen (QoS-Anforderungen, SLA-Management), den Entwurf (Ausführungsstrategien, Architektur), und die Implementierung (prototypische Umsetzung im ASG-Projekt). Deployment/Betrieb wird nicht detailliert behandelt.",middleware_service,0.95,,"Die Software dient als Middleware für die adaptive Verwaltung von QoS-aware Service Compositions, inkl. Workflow-Management, SLA-Verhandlung und Monitoring. Dies passt zur Kategorie `middleware_service`.",xml_xsd;java_jvm,0.85,,"Explizit genannt werden XML-basierte Standards wie WS-BPEL, WSQM, WSDM, WS-QDL und WS-Agreement, was auf `xml_xsd` hindeutet. Die Implementierung im ASG-Projekt (Java-basierte Web-Services/Enterprise-Umgebungen sind typisch für solche Projekte) und die Nutzung von OASIS-Standards (oft in Java umgesetzt) legen `java_jvm` nahe, auch wenn Java nicht wörtlich genannt wird.",conceptual_evaluation;planned,0.9,,"Die Publikation stellt das Konzept der ASG-Plattform vor und diskutiert dessen Potenzial (z. B. DSC-Szenario), was einer `conceptual_evaluation` entspricht. Zudem wird eine zukünftige Erweiterung des Szenarios angekündigt (`future steps`), was auf `planned` hindeutet. Technische Tests oder empirische Studien werden nicht explizit beschrieben.",,,standardization_driven,0.9,,"Die Entwicklung der Software orientiert sich stark an bestehenden Standards wie WS-BPEL, WSLA, WS-QDL und WS-Agreement. Die Implementierung folgt diesen Standards als leitendem Prozess (vgl. Abschnitt 1: 'a number of new standards on various aspects of service composition management have been defined' und Abschnitt 3.4: 'represents the specification as a WS-BPEL process')."
lni119/205,lni119,205.pdf,lni119/205.pdf,Service Identification and Design – A Hybrid Approach In Decomposed Financial Value Chains,Falk Kohlmann,mistral-large-3-675b-instruct-2512,rse_typology_prompt_v1,run_1,0,1.0,"Die Publikation diskutiert methodische Ansätze zur serviceorientierten Architektur (SOA) und zur Identifikation sowie zum Clustering von Services im Kontext der Finanzindustrie. Es werden keine eigenen Quellcode-Dateien, Algorithmen, Skripte, rechnergestützte Arbeitsabläufe oder ausführbare Programme entwickelt oder angepasst. Stattdessen liegt der Fokus auf konzeptionellen Modellen, Verfahren und Instrumenten (z.B. Service Maps, Service Clusters) zur Unterstützung von Business Network Redesign (BNR). Die Anwendung von Standardmethoden (z.B. Design-Prinzipien, Referenzmodelle) ohne eigene Softwareentwicklung erfüllt nicht die Kriterien für Forschungssoftware.",,,,,,,,,,,,,,,,,,,,,,,,,,
lni12/14,lni12,14.pdf,lni12/14.pdf,Animiertes UML als Medium für die Didaktik der objektorientierten Programmierung,"Friedrich Steimann, Uwe Thaden, Wolf Siberski, Wolfgang Nejdl",mistral-large-3-675b-instruct-2512,rse_typology_prompt_v1,run_1,1,0.95,Die Publikation beschreibt die Entwicklung einer eigenen Software zur animierten Visualisierung von UML-Diagrammen für didaktische Zwecke. Es wird ein JAVA-Programm zur Extraktion von UML-Diagrammen aus XMI-Dateien und zur Generierung von VRML-Code für 3D-Animationen erwähnt (Abschnitt 4). Dies stellt eine maßgeschneiderte Entwicklung für den Forschungszweck dar und geht über die bloße Anwendung von Standardsoftware hinaus.,product_result,0.95,,"Die Publikation beschreibt die Entwicklung von 'animiertem UML' als didaktisches Werkzeug zur Visualisierung objektorientierter Programmabläufe. Die Software selbst (inkl. VRML-Animationen und Java-Implementierung) ist das zentrale Ergebnis der Forschung, nicht nur ein Mittel zur Datenerhebung oder Analyse. Der Fokus liegt auf der Erstellung des Systems als Beitrag.",projektdefinition;entwurf;implementierung,1.0,,"Der Text beschreibt explizit die Projektmotivation (Abschnitt 1–2), den Entwurf der Animationstypen und Metaphern (Abschnitt 3) sowie die technische Implementierung (Abschnitt 4: XMI-Export, Java-Programm, VRML-Generierung). Testen/Qualitätssicherung oder Deployment werden nicht thematisiert.",full_stack_application;vr_application,0.98,,"Die Software ist eine vollständige Anwendung zur Erstellung und Darstellung animierter UML-Diagramme (inkl. 3D-Visualisierung via VRML). Die VRML-Animationen und der interaktive Viewer (z. B. Blaxxun-Plugin) klassifizieren sie als VR-Anwendung. Keine Bibliothek oder Pipeline, sondern ein eigenständiges System.",java_jvm;xml_xsd,1.0,,"Explizit genannt: Java (für das Parsing-Programm und die VRML-Generierung) und XMI/XML (für den Export aus Together und das Parsing mit Xerces). VRML ist eine Modellierungssprache, keine Programmiersprache, daher nicht als Techstack aufgeführt.",conceptual_evaluation,0.85,,"Es gibt keine empirische Studie oder technische Tests. Die Bewertung der Software basiert auf der konzeptionellen Diskussion (Abschnitt 5: Abgrenzung zu anderen Ansätzen, didaktische Vorteile, Einschränkungen). Eine praktische Evaluation (z. B. mit Nutzer:innen) ist nicht beschrieben, aber die konzeptionelle Reflexion ist vorhanden.",,,classical_se,0.8,,"Die Entwicklung folgt einem strukturierten Ansatz mit klaren Schritten: Modellierung mit TOGETHER, XMI-Export, Parsing, VRML-Export und Darstellung (Abschnitt 4). Dies deutet auf klassische Softwareentwicklung mit Anforderungsanalyse, Architektur und Implementierung hin."
lni12/8,lni12,8.pdf,lni12/8.pdf,Ein Werkzeug zur Nutzung von Analysemustern,Alfred Wulff,mistral-large-3-675b-instruct-2512,rse_typology_prompt_v1,run_1,1,0.95,"Die Publikation beschreibt die Entwicklung eines Werkzeugs ('Pattern-Tool') zur Unterstützung der Nutzung von Analysemustern in der Softwaremodellierung. Dieses Tool wurde als Plug-In für das CASE-Tool 'Rational Rose' realisiert und umfasst eine Musterdatenbank, Suchfunktionen, sowie Mechanismen zur Integration und Erweiterung von Mustern. Die Implementierung erfolgte mit Visual Basic und Rose Automation Objects, was auf eine maßgeschneiderte Entwicklung für den Forschungszweck hindeutet (vgl. Abschnitte 3, 4.2, 5).",,,,,anforderungen;entwurf;implementierung;testen_qualitaetssicherung;deployment_betrieb,0.95,,"Das Paper behandelt explizit die Anforderungen an das Musterwerkzeug (Kapitel 3), den Entwurf der Architektur (Kapitel 4.1), die Implementierung als Plug-In (Kapitel 4.2), die Nutzung im Projekt (Kapitel 5) und die Erfahrungen im Betrieb (Kapitel 6). Testen/Qualitätssicherung wird zwar nicht detailliert beschrieben, ist aber implizit durch die prototypische Nutzung im Projekt belegt.",plugin_extension,1.0,,Die Software ist explizit als 'Plug-In'-Komponente für das CASE-Tool 'Rational Rose' realisiert (Abstract und Kapitel 4.2). Dies entspricht der Definition von 'plugin_extension'.,visual_basic,0.9,,"Die Implementierung erfolgte mit 'Visual Basic (VB)' und 'Rose Automation Objects' (Kapitel 4.2). Visual Basic ist explizit genannt, während andere Technologien wie UML nur zur Modellierung, nicht zur Implementierung verwendet wurden.",testing;empirical_study,0.85,,"Die Software wurde im Rahmen eines E-Government-Projekts prototypisch eingesetzt (Kapitel 5 und 6), was als empirische Studie gewertet werden kann ('Erfahrungen und Ausblick'). Zudem wird die funktionale Korrektheit durch die Integration in das CASE-Tool und die Nutzung der Muster-DB implizit getestet ('testing'). Eine formale Usability-Studie oder Benchmarking wird nicht erwähnt.",,,commercial_software_adaptation,0.95,,"Die Entwicklung des Pattern-Tools erfolgte als Anpassung und Erweiterung der kommerziellen Standardsoftware 'Rational Rose' durch ein Plug-In. Die Implementierung wurde in Visual Basic durchgeführt und nutzt das Rose Extensibility Interface (REI) zur Integration (vgl. Abschnitte 3, 4.2)."
lni120/45,lni120,45.pdf,lni120/45.pdf,Business Process and Workflow Management for Design of Electronic Systems – Balancing Flexibility and Control,"Adam Pawlak, Håvard D. Jørgensen, Piotr Penkala, Paweł Fraś",mistral-large-3-675b-instruct-2512,rse_typology_prompt_v1,run_1,1,0.95,"Die Publikation beschreibt die Entwicklung und Anwendung der MAPPER-Infrastruktur, die Active Knowledge Modelling (AKM) mit Tool Registration and Management Services (TRMS) integriert. Diese Software wird explizit für die Unterstützung von Designprozessen elektronischer Systeme entwickelt und angepasst, einschließlich Workflow-Management, Tool-Integration und sicherer Kollaboration. Die AKM-Plattform und TRMS sind zentrale Forschungssoftware-Artefakte, die im Rahmen des MAPPER-Projekts erstellt und evaluiert werden (vgl. Abstract, Kapitel 4, 5).",product_result,0.95,,"Die Publikation beschreibt die Entwicklung und Anwendung des MAPPER-Ansatzes (inkl. Active Knowledge Modelling Platform und TRMS) als integriertes System für das Design elektronischer Systeme. Der Fokus liegt auf der Bereitstellung einer lauffähigen Infrastruktur/Architektur als Ergebnis der Forschung, nicht auf einer einzelnen Methode oder einem Algorithmus.",projektdefinition;anforderungen;entwurf;implementierung;deployment_betrieb,0.9,,"Der Text behandelt alle Phasen: Projektdefinition (Abschnitt 1, Motivation), Anforderungen (Abschnitt 3, Herausforderungen), Entwurf (Abschnitt 4, AKM- und TRMS-Integration), Implementierung (Abschnitt 4.3–4.6, Ausführung und Workflows) und Deployment/Betrieb (Abschnitt 5, Anwendung im MAPPER-Projekt).",middleware_service;full_stack_application,0.85,,"TRMS wird als Middleware/Dienst (Web-Services, Tool-Server, GTLS) beschrieben (Abschnitt 4.4–4.6). Die AKM-Plattform mit ihrer grafischen Modellierung und Ausführungsumgebung (Abschnitt 4.1–4.3) entspricht einer Full-Stack-Anwendung (Frontend + Backend).",xml_xsd;hardware_description_languages,0.8,,"XML wird explizit im Kontext von BPEL (Business Process Execution Language) genannt (Abschnitt 2). Hardware-Beschreibungssprachen werden im Kontext von IP-Komponenten und EDA-Tools erwähnt (Abschnitt 3, 5.1). Keine weiteren expliziten Sprachen/Technologien sind belegt.",conceptual_evaluation;planned,0.85,,"Die Evaluation basiert auf der konzeptionellen Darstellung des MAPPER-Ansatzes und ersten Experimenten im Projekt (Abschnitt 5, 6). Explizit wird erwähnt, dass weitere Anforderungen für eine erweiterte Version des Systems untersucht werden sollen (Abschnitt 5.1), was auf eine geplante Evaluation hindeutet.",,,classical_se,0.8,,"Die Entwicklung der MAPPER-Infrastruktur folgt einem klassischen Software-Engineering-Ansatz mit Anforderungsanalyse (z.B. Integration von AKM und TRMS), Architekturdefinition (vgl. Kapitel 4.4, 4.6) und Testphasen. Die Integration von Web-Services und die Modellierung von Workflows deuten auf eine plangetriebene Entwicklung hin (vgl. Kapitel 4.6)."
lni120/61,lni120,61.pdf,lni120/61.pdf,A Web Services based approach for System on a Chip design planning,"Maciej Witczyński, Edward Hrynkiewicz, Adam Pawlak",mistral-large-3-675b-instruct-2512,rse_typology_prompt_v1,run_1,1,0.95,"Die Publikation beschreibt die Entwicklung einer eigenen, verteilten Anwendung zur Unterstützung des SoC-Design-Planungsprozesses. Diese Anwendung wurde in C# implementiert und nutzt Web Services (WS) sowie eine Multi-Tier-Architektur. Die Software ist explizit für den Forschungszweck der kollaborativen Planung von System-on-Chip-Designs entwickelt worden und umfasst spezifische Algorithmen (z.B. Multi-Criteria Decision Analysis) sowie Datenbankstrukturen zur Partnerauswahl und Projektplanung (vgl. Abschnitte 3 und 4).",product_result,1.0,,"Die Publikation beschreibt explizit die Entwicklung und Implementierung einer multi-tier Web-Service-basierten Infrastruktur für SoC-Design-Planung als zentrales Forschungsergebnis (vgl. Abschnitte 2.2, 3, 4). Die Software selbst ist das Produkt der Forschung, nicht nur ein Mittel zur Evaluation eines Algorithmus.",projektdefinition;anforderungen;entwurf;implementierung;testen_qualitaetssicherung,1.0,,"Die Publikation deckt explizit alle Phasen ab: Projektdefinition (Abschnitt 1), Anforderungen (implizit durch die Beschreibung der VO-Rollen und -Aktivitäten in 2.1), Entwurf (Architektur in 2.2 und 3.1–3.2), Implementierung (Abschnitt 3, insb. 3.1–3.3 mit C# und Web Services) und Testen/Qualitätssicherung (Experiment in Abschnitt 4 mit Simulation der Partnerauswahl und Validierung der Infrastruktur).",full_stack_application;middleware_service,1.0,,"Die Software ist eine Full-Stack-Anwendung (Frontend: Windows-Anwendungen, Backend: Web Services, Datenbanken) und gleichzeitig eine Middleware/Dienst-Architektur (Web Services als verbindende Schicht zwischen heterogenen Systemen, vgl. Abschnitte 2.2, 3.2).",csharp_dotnet;sql_db;xml_xsd;soap,1.0,,"Explizit genannt: C# (.NET, MS Visual Studio 2005), MS SQL Server 2005 (SQL-Datenbanken), XML (für Datenformat und SOAP-Kommunikation), SOAP (Protokoll für Web Services, vgl. Abschnitte 3.1–3.3). SOAP ist hier als Technologie implizit durch die Nutzung von Web Services und XML belegt.",testing;performance_evaluation,0.95,,"Die Evaluation umfasst technisches Testen der Infrastruktur (Abschnitt 4: Simulation der Partnerauswahl und Validierung der WS-Kommunikation) sowie eine Performanzevaluation (Agilität der WS-basierten Anwendung, Kommunikation durch Firewalls, vgl. Abschnitt 4). Keine Usability-Studie oder empirische Studie mit Versuchspersonen.",,,classical_se,0.85,,"Die Entwicklung der Software folgt einem klassischen Software-Engineering-Ansatz mit klarer Trennung in Data-Tier, Business Logic-Tier und Access Points-Tier (vgl. Abschnitt 3.1 und 3.2). Die Architektur ist plangetrieben und umfasst Anforderungsanalyse (z.B. Projektplanung, Partnerauswahl), Architekturdesign (Multi-Tier, Web Services) und Implementierung in C# mit MS Visual Studio 2005."
lni121/55,lni121,55.pdf,lni121/55.pdf,ConQAT Ein Toolkit zur kontinuierlichen Qualitätsbewertung,"Florian Deißenböck, Benjamin Hummel, Elmar Jürgens Software & Systems Engineering",mistral-large-3-675b-instruct-2512,rse_typology_prompt_v1,run_1,,,,,,,,,,,,,,,,,,,,,,,,pdf_extraction_failed,,,,,
lni121/75,lni121,75.pdf,lni121/75.pdf,SmarterWohnen®NRW1 -IT-gestützte Dienstleistungen für den wohnungswirtschaftlichen Massenmarkt,"Jörg Draeger, Jochen Meis, Lothar Schöpe, Manfred Wojciechowski",mistral-large-3-675b-instruct-2512,rse_typology_prompt_v1,run_1,1,0.95,"Die Publikation beschreibt die Entwicklung einer eigenen Software- und Systemarchitektur (Service-Plattform, Smart Living Manager, Service-Gateway) zur Umsetzung IT-gestützter Dienstleistungen im Projekt SmarterWohnen®NRW. Diese Architektur umfasst eigene Komponenten wie die informationslogistische Verarbeitung, die explizit als funktionaler Kern der Service-Plattform genannt wird. Zudem werden eigene Webservices, eine semantische Dienstbeschreibungssprache und eine Set-Top-Box mit spezieller Browser-Integration entwickelt. Dies geht deutlich über die Anwendung von Standardsoftware hinaus und stellt eine maßgeschneiderte Forschungssoftware dar.",product_result,1.0,,"Die Software (Service-Plattform, Smart Living Manager, Systemarchitektur) ist das zentrale Ergebnis des Forschungsprojekts SmarterWohnen®NRW. Der Text betont die Realisierung und Pilotierung der IT-gestützten Dienstleistungen als Hauptziel (z. B. 'Übergeordnetes Ziel des Projektes ist die Überprüfung der Konzepte auf die Massenmarktfähigkeit', 'in einer Pilotierung für bis zu 80 bewohnten Wohnungen [...] installiert werden').",projektdefinition;anforderungen;entwurf;implementierung;deployment_betrieb,0.95,,"Der Text beschreibt explizit: (1) Projektdefinition (Einleitung: Problemstellung, Motivation), (2) Anforderungen (z. B. 'spezifiziert, weiterentwickelt'), (3) Entwurf (Detaillierte Architektur der Service-Plattform, Subsysteme), (4) Implementierung (z. B. 'realisiert werden', Set-Top-Box als Hardwarekomponente), (5) Deployment/Betrieb (Pilotierung in 80 Wohnungen, Evaluierungsphase). Testen/Qualitätssicherung wird nicht explizit erwähnt.",full_stack_application;middleware_service,0.98,,"Die Service-Plattform (SP) ist eine Full-Stack-Anwendung (Frontend: SLiM mit TV-GUI/Webapplikation; Backend: SP mit Subsystemen wie User-, Context-, Service-Subsystem). Zudem agiert sie als Middleware (z. B. Kommunikation zwischen Bewohnern, Dienstleistern und Hausinfrastruktur über Webservices, Service-Gateway als Protokoll-Konverter).",javascript_web;xml_xsd,0.7,,"Explizit genannt: Webservice-Technik (impliziert XML/SOAP oder REST, daher `xml_xsd` für mögliche XML-Nutzung). Die Webapplikation (Bewohnerportal) und TV-GUI deuten auf Web-Technologien hin (`javascript_web`). Keine explizite Nennung von Programmiersprachen, daher Unsicherheit bei weiteren Technologien.",planned;empirical_study,0.9,,"Explizit geplant: Evaluierungsphase zur Akzeptanzerhebung ('Bis zum Ende des Projekts [...] erfolgt eine Evaluierungsphase, in der eine Erhebung der Akzeptanz von IT-gestützten Leistungen von Mietern erfolgt'). Dies ist eine empirische Studie mit Versuchspersonen (Mieter). Die Evaluation ist zum Zeitpunkt der Publikation noch nicht abgeschlossen, daher auch `planned`.",,,classical_se,0.85,,"Die Publikation beschreibt eine systematische Softwareentwicklung mit Anforderungsanalyse (z.B. Attraktivitätssteigerung von Wohnungen), Architekturdesign (Service-Plattform, Service-Gateway, Smart Living Manager) und Integration verschiedener Komponenten. Dies entspricht einem klassischen Software-Engineering-Ansatz (plangetrieben). Explizit wird in Abschnitt 2 die 'Software- und Systemarchitektur' als Grundlage für die Realisierung genannt, was auf eine strukturierte Vorgehensweise hindeutet."
lni122/141-148,lni122,141-148.pdf,lni122/141-148.pdf,Integrationsnotwendigkeit im agilen Zeitalter,Jennifer Schiller CT SE Siemens AG Otto-Hahn-Ring München,mistral-large-3-675b-instruct-2512,rse_typology_prompt_v1,run_1,0,1.0,"Die Publikation diskutiert die Integration agiler Methoden in die Softwareentwicklung und das Qualitätsmanagement, insbesondere am Beispiel von Scrum. Es werden keine eigenen Quellcode-Dateien, Algorithmen, Skripte, Bibliotheken oder ausführbare Programme beschrieben, die zu einem Forschungszweck entwickelt, erweitert oder angepasst wurden. Stattdessen liegt der Fokus auf prozessualen Anpassungen und organisatorischen Schnittstellen.",,,,,,,,,,,,,,,,,,,,,,,,,,
lni122/149-156,lni122,149-156.pdf,lni122/149-156.pdf,"Das Link-System: Von Weblinks zu universellen, sensitiven Hyperlinks","Dirk Fischer Rohde & Schwarz GmbH & Co. KG, Bereich Standardisierung und Entwicklungssupport Mühldorfstraße , München",mistral-large-3-675b-instruct-2512,rse_typology_prompt_v1,run_1,1,0.95,"Die Publikation beschreibt detailliert die Entwicklung des 'Link-Systems', einer Softwarelösung zur universellen Hyperlink-Navigation zwischen Applikationen, inklusive sensitiver Hyperlinks und einer Link-Datenbank. Die Architektur, Algorithmen (z.B. bitparalleler Such-Algorithmus von Myers) und Implementierungsdetails (Adapter, Moniker, Hooking ins Betriebssystem) belegen eine maßgeschneiderte Softwareentwicklung für Forschungs- und Entwicklungszwecke bei Rohde & Schwarz.",product_result,0.95,,"Die Publikation beschreibt das Link-System als integriertes System/Architektur, das als Ergebnis der Forschung präsentiert wird. Es geht um die Schaffung eines universellen Hyperlinking-Systems zwischen Applikationen, wobei der Beitrag der Bau/die Integration des Systems selbst ist (vgl. Abschnitte 2 und 3).",projektdefinition;entwurf;implementierung,0.9,,"Der Artikel behandelt die Projektdefinition (Abschnitt 1: Ausgangssituation und Motivation), den Entwurf (Abschnitt 2.2: Architektur der Lösung) und die Implementierung (Abschnitt 3: Sensitives Hyperlinking, inkl. Algorithmen wie Myers' bitparalleler Suchalgorithmus).",middleware_service;full_stack_application,0.85,,"Das Link-System agiert als Middleware (Verbindung zwischen Applikationen, vgl. Abbildung 1 und Abschnitt 2.2) und ist gleichzeitig eine Full-Stack-Anwendung, da es Dialoge, Adapter und eine Link-Datenbank umfasst (vgl. Abschnitte 2 und 3).",csharp_dotnet;sql_db,0.8,,"Die Implementierung erfolgt im Microsoft Windows Betriebssystem mit expliziter Erwähnung von Microsoft Office-ähnlichen Dialogen und Monikern (MSDN08), was auf .NET/C# hindeutet. Zudem wird eine Link-Datenbank erwähnt (Abschnitt 2.2), was SQL/Datenbanktechnologien impliziert.",conceptual_evaluation;empirical_study,0.9,,"Es gibt eine konzeptionelle Evaluation durch einen Entwickler-Workshop bei Rohde & Schwarz (Abschnitt 2.1: Einschätzung der Lösung, Nutzen/Risiken). Zudem wird eine erste Evaluierung in der Firma Rohde & Schwarz GmbH & Co. KG erwähnt (Abstract), die als empirische Studie (Feldstudie) interpretiert werden kann.",,,classical_se,0.85,,"Die Entwicklung folgt einem klassischen Software-Engineering-Ansatz: Anforderungsanalyse (Workshop in Abschnitt 2.1), Architekturdesign (Abschnitt 2.2 mit Adapter, Moniker, Link-Datenbank), Implementierung (Hooking ins Betriebssystem, Integration von Applikationen) und Evaluation (Abschnitt 2.1: 'Verringerung der Entwicklungsaufwendungen um ca. 7%'). Die Risiken (z.B. 'Broken Links') und Nutzen werden systematisch bewertet."
lni122/341-342,lni122,341-342.pdf,lni122/341-342.pdf,Positionsstatement: Über die Rolle von formalem Beweis und Entwicklung im Zertiﬁzierungsprozeß,Christoph Lüth,mistral-large-3-675b-instruct-2512,rse_typology_prompt_v1,run_1,1,0.95,"Die Publikation erwähnt explizit 'Theorembeweiser' als Programme, die zur formalen Beweisführung in der Forschung eingesetzt werden. Diese Programme (z.B. im Flyspeck-Projekt, Verisoft-Projekt) wurden für Forschungszwecke entwickelt oder maßgeblich angepasst und sind damit Forschungssoftware im definierten Sinne.",formal_verification,1.0,,"Der Text beschreibt explizit die Rolle von formalen Beweisen und Theorembeweisern im Zertifizierungsprozess, was direkt auf die Position 'formal_verification' hinweist.",testen_qualitaetssicherung,0.9,,"Der Text betont die Verwendung von Theorembeweisern zur mechanischen Überprüfung der Korrektheit von Beweisen, was der Phase 'testen_qualitaetssicherung' entspricht. Andere Phasen wie Implementierung oder Entwurf werden nicht explizit erwähnt.",numerical_mathematical,1.0,,"Theorembeweiser werden explizit als Programme beschrieben, die formale Beweise mechanisch führen. Dies fällt unter 'numerical_mathematical' (Subkategorie 'theorem_prover').",insufficient_information,1.0,,"Es werden keine konkreten Programmiersprachen, Frameworks oder Technologien genannt, die auf eine bestimmte Implementierung hinweisen. Daher ist die Information unzureichend.",testing,0.95,,"Die Evaluation der Software (Theorembeweiser) besteht in der mechanischen Überprüfung der Korrektheit von Beweisen, was als 'testing' (technischer Nachweis der funktionalen Korrektheit) klassifiziert werden kann. Es gibt keine Hinweise auf empirische Studien oder Benchmarking.",,,formal_methods,1.0,,"Die Entwicklung der Theorembeweiser und die Durchführung formaler Beweise basiert auf formalen Methoden ('formale Logik', 'Schlussregeln der Logik', 'Spezifikation und Verifikation'). Dies ist explizit im Text belegt (z.B. Abschnitt 1 und 3)."
lni122/345-349,lni122,345-349.pdf,lni122/345-349.pdf,Ergebnisse des Workshops „Software-Entwicklung und Zertifizierung im Umfeld sicherheitskritischer und hochverfügbarer Systeme“,"Hardi Hungar, Erwin Reyzl OFFIS, F&E-Bereich Sicherheitskritische Systeme Escherweg , Oldenburg",mistral-large-3-675b-instruct-2512,rse_typology_prompt_v1,run_1,0,0.9,"Die Publikation berichtet über einen Workshop zu Software-Entwicklung und Zertifizierung im Umfeld sicherheitskritischer und hochverfügbarer Systeme. Es werden zwar Werkzeuge, Methoden (z.B. modellbasierte Entwicklung, formale Methoden) und Programmiersprachen (z.B. Java, C/C++, Ada) diskutiert, aber es gibt keine explizite Erwähnung eigener Forschungssoftware, die im Rahmen der vorgestellten Arbeiten entwickelt, erweitert oder angepasst wurde. Die Diskussion dreht sich um allgemeine Ansätze, Standards und Erfahrungen, nicht um konkrete Software-Artefakte.",,,,,,,,,,,,,,,,,,,,,,,,,,
lni122/399-406,lni122,399-406.pdf,lni122/399-406.pdf,Using UML Environment Models for Test Case Generation,"Maritta Heisel, Denis Hatebur,, Thomas Santen, and Dirk Seifert",mistral-large-3-675b-instruct-2512,rse_typology_prompt_v1,run_1,1,0.95,"Die Publikation beschreibt die Entwicklung und Nutzung der Tool-Suite TEAGER, die explizit für die Testfallgenerierung und -ausführung für reaktive Systeme basierend auf UML-State-Machines entwickelt wurde. Dies umfasst die Erstellung von Umgebungsmodellen, Adaptern und Testarchitekturen, die als Forschungssoftware im Sinne der Definition gelten (vgl. Abstract, Sect. 4, Sect. 6, und Literaturverzeichnis [SS06], [Sei08]).",product_result,0.95,,"Die Publikation beschreibt die Entwicklung einer Methode und eines Tools (TEAGER) zur Testfallgenerierung basierend auf UML-Zustandsautomaten. Der Fokus liegt auf dem System selbst als Ergebnis der Forschung, nicht auf der Anwendung für ein übergeordnetes Forschungsziel wie Datenerhebung oder Analyse.",entwurf;implementierung;testen_qualitaetssicherung,1.0,,"Der Text beschreibt explizit den Entwurf (Modellierung mit UML-Zustandsautomaten, Architektur der Testumgebung), die Implementierung (Nutzung des TEAGER-Tools) und das Testen/Qualitätssicherung (Generierung und Ausführung von Testfällen, Validierung der Anforderungen).",library_package,0.9,,"TEAGER wird als Tool-Suite beschrieben, die Testfallgenerierung und -ausführung unterstützt. Dies entspricht einem Framework/Toolkit, das als Bibliothek oder Paket für die Wiederverwendung durch andere dient (vgl. 'test automation framework' in den Subkategorien).",insufficient_information,1.0,,"Es gibt keine explizite Nennung einer Programmiersprache oder Technologie. UML ist eine Modellierungssprache, aber keine Implementierungssprache. TEAGER wird als Tool-Suite erwähnt, aber ohne Angabe der verwendeten Sprache oder Technologie.",testing;performance_evaluation,1.0,,"Die Publikation beschreibt explizit das Testen der Software (Generierung und Ausführung von Testfällen, Validierung gegen Anforderungen) sowie eine Performanzevaluation (Tabelle 1 zeigt Generierungszeiten für verschiedene Experimente, was auf eine Messung der Effizienz hindeutet).",,,classical_se,0.8,,"Die Entwicklung der Software folgt einem klassischen Software-Engineering-Ansatz mit klarer Anforderungsanalyse (Sect. 2: Terminology), Architekturdefinition (Sect. 4: Test approach, Fig. 1 und 2) und systematischer Testfallgenerierung (Sect. 6: Experimental results). Die Verwendung von UML-State-Machines und die strukturierte Modellierung der Umgebung deuten auf einen plangetriebenen Entwicklungsprozess hin."
lni122/98-102,lni122,98-102.pdf,lni122/98-102.pdf,The legacy ECU software problem -approach and research challenges,"Thomas Heinz, Jörn Schneider Robert Bosch GmbH, Stuttgart",mistral-large-3-675b-instruct-2512,rse_typology_prompt_v1,run_1,1,0.95,"Die Publikation beschreibt die Entwicklung eines Ansatzes zur statischen Binärübersetzung (Static Binary Translation, SBT) für eingebettete Echtzeitsoftware, insbesondere für automotive ECUs. Dieser Ansatz umfasst die Implementierung eines Übersetzungsframeworks, das funktionales und zeitliches Verhalten der Originalsoftware bewahrt. Die Autoren diskutieren konkrete Transformationen, Analysen und Optimierungen, die auf eine eigene Softwarelösung hindeuten, die im Rahmen der Forschung entwickelt oder maßgeblich angepasst wurde (z.B. 'The approach is currently being implemented and refined as part of the Ph.D. thesis of the primary author').",product_result,0.95,,"Die Publikation beschreibt die Entwicklung von statischer binärer Übersetzung (SBT) als Lösung für das Legacy-ECU-Software-Problem. Die Software (SBT-Ansatz) ist das primäre Ergebnis der Forschung, nicht nur ein Mittel zur Evaluation eines Algorithmus. Es handelt sich um eine Referenzimplementierung/Pilotlösung für den beschriebenen Anwendungsfall.",projektdefinition;entwurf;implementierung,0.9,,"Der Text behandelt die Problemstellung (projektdefinition), den Entwurf der SBT-Architektur (entwurf, z.B. Transformationsschritte in Abb. 1) und die Implementierung (z.B. 'The approach is currently being implemented and refined as part of the Ph.D. thesis'). Testen/Qualitätssicherung wird nicht explizit als Phase beschrieben, sondern als Herausforderung (z.B. 'open challenges').",embedded_hardware,0.95,,"Die Software zielt auf die Übersetzung von Embedded-Software für ECUs (Mikrocontroller) ab, was explizit als 'embedded real-time software' und 'legacy ECU software' beschrieben wird. Es handelt sich um hardwarenahe Software.",insufficient_information,1.0,,"Es werden keine konkreten Programmiersprachen, Frameworks oder Technologien genannt, die für die Implementierung der SBT verwendet werden. Die Literaturverweise beziehen sich auf theoretische Grundlagen (z.B. ILP, CFA), nicht auf Implementierungstechnologien.",conceptual_evaluation;planned,0.85,,"Die Evaluation ist primär konzeptionell: Es werden Herausforderungen und Lösungsansätze diskutiert (z.B. SP accuracy, ILP-Optimierung), aber keine konkreten Tests oder empirischen Studien durchgeführt. Zudem wird erwähnt, dass die Implementierung 'currently being implemented and refined' ist, was auf eine geplante Evaluation hindeutet (z.B. 'it remains to show that SBT is real-time capable').",,,classical_se,0.85,,"Die Entwicklung folgt einem klassischen Software-Engineering-Ansatz mit klaren Phasen: Anforderungsanalyse (z.B. Erhaltung von funktionalem und temporalem Verhalten), Architektur (z.B. Transformationen in Abb. 1), und Test (z.B. Diskussion von Programmanalysen und zeitlicher Nähe). Die Autoren beschreiben systematische Schritte wie Kontrollflussanalyse, Datenflussanalyse und Codegenerierung, die auf eine plangetriebene Methodik hindeuten (vgl. Abschnitt 3: 'Common SBT transformation steps')."
lni122/LNI-122-Proceedings-komplett,lni122,LNI-122-Proceedings-komplett.pdf,lni122/LNI-122-Proceedings-komplett.pdf,GI-Edition,"Lecture Notes in Informatics Walid Maalej, Bernd Bruegge (Hrsg.) Software Engineering",mistral-large-3-675b-instruct-2512,rse_typology_prompt_v1,run_1,1,0.9,"Die Publikation beschreibt die Entwicklung und Implementierung eines Modular Recurrent Neural Network (MRNN) zur Navigation Recommendation in Wissensgraphen. Diese Software wurde explizit für Forschungszwecke entwickelt, trainiert und evaluiert, um Benutzerinteressen aus Navigationsverhalten zu lernen und relevante Artefakte vorherzusagen. Zudem wird ein Tool namens ASKME vorgestellt, das als Eclipse-Plug-in agile verteilte Softwareentwicklung unterstützt und Peer-to-Peer-Kommunikation ermöglicht. Beide Softwareartefakte sind klar als Forschungssoftware einzuordnen.",product_result,0.95,,"Die Publikation beschreibt die Entwicklung und Implementierung eines Modular Recurrent Neural Network (MRNN) als Kern der Forschungssoftware. Der Fokus liegt auf dem System selbst (Architektur, Implementierung, Anwendung), das als Produkt der Forschung präsentiert wird. Es geht nicht primär um Datenerhebung, Analyse oder Simulation für ein übergeordnetes Forschungsziel, sondern um die Software als Ergebnis.",entwurf;implementierung;testen_qualitaetssicherung,0.98,,"Der Text beschreibt explizit den Entwurf der MRNN-Architektur (Abschnitt 3), die Implementierung (z. B. Gleichungen 1 und 2, Topologie in Abb. 3) und die Evaluation durch Tests auf einem Microsoft-Datensatz (Abschnitt 4: Präzision von 50%).",full_stack_application;ml_model,0.9,,"Die Software ist eine Full-Stack-Anwendung, die ein MRNN (Machine-Learning-Modell) als Kernkomponente nutzt. Das MRNN wird explizit als 'enabling technology' beschrieben, und die Software integriert Text-Mining (LSI) und Sequenzvorhersage. Das Modell selbst (MRNN) ist ein zentrales Artefakt der Software.",java_jvm,0.85,,"Die Software wird als Eclipse-Plugin (ASKME) erwähnt, was stark auf Java als Implementierungssprache hindeutet. Eclipse ist eine Java-basierte IDE, und Plugins für Eclipse werden typischerweise in Java entwickelt. Dies ist eine implizite, aber starke Belegung.",benchmarking;performance_evaluation,0.95,,"Die Software wird auf einem Microsoft-Datensatz (32.700 Navigationen) evaluiert, wobei eine Präzision von 50% erreicht wird. Dies entspricht einem Benchmarking auf einem Standard-Datensatz. Zudem wird die Performance (Genauigkeit der Vorhersage) explizit gemessen und mit anderen Ansätzen (z. B. n-gram von Sun et al. mit 37%) verglichen.",,,data_science_pipeline,0.9,,"Die Entwicklung des MRNN folgt einer typischen Data-Science-Pipeline: Datenerhebung (Navigationsdaten), Modellierung (neuronales Netz), Training und Evaluation (vgl. Abschnitt 2 und 4: 'Machine Learning Based on Rich Contents', 'Application to Real-World Navigation Data')."
lni123/150,lni123,150.pdf,lni123/150.pdf,Von Rohdaten zu entscheidungsrelevanten Informationen – Datenaufbereitung und –auswertung in RFID-gestützten Supply Chains,"Adam Melski, Matthias Schumann",mistral-large-3-675b-instruct-2512,rse_typology_prompt_v1,run_1,1,0.9,"Die Publikation enthält explizit beschriebene Algorithmen im Pseudocode (Kapitel 4.2 und 4.3) zur Datenaufbereitung und Auswertung von RFID-Daten. Diese Algorithmen stellen eigene Entwicklungen dar, die für den Forschungszweck der Generierung entscheidungsrelevanter Informationen im Supply Chain Management maßgeblich angepasst oder erstellt wurden. Zudem wird die Datenaufbereitung in RFID-Systemen als spezifischer Prozess beschrieben, der eigene Filter-, Aggregations- und Auswertungsmethoden erfordert (Tabelle 1, Kapitel 3.2).",product_result,0.95,,"Die Publikation beschreibt die Aufbereitung und Auswertung von RFID-Daten im SCM als zentrales Ziel. Es wird eine Systemarchitektur bzw. Referenzimplementierung für die Datenverarbeitung in RFID-gestützten Supply Chains vorgestellt, die als lauffähiges System (Pilot/Referenz) im Mittelpunkt steht. Dies entspricht der Kategorie 'product_result', da der Beitrag der Bau/die Integration des Systems ist.",entwurf;implementierung,0.9,,"Die Publikation beschreibt detailliert die Architektur und Phasen der Datenaufbereitung (Filterung, Aggregation, Auswertung) sowie die Systematisierung von RFID-Daten. Dies deutet auf den Entwurf (Architektur, Modellierung) hin. Zudem werden konkrete Algorithmen im Pseudocode angegeben, was auf eine Implementierung hindeutet. Es gibt keine expliziten Hinweise auf Testen, Deployment oder Betrieb.",middleware_service;full_stack_application,0.85,,"Die Publikation beschreibt ein System zur Datenaufbereitung und -auswertung in RFID-gestützten Supply Chains, das als Middleware (z. B. Filterung, Aggregation) und als Anwendungssystem (z. B. Auswertung, Generierung entscheidungsrelevanter Informationen) fungiert. Dies entspricht den Kategorien 'middleware_service' (verbindende Schicht zwischen Systemen) und 'full_stack_application' (Frontend + Backend, hier: Datenverarbeitung und Auswertung).",insufficient_information,1.0,,"Es werden keine konkreten Programmiersprachen, Frameworks oder Technologien explizit genannt. Pseudocode wird verwendet, aber dies ist keine spezifische Technologie. Daher kann keine konkrete Zuordnung getroffen werden.",conceptual_evaluation,0.8,,"Die Publikation stellt das Konzept der Datenaufbereitung und -auswertung vor und analysiert dessen Nutzenpotenziale für das SCM. Es gibt keine Hinweise auf technische Tests, Usability-Studien oder empirische Studien. Die Evaluation beschränkt sich auf die konzeptionelle Darstellung und Analyse der Möglichkeiten, was der Kategorie 'conceptual_evaluation' entspricht.",,,ad_hoc_scripting,0.8,,"Die Entwicklung der Algorithmen erfolgt pragmatisch und einzweckorientiert, ohne dass ein expliziter Softwareentwicklungsprozess (wie klassisches SE oder agile Methoden) beschrieben wird. Die Pseudocode-Beispiele deuten auf ad-hoc entwickelte Skripte zur Lösung spezifischer Fragestellungen hin (vgl. Kapitel 4.2 und 4.3)."
lni124/37,lni124,37.pdf,lni124/37.pdf,High Performance Multigrid on Current Large Scale Parallel Computers,"Tobias Gradl, Ulrich Rüde",mistral-large-3-675b-instruct-2512,rse_typology_prompt_v1,run_1,1,1.0,"Die Publikation beschreibt detailliert die Entwicklung und Implementierung des HHG-Frameworks ('Hierarchical Hybrid Grids'), einer Forschungssoftware zur effizienten Lösung von Finite-Elemente-Problemen auf massiv parallelen Hochleistungsrechnern. Die Software umfasst eigene Algorithmen, Datenstrukturen und Optimierungen, die explizit für den Forschungszweck entwickelt wurden (z.B. adaptive Gitterverfeinerung, parallele Multigrid-Methoden).",product_result,0.95,,"Die Publikation beschreibt das HHG-Framework als zentrales Ergebnis der Forschung, das für die Lösung von Finite-Elemente-Problemen auf Hochleistungsrechnern entwickelt wurde. Der Fokus liegt auf der Darstellung des Systems selbst (Architektur, Implementierung, Skalierbarkeit) als Forschungsbeitrag, nicht auf einer übergeordneten Anwendung wie Datenerhebung oder Analyse.",entwurf;implementierung;testen_qualitaetssicherung,0.9,,"Der Text beschreibt explizit den Entwurf (z. B. Datenstrukturen, hierarchische Gitter, Kommunikationsstrategien), die Implementierung (z. B. parallele Multigrid-Algorithmen, Gauß-Seidel-Smoother) und die Qualitätssicherung (z. B. Skalierungsexperimente, Performance-Messungen auf HLRB II).",numerical_mathematical;library_package,0.95,,"HHG ist ein Framework für Multigrid-Löser (numerisch/mathematisch) und wird als wiederverwendbare Infrastruktur für Finite-Elemente-Probleme beschrieben (Bibliothek/Paket). Die Kombination beider Kategorien ist gerechtfertigt, da es sich um einen numerischen Berechnungskern handelt, der als Framework bereitgestellt wird.",insufficient_information,1.0,,"Es gibt keine explizite Nennung einer Programmiersprache oder eines konkreten Techstacks (z. B. C++, MPI, OpenMP). Die Architektur (SGI Altix) und Algorithmen werden beschrieben, aber keine Sprache oder Technologie, die den Techstack eindeutig belegen würde.",performance_evaluation;benchmarking,0.98,,"Die Publikation evaluiert die Software primär durch Performance-Metriken (Laufzeit, Skalierbarkeit, Speichereffizienz) auf dem HLRB-II-Supercomputer. Zudem wird ein Benchmark (Lösung eines linearen Systems mit 307 Mrd. Unbekannten) als Vergleichsmaßstab genutzt, was auf wissenschaftliches Benchmarking hindeutet.",,,classical_se,0.9,,"Die Entwicklung des HHG-Frameworks folgt klassischen Software-Engineering-Prinzipien: Es gibt eine klare Architektur (z.B. Aufteilung in Gitterprimitive wie Vertices, Edges, Faces), eine detaillierte Beschreibung der Algorithmen (z.B. Gauß-Seidel-Glätter, adaptive Verfeinerung) und eine systematische Optimierung der Performance (z.B. Minimierung der Kommunikationslatenz). Die Verwendung von Metis für die Gitterpartitionierung deutet auf eine plangetriebene Entwicklung hin. Allerdings fehlen explizite Hinweise auf agile Methoden oder iterative Prototypenentwicklung."
lni124/49,lni124,49.pdf,lni124/49.pdf,"SDVMR: A Scalable Firmware for FPGA-based Multi-Core Systems-on-Chip Andreas Hofmann and Klaus Waldschmidt J. W. Goethe-University, Technical Computer Sc. Dep., Box 11 19 32, D-60054 Frankfurt, Germany",,mistral-large-3-675b-instruct-2512,rse_typology_prompt_v1,run_1,1,0.95,"Die Publikation beschreibt die Entwicklung und Implementierung der SDVMR, einer skalierbaren Firmware für FPGA-basierte Multi-Core-Systeme-on-Chip. Diese Software dient als Virtualisierungsschicht und Middleware, die explizit für Forschungszwecke (Adaption an heterogene Multicore-Systeme, Laufzeitrekonfiguration) entwickelt wurde. Der Text erwähnt die Anpassung und Reimplementierung der SDVM (Scalable Dataflow-driven Virtual Machine) als Basis für die SDVMR, was auf eine maßgebliche Entwicklungsleistung hindeutet.",product_result,1.0,,"Die Publikation beschreibt die Implementierung und das Konzept der SDVMR-Firmware als virtuelle Schicht für FPGA-basierte Multi-Core-Systeme. Die Software selbst ist das primäre Ergebnis der Forschung, nicht nur ein Mittel zur Evaluation eines Algorithmus.",projektdefinition;anforderungen;entwurf;implementierung;testen_qualitaetssicherung,1.0,,"Die Publikation behandelt die Projektdefinition (Einleitung, Motivation), Anforderungen (Abschnitt 2.2: Anforderungen an die Middleware), Entwurf (Abschnitt 2 und 3: Konzept und Architektur), Implementierung (Abschnitt 3: Realisierung) und Testen/Qualitätssicherung (Abschnitt 3.4: Performance-Ergebnisse).",embedded_hardware;middleware_service,1.0,,Die SDVMR ist eine Firmware für FPGA-basierte Systeme (embedded_hardware) und fungiert als Middleware/Virtualisierungsschicht zwischen Anwendungen und der Hardware (middleware_service).,c_cpp;hardware_description_languages,0.9,,"Die Implementierung der Firmware auf FPGAs (z. B. MicroBlaze, PowerPC) deutet stark auf C/C++ hin (typisch für Embedded-Systeme). Zudem werden Hardware-Beschreibungssprachen (z. B. VHDL/Verilog) für die FPGA-Konfiguration benötigt, auch wenn sie nicht explizit genannt werden. Die Xilinx EDK-Umgebung unterstützt dies.",performance_evaluation,1.0,,Die Publikation enthält eine Performanzevaluation (Abschnitt 3.4: Laufzeiten und Effizienz der Mandelbrot-Berechnung auf verschiedenen FPGA-Konfigurationen).,,,classical_se,0.8,,"Die Entwicklung der SDVMR folgt einem klassischen Software-Engineering-Ansatz: Es werden Anforderungen definiert (Section 2: 'The list of secondary requirements'), eine Architektur entworfen (Section 2.2: 'The middleware concept'), und die Implementierung basiert auf einer bestehenden Middleware (SDVM), die adaptiert wird (Section 3: 'The SDVM was chosen as a basis'). Zudem wird ein Entwicklungsprozess mit Testsystemen (Section 3.3) und Performance-Evaluation (Section 3.4) beschrieben."
lni125/113,lni125,113.pdf,lni125/113.pdf,Modellierung und Visualisierung digitaler Pflanzen: Methoden und Software,Georg Ohmayer,mistral-large-3-675b-instruct-2512,rse_typology_prompt_v1,run_1,1,0.9,"Die Publikation beschreibt explizit die Entwicklung und Anwendung von Software zur Modellierung und Visualisierung digitaler Pflanzen. Es werden eigene regelbasierte und prozedurale Ansätze (z.B. L-Systeme) sowie Software wie L-Studio und Xfrog erwähnt, die für den Forschungszweck entwickelt oder angepasst wurden. Die Tabelle in Abschnitt 3 listet verschiedene Software-Produkte auf, die für die Pflanzenmodellierung genutzt werden, darunter auch solche, die als Forschungssoftware einzustufen sind (z.B. L-Studio, Xfrog).",simulation_modellierung,0.95,,"Die Software dient primär der Modellierung und Simulation von Pflanzenwachstum und -strukturen (z. B. L-Systeme, prozedurale Ansätze). Dies wird explizit im Text beschrieben (Abschnitte 2.2, 2.3).",entwurf;implementierung,0.9,,"Der Text beschreibt detailliert die Modellierungsmethoden (Entwurf, z. B. L-Systeme, prozedurale Ansätze) und die verfügbare Software (Implementierung, z. B. L-Studio, Xfrog). Es gibt keine expliziten Hinweise auf Testen, Deployment oder Betrieb.",full_stack_application,0.85,,"Die genannten Software-Produkte (z. B. L-Studio, Xfrog, CINEMA 4D, MAYA) sind eigenständige Anwendungen, die zur Modellierung und Visualisierung genutzt werden. Es handelt sich nicht um Bibliotheken oder Pipelines, sondern um vollständige Anwendungen.",insufficient_information,1.0,,"Es werden keine konkreten Programmiersprachen oder Technologien explizit genannt. Die Software-Namen (z. B. L-Studio, Xfrog) lassen keine Rückschlüsse auf den Techstack zu.",,1.0,,"Es gibt keine explizite Evaluation der Software im Text. Weder technische Tests, Usability-Studien noch empirische Studien werden beschrieben.",,,model_driven_optimization;ad_hoc_scripting,0.9,,"Die Entwicklung der Software basiert auf mathematischen Modellen (z.B. L-Systeme, Goldener Schnitt) und regelbasierten Ansätzen, die als 'model_driven_optimization' eingestuft werden können. Gleichzeitig wird in Abschnitt 2.3 erwähnt, dass das Finden eines passenden Regelsystems nicht automatisierbar ist und zeitaufwändig, was auf 'ad_hoc_scripting' hindeutet. Beispiel: 'Für eine konkrete Pflanze ein passendes Regelsystem zu finden, ist nicht automatisierbar und daher sehr zeitaufwändig.'"
lni31/GI-Proceedings.31-8,lni31,GI-Proceedings.31-8.pdf,lni31/GI-Proceedings.31-8.pdf,Pass Phrase Based Speaker Recognition for Authentication,"Heinz Hertlein, Dr. Robert Frischholz, Dr. Elmar Nöth HumanScan GmbH Wetterkreuz a Erlangen/Tennenlohe, Germany Chair for Pattern Recognition, Computer Science",mistral-medium-3.5-128b,rse_typology_prompt_v1,run_1,1,1.0,"Die Publikation beschreibt die Entwicklung und Optimierung von Algorithmen und Methoden für die sprecherbasierte Authentifizierung im BioID-System, insbesondere die Implementierung von Dynamic Time Warping (DTW), MFCC-Feature-Extraktion, Vector Quantization (VQ) und Robustheitsmaßnahmen wie Speech Enhancement und Cepstral Mean Subtraction. Diese Komponenten wurden explizit für das BioID-System entwickelt und sind damit Forschungssoftware im Sinne der Definition.",product_result,0.95,,"Das BioID-System ist das Ergebnis der Forschung, wobei die Software (inkl. Algorithmen wie DTW, VQ, MFCC-Optimierung) das primäre Deliverable darstellt. Der Fokus liegt auf der Integration und Optimierung dieser Komponenten für ein lauffähiges, multimodales Authentifizierungssystem (vgl. Abstract, Kapitel 1, 8).",anforderungen;entwurf;implementierung;testen_qualitaetssicherung,0.98,,"Die Publikation beschreibt explizit Anforderungen (Kapitel 2: z. B. begrenzte Utterance-Längen, Modellgröße, Robustheit), Entwurf (Kapitel 3: Auswahl und Anpassung von Klassifikationsmethoden wie DTW, VQ, GMM), Implementierung (Kapitel 4–6: z. B. VQ für Template-Kompression, MFCC-Optimierung, Normalisierungstechniken) und Testen/Qualitätssicherung (Kapitel 7: experimentelle Evaluation mit EER-Metriken).",analysis_pipeline,0.9,,"Die Software besteht aus einer verketteten Verarbeitungspipeline für die Sprechererkennung: Preprocessing (Speech Enhancement, CMS), Feature-Extraktion (MFCC), Klassifikation (DTW) und Template-Kompression (VQ). Dies entspricht einer Analyse-Pipeline (vgl. Kapitel 3–6).",insufficient_information,1.0,,"Es werden keine konkreten Programmiersprachen, Frameworks oder Technologien explizit genannt. Die Algorithmen (DTW, VQ, MFCC) sind methodisch beschrieben, aber ohne Implementierungsdetails (z. B. keine Nennung von Python, C++, MATLAB etc.).",testing;benchmarking;performance_evaluation,0.95,,"Die Software wird technisch getestet (Kapitel 7: EER-Metriken auf einem selbst erstellten Datensatz), Benchmarking wird durch den Vergleich mit Standardmethoden (z. B. DTW vs. HMM/GMM) und die Verwendung einer kanonischen Metrik (EER) impliziert, und Performance-Evaluation ist durch die Messung der Fehlerrate (2.7% EER) und Robustheitstests (Kapitel 6) belegt.",,
lni17/GI-Proceedings.17-22,lni17,GI-Proceedings.17-22.pdf,lni17/GI-Proceedings.17-22.pdf,Lösungsansätze zur Visualisierung im High Performance Computing und Networking Kontext,"Stephan Olbrich, Tino Weinkauf, André Merzky, Harald Knipp, Hans-Christian Hege, und Helmut Pralle",mistral-medium-3.5-128b,rse_typology_prompt_v1,run_1,1,1.0,"Die Publikation beschreibt explizit entwickelte Softwarekomponenten wie die 'Parallel Data Extraction and Visualization Library (PaDEV)' und 'libDVRP' sowie ein '3D-Streaming-System', die im Rahmen des BMBF/DFN-Projekts erstellt wurden. Diese Software wird zur Visualisierung und Steuerung von Simulationen im High-Performance-Computing-Kontext eingesetzt und ist damit klar als Forschungssoftware identifizierbar.",visualisierung_dissemination,1.0,,"Die Software dient primär der Visualisierung von Simulationsergebnissen ('Wissenschaftliche Visualisierung', '3D-Streaming-System', 'Online-Visualisierung'). Dies wird explizit im Text beschrieben, z. B. in den Abschnitten zu PaDEV, libDVRP und dem 3D-Streaming-System.",entwurf;implementierung;deployment_betrieb,1.0,,"Der Text beschreibt den Entwurf (z. B. 'verteilten Systemkonzept', Architektur von PaDEV und libDVRP), die Implementierung (z. B. 'MPI-basierte Visualisierungsbibliothek in C', Integration in bestehende Simulationsprogramme) sowie den Betrieb (z. B. 'on-the-fly'-Visualisierung, 'Live Streaming', praktische Anwendung in einer Fallstudie).",library_package;middleware_service;full_stack_application,1.0,,"Die Publikation nennt explizit Bibliotheken wie PaDEV und libDVRP ('Parallel Data Extraction and Visualization Library', 'MPI-basierte Visualisierungsbibliothek'), ein Middleware-System ('3D-Streaming-System' mit Server- und Client-Komponenten) sowie eine Full-Stack-Anwendung (integriertes System aus Simulation, Datenextraktion, Streaming und Visualisierung).",c_cpp;mpi,0.9,mpi,"Die Implementierung von libDVRP wird explizit als 'MPI-basierte [...] Visualisierungsbibliothek in C' beschrieben. MPI ist eine Technologie, die hier als Teil des Techstacks genannt wird, aber nicht in den vorgegebenen Subkategorien enthalten ist. C/C++ ist durch die Nennung von 'C' und 'C++-Template-Mechanismus' belegt.",performance_evaluation;conceptual_evaluation,1.0,,"Der Text enthält eine detaillierte Performanzevaluation (z. B. 'Effizienz-Analyse – Datentransfer in libDVRP: blockierend vs. asynchron', Gleichungen und Diagramme zu Speedup und Effizienz) sowie eine konzeptionelle Bewertung des Gesamtansatzes (z. B. Diskussion der Vorteile des Pipelining-Verfahrens, praktische Anwendung in einer Fallstudie).",,
lni355/LNI_050,lni355,LNI_050.pdf,lni355/LNI_050.pdf,"F. Boutros, N. Damer, M. Fang, M. Gomez-Barrero, K. Raja, C. Rathgeb, A. Sequeira, and M. Todisco (Eds.): BIOSIG 2024, Lecture Notes in Informatics (LNI), Gesellschaft f¨ur Informatik, Bonn 2024 On the Use of Synthetic Hand Images for Biometric Recognition","Robert Nichols, Lazaro J. Gonzalez-Soler, Christian Rathgeb",mistral-medium-3.5-128b,rse_typology_prompt_v1,run_1,1,1.0,"Die Publikation beschreibt die Entwicklung und Anpassung eines identity-guided Latent Diffusion Models (LDM) in Kombination mit einem modifizierten Hand Recognition System (MBA-Net) zur Generierung synthetischer Handbilder. Dies umfasst konkrete Implementierungsdetails wie die Integration von MBA-Net als Konditionierungsmechanismus, die Anpassung der Perzeptualen Kompression, sowie das Training und die Optimierung des Modells (z. B. AdamW-Optimierer, A100 GPU). Zudem wird die Software explizit evaluiert (z. B. EER, FID, PSNR).",proof_of_concept_product,0.95,,"Die Software dient primär als Machbarkeitsnachweis für die Generierung identitätserhaltender synthetischer Handbilder mithilfe von LDMs und einem angepassten Hand-Erkennungssystem. Der Fokus liegt auf der Demonstration der Funktionsfähigkeit des Ansatzes (vgl. Abschnitte 3, 4 und 5, insbesondere die experimentelle Evaluation der synthetischen Bilder).",entwurf;implementierung;testen_qualitaetssicherung,1.0,,"Die Publikation beschreibt den Entwurf des Systems (Architektur des LDM mit Konditionierungsmechanismus, Abb. 2 und 3), die Implementierung (z. B. Training mit AdamW, A100 GPU, Batch-Größe) und das Testen/Qualitätssicherung (Evaluation der biometrischen Leistung, EER, FID, PSNR, DET-Kurven).",ml_model;analysis_pipeline,0.95,,"Die Software besteht aus einem ML-Modell (identity-guided LDM mit MBA-Net als Konditionierungsmechanismus) und einer Analyse-Pipeline (Datenvorverarbeitung, Generierung synthetischer Bilder, Evaluation der biometrischen Leistung).",python,0.9,,"Die Verwendung von PyTorch oder TensorFlow (implizit durch die Beschreibung von LDMs, U-Net, AdamW-Optimierer und GPU-Training) ist typisch für Python. Zudem wird explizit auf Stable Diffusion 2.1 verwiesen, das in Python implementiert ist. Die MediaPipe-Handlandmarkenerkennung (für Alignment) ist ebenfalls eine Python-Bibliothek.",benchmarking;performance_evaluation;testing,1.0,,"Die Software wird auf dem 11K Hands-Datensatz evaluiert (Benchmarking), wobei biometrische Metriken (EER, DET-Kurven) und Qualitätsmetriken (FID, PSNR) verwendet werden (Performance-Evaluation). Zudem wird die technische Korrektheit der Generierung und Erkennung getestet (Testing).",,
lni211/215,lni211,215.pdf,lni211/215.pdf,Funknetz zur Bewässerung im Knoblauchsland,"Christoph Mühlmann, Harald Hackl, Michael Beck, Sebastian Peisl",mistral-medium-3.5-128b,rse_typology_prompt_v1,run_1,1,1.0,"Die Publikation beschreibt die Entwicklung und Implementierung eines Funknetzwerks zur Bewässerungssteuerung, inklusive Algorithmen, Hardwareanpassungen und einer zentralen Datenbank. Es handelt sich um eine konkrete Umsetzung (Pilotanlagen, Software- und Hardwareentwicklung) mit Forschungszweck (Steuerung und Kontrolle der Bewässerung, Leckageerkennung).",product_result,1.0,,"Das lauffähige Funknetzwerk-System (inkl. Algorithmen, Hardware, Datenbank) ist das zentrale Ergebnis der Forschung. Der Text betont die Entwicklung und den Test des Systems als Pilotimplementierung (z. B. 'zwei Pilotanlagen mit insgesamt 10 Funkknoten in Betrieb').",projektdefinition;anforderungen;entwurf;implementierung;testen_qualitaetssicherung;deployment_betrieb,0.95,,"Der Text deckt alle Phasen ab: Projektdefinition (Hintergrund, Motivation), Anforderungen (Funktionsüberwachung, Leckageerkennung), Entwurf (Netzwerkarchitektur, Knotenvarianten), Implementierung (Funkmodule, Sensoranpassung), Testen (Bewässerungsversuche, Zuverlässigkeitstests) und Deployment (Pilotanlagen im Betrieb).",full_stack_application;embedded_hardware;middleware_service,0.95,,"Das System besteht aus einer Full-Stack-Anwendung (Webserver, Datenbank, Benutzeroberfläche), embedded_hardware (Funkknoten, Basisstationen mit Mikrocontrollern) und Middleware (Datenübertragung zwischen Knoten, Cluster und externen Quellen).",sql_db;javascript_web,0.8,,"Explizit genannt: SQL-Datenbank ('Eine SQL-Datenbank [...] wird durch den Server-Cluster zur Verfügung gestellt') und Webserver/Webseite ('Webserver [...] eine für mobile Geräte optimierte Webseite'). JavaScript/Web ist impliziert durch die Webseite, aber nicht explizit als Sprache genannt – daher Unsicherheit.",testing;empirical_study;planned,0.9,,Testing: Leckageerkennung wird technisch getestet ('Erste Versuchsergebnisse [...] lassen sich [...] zuverlässig erkennen'). Empirische Studie: Bewässerungsversuche auf Kulturflächen ('Bewässerungsversuche [...] mit dem Ziel die Zuverlässigkeit des Systems zu testen'). Geplant: Vergrößerung der Anlagen und weitere Tests sind für das Frühjahr 2013 geplant.,,
lni344/GIL_2024_Chiavassa_209-214,lni344,GIL_2024_Chiavassa_209-214.pdf,lni344/GIL_2024_Chiavassa_209-214.pdf,"C. Hoffmann et al.: Biodiversität fördern durch digitale Landwirtschaft, Lecture Notes in Informatics (LNI), Gesellschaft für Informatik, Bonn 2024 209 The FAIR-Device – an AI image recognition-based non-lethal and generalist monitoring system for insect biodiversity in agriculture","Juan A. Chiavassa, Martin Kraft, Patrick Noack, Simon Walther, Ameli Kirse und Christoph Scherber",mistral-medium-3.5-128b,rse_typology_prompt_v1,run_1,1,1.0,"Die Publikation beschreibt das FAIR-Device, ein konkret umgesetztes, nicht-letales Überwachungssystem für Insektenbiodiversität, das auf KI-basierter Bildverarbeitung (MotionEye, iNaturalist-API) und Hardware-Komponenten (BeagleBone Black, Kamera, LEDs) basiert. Die Software (z. B. MotionEye, Integration mit iNaturalist) wurde im Rahmen der Arbeit erstellt/angepasst, um Forschungsdaten zu generieren und auszuwerten.",datenerhebung,1.0,,"Das FAIR-Device dient primär der automatisierten Datenerhebung (Videoaufnahmen von Insekten) für die Forschung zur Biodiversität und Schädlingsüberwachung (vgl. Abstract: 'automatic insect monitoring traps', 'high-resolution data for evaluating insect diversity').",entwurf;implementierung;testen_qualitaetssicherung;deployment_betrieb,0.95,,"Entwurf: Architektur des Geräts und der Software (z. B. MotionEye-Integration, 3D-gedruckte Komponenten) wird detailliert beschrieben (Abschnitt 2.1). Implementierung: Konkrete Umsetzung mit BeagleBone Black, Kamera, LEDs und MotionEye (Abschnitt 2.1). Testen: Performance-Tests (z. B. False-Positives-Rate, Verweildauer der Insekten) und manuelle Auswertung der Videos (Abschnitt 2.2–2.4). Deployment: Feldtest des Geräts unter realen Bedingungen (Abschnitt 2.1–2.5).",full_stack_application;embedded_hardware,0.9,,"Full-Stack-Anwendung: Das System kombiniert Hardware (Kamera, LEDs, SBC) mit Software (MotionEye, WLAN-Kommunikation, iNaturalist-Integration) zu einem vollständigen Überwachungssystem. Embedded-Hardware: Die Software läuft auf einem Single-Board-Computer (BeagleBone Black) und interagiert direkt mit Sensoren/Hardware-Komponenten (Abschnitt 2.1).",insufficient_information,0.5,,"MotionEye ist ein Linux-Softwarepaket (impliziert möglicherweise Python/C, aber nicht explizit genannt). BeagleBone Black unterstützt verschiedene Sprachen (z. B. C, Python), aber keine konkrete Nennung im Text. iNaturalist-API-Nutzung wird beschrieben, aber die Implementierungssprache der eigenen Software bleibt unklar.",testing;empirical_study,0.95,,"Testing: Technische Evaluation der Funktionalität (z. B. False-Positives-Rate, Videoqualität, Verweildauer der Insekten) (Abschnitt 2.3–2.4). Empirische Studie: Das Gerät wird in einem Feldtest eingesetzt, um Daten zur Insektenbiodiversität zu sammeln und auszuwerten (z. B. Taxonomie-Analyse via iNaturalist, Korrelation mit Wetterdaten) (Abschnitt 2.2, 2.5).",,
lni375/GIL_2026_Herterich_92-103,lni375,GIL_2026_Herterich_92-103.pdf,lni375/GIL_2026_Herterich_92-103.pdf,"J. Dörr et al.: Datenräume in der Land-, Forst-und Ernährungswirtschaft, Lecture Notes in Informatics (LNI), Gesellschaft für Informatik, Bonn 2026 92 Self-supervised representation learning for robust weed detection","Nils Herterich , Tobias Kettner and Anthony Stein",mistral-medium-3.5-128b,rse_typology_prompt_v1,run_1,1,1.0,"Die Publikation beschreibt die Implementierung und Evaluation eines SimSiam-basierten Self-Supervised-Learning-Ansatzes für die Unkrauterkennung. Es wird explizit erwähnt, dass Modelle mit SimSiam auf 110.986 unlabeled Bildern vortrainiert wurden und dass der Fokus auf der Analyse der Repräsentationsqualität, Transferierbarkeit und Robustheit liegt. Dies umfasst die konkrete Umsetzung von Algorithmen (SimSiam, Grad-CAM++), Datenpipelines und die Evaluation auf spezifischen Datensätzen, was als eigene Entwicklungsleistung im Rahmen der Forschung gilt.",datenanalyse,1.0,,"Die Software (SimSiam-basierte SSL-Pipeline) wird primär zur Analyse von Bilddaten für die Unkrauterkennung eingesetzt. Der Fokus liegt auf der Auswertung von Repräsentationen, Transferierbarkeit und Robustheit unter verschiedenen Umweltbedingungen, was einer Datenanalyse für ein explizites Forschungsziel entspricht (vgl. Abstract, Abschnitte 3 und 4).",entwurf;implementierung;testen_qualitaetssicherung,1.0,,"Die Publikation beschreibt den Entwurf der SimSiam-Architektur (Abschnitt 3, Abb. 3), die Implementierung der SSL-Pipeline mit verschiedenen Augmentationsstrategien (Abschnitt 2.2) sowie die Evaluation der Repräsentationsqualität und Robustheit (Abschnitte 4.1 und 4.2, z. B. t-SNE-Analyse, CKA, F1-Scores).",ml_model;analysis_pipeline,1.0,,"Die Software umfasst ein eigens trainiertes ML-Modell (SimSiam-basiertes neuronales Netz, vgl. Abschnitt 3) sowie eine Analyse-Pipeline zur Verarbeitung von Bilddaten (Datenaugmentation, Repräsentationslernen, Fine-Tuning, vgl. Abschnitte 2.2 und 4).",python,0.9,,"Die Publikation nennt explizit Frameworks wie SimSiam und Grad-CAM++, die typischerweise in Python implementiert sind (z. B. PyTorch/TensorFlow). Obwohl Python nicht wörtlich genannt wird, ist die Nutzung dieser Frameworks ein starker Indikator für Python als Programmiersprache (vgl. Abschnitte 3 und 4.2).",benchmarking;performance_evaluation;empirical_study,1.0,,"Die Evaluation umfasst Benchmarking auf öffentlichen Datensätzen (DeepWeeds, CottonWeedID15, MFWD) und eigenen Datensätzen (vgl. Abschnitt 4.1, Abb. 6a), Performanzmetriken wie F1-Scores und CKA-Similarität (vgl. Abschnitte 4.1 und 4.2) sowie eine empirische Studie zur Robustheit unter Domain-Shifts (vgl. Abschnitt 4.2, Abb. 8).",,
lni287/GIL_2019_Potts_155-160,lni287,GIL_2019_Potts_155-160.pdf,lni287/GIL_2019_Potts_155-160.pdf,"A. Meyer-Aurich et al.: Digitalisierung in kleinstrukturierten Regionen, Lecture Notes in Informatics (LNI), Gesellschaft für Informatik, Bonn 2019 155 Markt-Info-App (MIA) Eine Informations-und Vermarktungsplattform für Getreide in Norddeutschland",Franziska Potts und Jens-Peter Loy,mistral-medium-3.5-128b,rse_typology_prompt_v1,run_1,1,1.0,"Die Publikation beschreibt die Entwicklung und Implementierung der Markt-Info-App (MIA) als Informations- und Vermarktungsplattform für Landwirte. Die Software wird explizit für die wissenschaftliche Analyse der Vermarktungsaktivitäten der Nutzer entwickelt und eingesetzt (z. B. Aufzeichnung von Nutzeraktivitäten, Erhebung von Vermarktungsdaten). Dies erfüllt die Kriterien für Forschungssoftware, da sie im Rahmen der Forschung erstellt wurde und ein Forschungsziel (Analyse von Vermarktungsheuristiken) unterstützt.",datenanalyse,0.9,,"Die Software dient primär der Datenerhebung (Nutzeraktivitäten, Vermarktungsdaten) und der Analyse dieser Daten, um erfolgreiche Heuristiken bei der Vermarktung zu identifizieren (vgl. Abstract und Abschnitt 1: 'Gleichzeitig sollen die Aktivitäten der Landwirte auf dieser Plattform analysiert werden, um erfolgreiche Heuristiken bei der Vermarktung zu identifizieren.').",projektdefinition;anforderungen;entwurf;implementierung;deployment_betrieb,1.0,,"Die Publikation beschreibt alle Phasen: Projektdefinition (Abschnitt 1: Motivation und Ziel), Anforderungen (Abschnitt 3: inhaltliche Umsetzung mit konkreten Funktionen), Entwurf (Abschnitt 4: technische Umsetzung mit Architekturentscheidungen), Implementierung (Abschnitt 4: Programmierung in PHP, Framework7, MySQL), Deployment/Betrieb (Abschnitt 5: Datenerhebung mit geschlossener Nutzergruppe).",full_stack_application,1.0,,"MIA ist eine webbasierte Plattform mit Frontend (Framework7 für App-ähnliche Oberfläche) und Backend (PHP, MySQL-Datenbank), was einer Full-Stack-Anwendung entspricht (vgl. Abschnitt 4: 'Für die Umsetzung von MIA wurde PHP ausgewählt [...] Framework7 [...] MySQL Datenbank').",javascript_web;php;sql_db,1.0,,"Explizit genannt: PHP (Abschnitt 4: 'Für die Umsetzung von MIA wurde PHP ausgewählt'), Framework7 (JavaScript/HTML/CSS, Abschnitt 4: 'HTML-Frameworks Framework7'), MySQL (Abschnitt 4: 'PHP [...] ist mit der MySQL Datenbank kompatibel').",empirical_study;planned,0.95,,"Die Software wird in einer empirischen Studie eingesetzt, um Vermarktungsdaten und Nutzerverhalten zu analysieren (Abschnitt 5: 'Mit Hilfe der Webseite sollen zwei Arten von Daten erhoben werden [...] die Nutzung der Webseite aufgezeichnet'). Zudem ist die Evaluation geplant (Abschnitt 5: 'Die Nutzung der Webseite durch Landwirte wurde Anfang Oktober 2018 gestartet und soll zunächst mit einer geschlossenen Gruppe [...] stattfinden.').",,
lni290/D1-4,lni290,D1-4.pdf,lni290/D1-4.pdf,Computation Offloading in JVM-based Dataflow Engines,Haralampos Gavriilidis,mistral-medium-3.5-128b,rse_typology_prompt_v1,run_1,1,1.0,"Die Publikation beschreibt die Entwicklung und Implementierung eines Prototyps für Computation Offloading in Apache Spark, inklusive konkreter Code-Implementierung (C, JNI, ByteBuffer) und Evaluation. Dies erfüllt die Kriterien für Forschungssoftware, da eigene Entwicklungsleistung vorliegt und die Software im Rahmen der Forschung erstellt wurde.",product_result,0.95,,"Der Fokus der Arbeit liegt auf der Entwicklung eines Prototyps (on-heap offloading in Apache Spark) als Beitrag der Forschung. Die Software selbst ist das primäre Ergebnis der Studie, nicht nur ein Mittel zur Beantwortung einer übergeordneten Forschungsfrage. Dies wird durch die detaillierte Beschreibung der Implementierung und Evaluation des Prototyps belegt (Abschnitte 3.3 und 4).",entwurf;implementierung;testen_qualitaetssicherung,1.0,,"Die Publikation behandelt explizit den Entwurf (Abschnitt 3.2: Architektur und Datenfluss), die Implementierung (Abschnitt 3.3: Prototyp auf Spark mit C, JNI, ByteBuffer) sowie das Testen und die Qualitätssicherung (Abschnitte 4.1 und 4.2: Mikrobenchmarks und Prototyp-Evaluation).",plugin_extension;library_package,0.9,,"Der Prototyp wird als Erweiterung (Plugin/Erweiterung) von Apache Spark implementiert (Abschnitt 3.3: 'Prototype on Spark'). Zudem wird eine Bibliothek in C entwickelt, die als native UDFs fungiert (Abschnitt 3.3: 'We implement UDFs in C, and compile them to shared libraries using gcc').",java_jvm;c_cpp,1.0,,"Die Publikation nennt explizit Java/JVM (Apache Spark, Scala, JVM-basierte Sprachen) und C (Implementierung der UDFs in C, Kompilierung mit gcc, JNI für die Integration).",performance_evaluation;benchmarking,1.0,,"Die Evaluation umfasst Performance-Metriken (Laufzeit, Speedup-Faktoren) und Benchmarks (Mikrobenchmarks und End-to-End-Benchmarks mit verschiedenen UDFs und Datensätzen, Abschnitte 4.1 und 4.2).",,
lni297/DELFI2019_320_Dungeons___DFAs,lni297,DELFI2019_320_Dungeons___DFAs.pdf,lni297/DELFI2019_320_Dungeons___DFAs.pdf,Dungeons & DFAs Ein kollaboratives Multitouch Lernspiel zur Automatentheorie,"René Röpke, Matthias Ehlenz, Thiemo Leonhardt und Ulrik Schroeder",mistral-medium-3.5-128b,rse_typology_prompt_v1,run_1,1,1.0,"Die Publikation beschreibt die konkrete Implementierung des Lernspiels 'Dungeons & DFAs' basierend auf dem MTLG Framework. Es handelt sich um eine eigene Entwicklungsleistung (Lernspiel als Software), die für einen Forschungszweck (Vermittlung von Automatentheorie) erstellt wurde.",product_result,1.0,,"Das Lernspiel ist das primäre Ergebnis der Forschung. Der Beitrag beschreibt den Bau und die Integration des Systems selbst, nicht den Nachweis eines einzelnen neuen Algorithmus. Die Software ist das Deliverable (vgl. 'prototypische Umsetzung eines kollaborativen interaktiven Lernspiels').",projektdefinition;entwurf;implementierung,1.0,,"Der Text beschreibt das Konzept (Projektdefinition), die Architektur/Spielmodi (Entwurf) und die prototypische Umsetzung (Implementierung) des Lernspiels. Explizite Belege: 'Konzept und Implementierung', 'Spielmodi zum kollaborativen Lernen', 'prototypische Umsetzung'.",full_stack_application,0.9,,Das Lernspiel ist eine webbasierte Multitouch-Anwendung (vgl. 'MTLG Framework ermöglicht die Implementation von Single- und Multitouch Lernanwendungen mittels moderner Webtechnologien'). Es handelt sich um eine Full-Stack-Anwendung mit Frontend (Multitouch-Interface) und Backend (Spiel-Logik).,javascript_web,0.95,,"Das MTLG Framework nutzt 'moderne Webtechnologien' (vgl. Text), was auf JavaScript/TypeScript + Web-Frontend (HTML/CSS) hindeutet. Dies ist eine direkte Implikation der genannten Technologie.",conceptual_evaluation,0.8,,"Der Beitrag stellt das Konzept und die Demonstration des Lernspiels vor, aber es gibt keine Hinweise auf eine empirische Evaluation mit Versuchspersonen oder technische Tests. Die Bewertung erfolgt hier auf Basis des Konzepts und der Demonstration (vgl. 'Dieser Beitrag und die Demonstration zeigt die prototypische Umsetzung').",,
lni314/B1-9,lni314,B1-9.pdf,lni314/B1-9.pdf,Adaptives luftqualitätsgewichtetes Fahrradrouting mittels Land-use Regression auf Basis offener Daten,"Julian Janßen, Paul Tremper, Till Riedel",mistral-medium-3.5-128b,rse_typology_prompt_v1,run_1,1,1.0,"Die Publikation beschreibt die Entwicklung und Implementierung eines neuronalen Netzes zur Schätzung der Luftqualität (Land-Use-Regression) sowie eines Routing-Algorithmus, der diese Schätzungen nutzt, um luftqualitätsgewichtete Fahrradrouten zu berechnen. Beide Komponenten wurden explizit im Rahmen der Arbeit umgesetzt (z. B. Training des Modells, Implementierung der Routing-Pipeline mit OSMnx und NetworkX).",product_result,0.95,,"Die Software (neuronales Netz + Routing-Algorithmus) ist das zentrale Ergebnis der Forschung. Der Beitrag liegt im Bau des integrierten Systems (Modell + Routing), nicht allein im Nachweis eines einzelnen Algorithmus. Die Arbeit evaluiert zwar die Wirkung, aber der Fokus ist auf der Implementierung des Systems selbst (vgl. Abschnitte 3 und 4).",entwurf;implementierung;testen_qualitaetssicherung,1.0,,"Die Arbeit beschreibt den Entwurf des Systems (Abbildung 2, Architektur der Land-Use-Regression und Routing-Pipeline), die Implementierung (z. B. Training des neuronalen Netzes mit variierten Hyperparametern, Routing mit Dijkstra-Algorithmus) und die Qualitätssicherung (Vergleich von Modellen anhand MAE/MSE, Validierung der Routen durch empirische Tests mit 100 Start-Ziel-Paaren).",analysis_pipeline;ml_model,1.0,,"Die Software umfasst eine Analyse-Pipeline (Datenvorverarbeitung, Feature-Extraktion, Routing-Berechnung) und ein ML-Modell (neuronales Netz für die Land-Use-Regression). Beide sind explizit implementiert und beschrieben (vgl. Abschnitte 3 und 3.1).",python,1.0,,"Die Implementierung erfolgt in Python, wie explizit genannt wird: 'Für die Implementierung des Routing Abschnitts wurde ebenfalls die Programmiersprache Python verwendet.' Zudem werden Python-Bibliotheken wie OSMnx und NetworkX erwähnt.",testing;empirical_study;performance_evaluation,1.0,,"Die Software wird technisch getestet (Vergleich von 90 Modellen anhand MAE/MSE), in einer empirischen Studie evaluiert (100 zufällige Start-Ziel-Paare, Vergleich von Exposition und Routenlänge) und hinsichtlich Performance bewertet (z. B. Umweglänge von max. 3%, Reduktion der Exposition um bis zu 75%).",,
lni52/GI.-.Proceedings.52-15,lni52,GI.-.Proceedings.52-15.pdf,lni52/GI.-.Proceedings.52-15.pdf,"Adaptivit¨at in eLearning-Standards -ein vernachl¨assigtes Thema? Andreas Harrer+, Alke Martens∗ +Institut f¨ur Informatik und interaktive Systeme, Universit¨at Duisburg-Essen ∗Institut f¨ur Informatik, Universit¨at Rostock",,mistral-medium-3.5-128b,rse_typology_prompt_v1,run_1,0,1.0,"Die Publikation diskutiert Konzepte, Standards (LTSA, LOM, IMS/LD) und theoretische Modelle zur Adaptivität in eLearning-Systemen, ohne dass eine konkrete Implementierung, Erweiterung oder Anpassung von Forschungssoftware beschrieben wird. Es handelt sich um eine konzeptionelle Analyse und Bewertung bestehender Standards, nicht um die Entwicklung oder Anwendung von Software.",,,,,,,,,,,,,,,,,,,,,,
lni225/121,lni225,121.pdf,lni225/121.pdf,Coupling and process modeling An analysis at hand of the eEPC,"Daniel Braunnagel, Florian Johannsen, Susanne Leist",mistral-medium-3.5-128b,rse_typology_prompt_v1,run_1,1,1.0,"Die Publikation beschreibt die Implementierung eines Plug-Ins für ProM, das Metriken zur Kopplung in eEPC-Modellen berechnet. Dies stellt eine konkrete, in der Arbeit umgesetzte Forschungssoftware dar (vgl. Abschnitt 5: 'we implemented the metrics of this work in the form of a Plug-In [...] for ProM').",product_result,0.95,,"Das Plug-In ist das Ergebnis der Forschung und dient der Berechnung von Kopplungsmetriken für eEPC-Modelle. Es ist kein Mittel zur Datenerhebung, Analyse oder Simulation, sondern das Produkt selbst (vgl. 'the implementation assumes to find eEPC elements as defined but remains oblivious to their source format').",entwurf;implementierung,1.0,,Die Publikation beschreibt den Entwurf der Metriken (Abschnitt 3 und 4) sowie deren Implementierung als Plug-In (Abschnitt 5: 'we implemented the metrics of this work in the form of a Plug-In').,plugin_extension,1.0,,Das Plug-In ist eine Erweiterung für das bestehende ProM-Framework (vgl. 'in the form of a Plug-In [...] for ProM').,java_jvm,0.9,,"ProM ist ein Java-basiertes Framework (implizit durch die Nennung von ProM und EPML, die typischerweise in Java implementiert sind). Die Publikation verweist auf die EPML-Schnittstelle von ProM, die in Java entwickelt wurde.",testing,0.8,,"Die Software wurde mit zwölf verschiedenen eEPC-Modellen getestet, um einen ersten Eindruck von der Anwendbarkeit der Metriken und des Plug-Ins zu gewinnen (vgl. 'We used the plugin with twelve different eEPC models to gain a first impression about the applicability of the metrics and the plugin').",,
lni25/GI-Proceedings.25-10,lni25,GI-Proceedings.25-10.pdf,lni25/GI-Proceedings.25-10.pdf,Szenarien einer mobilen Zukunft,"Jürgen Kuhn, Franz Lehner",mistral-medium-3.5-128b,rse_typology_prompt_v1,run_1,0,1.0,"Die Publikation beschreibt eine Delphi-Studie zum Thema Mobile Business, bei der Expertenmeinungen gesammelt und ausgewertet werden. Es wird keine eigene Forschungssoftware entwickelt, implementiert oder angepasst. Die Studie basiert auf Befragungen und Auswertungen von Meinungen, nicht auf der Erstellung oder Anpassung von Software. Es werden zwar mobile Technologien und Anwendungen diskutiert, aber es handelt sich um eine konzeptionelle und empirische Untersuchung ohne eigene Softwareentwicklung.",,,,,,,,,,,,,,,,,,,,,,
lni332/paper36,lni332,paper36.pdf,lni332/paper36.pdf,,,mistral-medium-3.5-128b,rse_typology_prompt_v1,run_1,1,1.0,"Die Publikation beschreibt das Tool 'ReVision', das explizit als eigene Entwicklung für history-based model repair recommendations in MDE vorgestellt wird. Der Text erwähnt: 'Our repair recommendation tool ReVision requires specifying the transitions between consistent states by formal consistency-preserving edit operations (CPEOs)' und verweist auf die Verfügbarkeit von Code und Evaluationsdaten unter https://repairvision.github.io/.",product_result,0.95,,Das Tool 'ReVision' ist das zentrale Ergebnis der Forschung. Der Text betont die Entwicklung und Evaluation des Tools als Beitrag ('Our interactive repair tool ReVision [...] aims at generating repair proposals'). Es handelt sich um eine Referenzimplementierung für den Ansatz der history-based model repair.,entwurf;implementierung;testen_qualitaetssicherung,0.9,,"Der Text beschreibt den Entwurf von CPEOs ('A systematic process supports the specification of CPEOs'), die Implementierung des Tools ('ReVision requires specifying the transitions') und die Evaluation durch Tests mit realen Modell-Historien ('We evaluate our approach using histories of real-world models').",full_stack_application,0.85,model_repair_tool,"ReVision ist ein interaktives Werkzeug zur Generierung von Reparaturvorschlägen für Modelle. Der Text klassifiziert es nicht explizit als 'full_stack_application', aber die Beschreibung als Tool mit Benutzerinteraktion (Reparaturvorschläge für Entwickler) und die Integration in MDE-Prozesse deutet auf eine eigenständige Anwendung hin. Da keine der vorgegebenen Subkategorien perfekt passt, wird 'model_repair_tool' als neue Subkategorie vorgeschlagen.",insufficient_information,1.0,,"Der Text nennt keine konkreten Programmiersprachen, Frameworks oder Technologien, die für die Implementierung von ReVision verwendet wurden. Die Referenzen [Oh18] und [Oh21] könnten Details enthalten, aber diese sind nicht Teil des gegebenen Textes.",empirical_study;testing,0.95,,Die Evaluation erfolgt durch eine empirische Studie mit realen Modell-Historien ('We evaluate our approach using histories of real-world models from popular open-source modeling projects'). Zudem wird die technische Korrektheit der Reparaturvorschläge getestet ('92.2% of the proposed complementations could be observed in the model history').,,
lni351/rvi2024-05,lni351,rvi2024-05.pdf,lni351/rvi2024-05.pdf,"Fachtagung Rechts-und Verwaltungsinformatik (RVI 2024), Lecture Notes in Informatics (LNI), Gesellschaft für Informatik, Bonn 2024 61 Capturing trust in public service encounters Mapping trust along life event citizen journeys",David Nowak,mistral-medium-3.5-128b,rse_typology_prompt_v1,run_1,0,1.0,"Die Publikation beschreibt ein konzeptionelles Framework zur Analyse von Vertrauen in öffentlichen Dienstleistungsinteraktionen (Citizen Journeys). Es werden keine eigenen Quellcode-Dateien, Algorithmen, Skripte oder implementierte Softwarelösungen erwähnt. Stattdessen liegt der Fokus auf einer Theorie-Synthese und einem methodischen Vorschlag, der auf bestehenden Konzepten (z. B. Citizen Journeys, Trust-Modelle) aufbaut. Es handelt sich um eine rein konzeptionelle Arbeit ohne Implementierung von Forschungssoftware.",,,,,,,,,,,,,,,,,,,,,,
lni22/GI-Proceedings.22-7,lni22,GI-Proceedings.22-7.pdf,lni22/GI-Proceedings.22-7.pdf,Didaktische Betrachtungen zur Unterrichtung von Software–Mustern im Hochschulbereich Andreas Harrer und Markus Schneider,,mistral-medium-3.5-128b,rse_typology_prompt_v1,run_1,0,1.0,"Die Publikation beschreibt eine didaktische Systematik zur Vermittlung von Software-Mustern im Hochschulbereich. Es werden keine eigenen Quellcode-Dateien, Algorithmen, Skripte oder ausführbare Programme erstellt, erweitert oder angepasst. Stattdessen liegt der Fokus auf der konzeptionellen Analyse, Klassifizierung und Lehrmethodik von Mustern, ohne dass eine konkrete Implementierung von Forschungssoftware stattfindet.",,,,,,,,,,,,,,,,,,,,,,
lni89/GI-Proceedings-89-14,lni89,GI-Proceedings-89-14.pdf,lni89/GI-Proceedings-89-14.pdf,Implementing the Pragmatic Web:,Practical Approaches Thomas Kamphusmann,mistral-medium-3.5-128b,rse_typology_prompt_v1,run_1,1,0.95,"Die Publikation beschreibt explizit die Entwicklung und Implementierung von 'Digital Companions' als konkrete Anwendungen (z. B. für psychosomatische Therapie, Sportveranstaltungen). Diese sind als Prototypen auf einer technischen Plattform des Fraunhofer ISST umgesetzt worden (vgl. 'Technically the applications are built upon software–platforms developed by the Fraunhofer ISST' und die detaillierte Beschreibung der Komponentenmodelle und Screenshots). Es handelt sich um eigene Entwicklungsleistung mit Forschungszweck (Unterstützung menschlicher Kollaboration).",product_result,0.9,,"Die Software (Digital Companions) ist das primäre Ergebnis der Forschung. Der Text betont, dass die Anwendungen als Prototypen auf einer technischen Plattform gebaut wurden und der Beitrag im Bau/der Integration des Systems liegt (vgl. 'the design of the “Digital Companion” (as well as similar applications)'). Es geht nicht um einen einzelnen Algorithmus, sondern um das lauffähige System selbst.",projektdefinition;anforderungen;entwurf;implementierung,0.85,,"Der Text beschreibt explizit: (1) Projektdefinition/Motivation ('necessity and intensity of cooperation, high fraction of communication...'), (2) Anforderungen ('The starting point... is neither an established (business) process... but rather individual needs... explored by means of expert and focal group interviews'), (3) Entwurf ('a phases model on different levels of complexity is worked out... From this model the users’ needs... are determined'), (4) Implementierung ('Technically the applications are built upon software–platforms...', 'component model for one of these... is shown in figure 2'). Deployment/Betrieb wird nicht explizit als langfristige Nutzung beschrieben.",full_stack_application;middleware_service,0.8,,"Die Digital Companions sind als 'mobile, interactive and context-sensitive systems' beschrieben, die auf verschiedenen Hardware-Plattformen (PDAs, Smartphones, Web) laufen und Sensoren/Aktoren nutzen können – dies deutet auf eine Full-Stack-Anwendung hin. Zudem werden sie auf einer technischen Plattform des Fraunhofer ISST aufgebaut, was auf Middleware/Dienstorientierung hindeutet (vgl. 'software–platforms developed by the Fraunhofer ISST').",insufficient_information,1.0,,"Es werden keine konkreten Programmiersprachen, Frameworks oder Technologien explizit genannt. Die Plattform des Fraunhofer ISST wird erwähnt, aber ohne technische Details.",conceptual_evaluation,0.7,,"Der Text erwähnt, dass die Anwendungen auf Basis von Interviews mit Experten und Fokusgruppen entwickelt wurden ('The structure of the group and the very needs of its members is explored by means of expert and focal group interviews'). Dies deutet auf eine konzeptionelle Evaluation durch Expert:innen hin. Technische Tests oder empirische Studien mit Versuchspersonen werden nicht explizit beschrieben.",,
lni331/B2-4,lni331,B2-4.pdf,lni331/B2-4.pdf,Detection of Generated Text Reviews by Leveraging Methods from Authorship Attribution: Predictive Performance vs. Resourcefulness,"Manfred Moosleitner, Günther Specht, Eva Zangerle",mistral-medium-3.5-128b,rse_typology_prompt_v1,run_1,1,1.0,"Die Publikation beschreibt explizit die Entwicklung und Anwendung von Software zur Detektion generierter Textbewertungen. Es wird ein Git-Repository mit dem Code der Experimente und Analysen veröffentlicht (https://git.uibk.ac.at/c7031305/btw23_textreviewdetection), was auf eigene Implementierungsleistung hinweist. Zudem werden konkrete Bibliotheken und Tools wie scikit-learn, Stanza, tuhlbox und treegrams genannt, die in der eigenen Software integriert wurden.",datenanalyse,1.0,,Die Software dient primär der Analyse von Textdaten (Detektion generierter Bewertungen) für ein explizites Forschungsziel. Dies wird im Abstract und im Methodik-Abschnitt klar beschrieben: 'We investigate the performance of features prominently used for authorship attribution' und 'We show that features and methods from authorship attribution can be successfully applied for the task of detecting generated text reviews'.,implementierung;testen_qualitaetssicherung,1.0,,"Die Publikation beschreibt die Implementierung der Software (z. B. Verwendung von scikit-learn, Stanza, tuhlbox, treegrams) sowie ausführliche Tests und Evaluierungen (z. B. 'stratified ten-fold cross-validation', 'F1, precision, and recall', 'runtime performance', 'memory usage').",analysis_pipeline,1.0,,"Die Software ist eine Analyse-Pipeline zur Verarbeitung und Klassifikation von Textdaten. Dies wird durch die Beschreibung der Feature-Extraktion (textfeatures, dtgrams, ngrams) und der Klassifikationsalgorithmen (SVM, Decision Trees) belegt. Die Pipeline liest Daten ein, transformiert sie (Feature-Extraktion) und wendet Klassifikationsmodelle an.",python,1.0,,"Die Publikation nennt explizit Python-Bibliotheken wie scikit-learn, Stanza, tuhlbox, treegrams, memory-profiler und LightGBM, was auf die Verwendung von Python als Programmiersprache hinweist.",benchmarking;performance_evaluation;testing,1.0,,"Die Software wird auf einem Standard-Datensatz (Salminen et al. [Sa22]) evaluiert (Benchmarking). Zudem werden Performance-Metriken wie F1, Precision, Recall (testing) sowie Laufzeit und Speicherverbrauch (performance_evaluation) gemessen und verglichen.",,
lni5/08,lni5,08.pdf,lni5/08.pdf,UML Metamodel Extensions for Specifying Functional Requirements of Mechatronic Components in Vehicles,"Jörg Petersen, Torsten Bertram",mistral-medium-3.5-128b,rse_typology_prompt_v1,run_1,1,1.0,"Die Publikation beschreibt die Implementierung eines Prototyps eines OCL-Checkers in Java, der explizit als Teil der Arbeit entwickelt wurde (vgl. Abstract: 'a prototype checker of OCL expressions realised in Java'). Dies erfüllt die Kriterien für Forschungssoftware, da es sich um eine eigene Entwicklungsleistung handelt, die im Rahmen der Forschung erstellt wurde.",product_result,0.95,,"Der OCL-Checker ist ein konkretes Produkt der Forschung, das als Prototyp implementiert wurde, um die formalisierten UML-Metamodell-Erweiterungen zu überprüfen. Der Fokus liegt auf dem lauffähigen System selbst (vgl. 'a prototype checker of OCL expressions realised in Java').",entwurf;implementierung;testen_qualitaetssicherung,0.95,,"Die Publikation behandelt den Entwurf der UML-Metamodell-Erweiterungen (vgl. Abschnitt 3), die Implementierung des OCL-Checkers in Java (vgl. Abstract) sowie die automatisierte Konsistenzprüfung von CARTRONIC-UML-Modellen (vgl. Abschnitt 3.5: 'formalised constraints allow an automated consistency check').",full_stack_application,0.8,,"Der OCL-Checker ist eine eigenständige Anwendung, die als Prototyp implementiert wurde, um UML-Modelle zu überprüfen. Es handelt sich nicht um eine Bibliothek oder ein Framework, sondern um ein Werkzeug, das eine spezifische Aufgabe erfüllt (vgl. 'prototype checker of OCL expressions realised in Java').",java_jvm;xml_xsd,1.0,,Die Implementierung des OCL-Checkers erfolgte explizit in Java (vgl. Abstract: 'realised in Java'). Zudem wird XML als Exportformat für die CARTRONIC-UML-Modelle und das Metamodell genannt (vgl. 'CARTRONIC XML file format').,testing,0.9,,Der OCL-Checker wird zur automatisierten Konsistenzprüfung von CARTRONIC-UML-Modellen eingesetzt (vgl. Abschnitt 3.5: 'formalised constraints allow an automated consistency check of given CARTRONIC UML models'). Dies entspricht einer technischen Evaluation der Korrektheit der Modelle.,,
lni50/GI-Proceedings.50-20,lni50,GI-Proceedings.50-20.pdf,lni50/GI-Proceedings.50-20.pdf,"On the Use of Modular Routers for Implementing Multicast Communications in Hybrid Ad hoc Networks Pedro M. Ruiz∗, Antonio F. Gomez-Skarmeta, Francisco J. Galera {pedrom, skarmeta, fran}@dif.um.es Abstract: Current solutions for the speciﬁc problem of IP Multicast inter-working","between IP access networks and wireless and mobile ad hoc networks are not able to work with standard IP multicast routers. We propose the MMARP protocol which is able to provide a smooth interoperation without an impairment in the overall per- formance. Modular routers are arousing a great interest, although some people have concerns regarding their performance. We show by comparing a C++ and a Click-",mistral-medium-3.5-128b,rse_typology_prompt_v1,run_1,1,1.0,"Die Publikation beschreibt die Entwicklung und Implementierung des MMARP-Protokolls (Multicast MAnet Routing Protocol) sowie dessen Umsetzung in zwei Varianten: eine C++-Implementierung und eine Click-basierte Implementierung. Beide sind explizit als eigene Entwicklungsleistungen dargestellt, die für den Forschungszweck (nahtlose Integration von Multicast-Ad-hoc-Netzwerken mit festen IP-Netzwerken) erstellt wurden. Zudem wird ein Testbed zur empirischen Evaluation der Implementierungen beschrieben.",product_result,0.95,,Das MMARP-Protokoll und seine Implementierungen (C++ und Click-basiert) sind das zentrale Ergebnis der Forschung. Der Beitrag liegt im Bau und der Integration des lauffähigen Systems (vgl. Abstract: 'We propose the MMARP protocol which is able to provide a smooth interoperation' und Text: 'We have described our implementation of MMARP using Click').,entwurf;implementierung;testen_qualitaetssicherung,1.0,,"Der Entwurf des MMARP-Protokolls wird in Abschnitt 2 detailliert beschrieben (Architektur, Mechanismen wie MIGs, MF FLAG, etc.). Die Implementierung wird explizit in C++ und Click erwähnt (Abstract: 'comparing a C++ and a Click-based implementation'). Die Evaluation (Testen) erfolgt im Testbed (Abschnitt 3: 'We have set up an indoor 802.11b multicast wired-to-wireless ad hoc network testbed to evaluate the feasibility of our implementation').",middleware_service,0.9,,"MMARP ist ein Protokoll zur Vermittlung zwischen Ad-hoc-Netzwerken und festen IP-Netzwerken, das als verbindende Schicht (Middleware) agiert. Es wird als Routing-Protokoll beschrieben, das die Interoperabilität zwischen verschiedenen Netzwerktypen ermöglicht (vgl. Abstract und Abschnitt 2: 'seamless integration of multicast ad hoc networks with fixed IP networks').",c_cpp;click_modular_router,1.0,click_modular_router,"Die Implementierungen werden explizit in C++ und mit dem Click Modular Router Framework umgesetzt (Abstract: 'comparing a C++ and a Click-based implementation'; Text: 'our Click-based implementation'). 'Click' ist kein Standard-Eintrag, daher Vorschlag als neue Subkategorie.",performance_evaluation;empirical_study,1.0,,"Die Evaluation erfolgt durch empirische Experimente im Testbed (Abschnitt 3: 'We have performed several experiments using different constant bit data rates at the source'). Die Metriken umfassen Paketverluste und Performance-Vergleiche zwischen den Implementierungen (vgl. Figuren 3a und 3b: 'Total losses', 'Loss rate').",,
lni50/GI-Proceedings.50-8,lni50,GI-Proceedings.50-8.pdf,lni50/GI-Proceedings.50-8.pdf,Enhancing UML by Safety-Related Constructs,Shourong Lu,mistral-medium-3.5-128b,rse_typology_prompt_v1,run_1,0,1.0,"Die Publikation beschreibt ein Konzept zur Erweiterung von UML um sicherheitsrelevante Konstrukte (z. B. PEARL-Subsets, Function Block Diagrams) und die Definition von Stereotypen/Profilen für die Modellierung sicherheitskritischer Systeme. Es handelt sich um eine rein konzeptionelle Arbeit ohne Implementierung, Code, Algorithmen oder ausführbare Software. Die beschriebenen UML-Erweiterungen sind Spezifikationen/Metamodelle, keine umgesetzte Forschungssoftware.",,,,,,,,,,,,,,,,,,,,,,
lni35/GI-Proceedings.35-13,lni35,GI-Proceedings.35-13.pdf,lni35/GI-Proceedings.35-13.pdf,Offene Systeme in der Frühphase des Internet,Michael Friedewald,mistral-medium-3.5-128b,rse_typology_prompt_v1,run_1,0,1.0,"Die Publikation beschreibt die historische Entwicklung des Konzepts der 'offenen Systeme' und des OSI-Referenzmodells als Standardisierungsbemühung. Es werden keine konkreten Implementierungen, Quellcode-Dateien, Algorithmen oder eigene Entwicklungsleistungen an Software beschrieben. Stattdessen liegt der Fokus auf der Diskussion von Konzepten, Standards und politischen/ökonomischen Rahmenbedingungen. Die genannten Protokolle (z. B. TCP/IP, X.25) sind bestehende, extern entwickelte Standards, deren Anwendung oder Referenzierung allein nicht als Forschungssoftware gilt.",,,,,,,,,,,,,,,,,,,,,,
Modellierung_2022_WS/paper12,Modellierung_2022_WS,paper12.pdf,Modellierung_2022_WS/paper12.pdf,"J. Michael, J. Pfeiffer, A. Wortmann (Hrsg.): Modellierung 2022 Satellite Events,","Digital Library, Gesellschaft für Informatik e.V. Digital Shadows for Cross-Organizational Data Exchange István Koren",mistral-medium-3.5-128b,rse_typology_prompt_v1,run_1,0,1.0,"Die Publikation beschreibt ein konzeptionelles Modell für digitale Schatten (Digital Shadows) und deren Erweiterung für den datenübergreifenden Austausch zwischen Organisationen. Es handelt sich um eine Vision, ein Metamodell und Vorschläge für zukünftige Forschung (z. B. Code-Generierung für Schnittstellen wie OpenAPI/GraphQL). Es gibt keine Hinweise darauf, dass in der Arbeit selbst Forschungssoftware implementiert, erweitert oder angepasst wurde. Die genannten Konzepte (z. B. federierte digitale Schatten) sind rein theoretisch und nicht als lauffähige Software umgesetzt.",,,,,,,,,,,,,,,,,,,,,,
lni36/GI-Proceedings.36-17,lni36,GI-Proceedings.36-17.pdf,lni36/GI-Proceedings.36-17.pdf,"Zuverlässige Software durch den Einsatz von UML, MDA und der Programmiersprache Ada","Jörg Matthes , Hubert B. Keller , Wolf-Dieter Heker, M. Kersten , Christian Fouda",mistral-medium-3.5-128b,rse_typology_prompt_v1,run_1,1,1.0,"Die Publikation beschreibt die Entwicklung des INSPECT-Systems, eines verteilten Client/Server-Systems für den industriellen Dauerbetrieb, das explizit als Forschungssoftware implementiert wurde (UML-Modellierung, MDA-Transformation, Codegenerierung in Ada/Java). Die Software wurde im Rahmen des Projekts erstellt und ist kein rein kommerzielles Produkt.",product_result,1.0,,"Das INSPECT-System ist das primäre Ergebnis der Forschung: Es handelt sich um ein lauffähiges, verteiltes Prozesssteuerungssystem, das als Referenzimplementierung für modellbasierte Softwareentwicklung (UML/MDA) dient. Der Text betont, dass der Fokus auf der logischen Korrektheit des Modells (PIM) und dessen Transformation in Code lag (vgl. Abschnitt 6: 'das zugehörige UML-Modell [...] wird auf etwa 150 Ada Pakete abgebildet').",projektdefinition;anforderungen;entwurf;implementierung;testen_qualitaetssicherung,1.0,,"Die Publikation deckt mehrere Phasen ab: (1) Projektdefinition (Motivation/Problemraum, z. B. Chaos Report-Analyse), (2) Anforderungen (implizit durch die Beschreibung der Systemanforderungen für INSPECT), (3) Entwurf (UML-Profilierung, MDA-Transformation, Statecharts/Klassendiagramme), (4) Implementierung (Codegenerierung in Ada/Java via StP-Werkzeug), (5) Testen/Qualitätssicherung (implizit durch die Betonung von Fehlerreduktion und modellbasierter Korrektheit, z. B. 'Fehler in der Entwicklung eingebaut werden' → Vermeidung durch modellzentriertes Arbeiten).",full_stack_application;middleware_service,1.0,,"INSPECT ist ein verteiltes Client/Server-System (full_stack_application) mit Middleware-Charakter (Kommunikation zwischen Clients/Server über TCP/IP, Datenverteilung, Archivierung). Der Text beschreibt explizit: 'Der Inspect-Server ist [...] für die Sammlung, die Verteilung und die Archivierung von Prozessdaten zuständig' (Middleware-Funktionalität).",java_jvm;ada,1.0,,Der Text nennt explizit die Umsetzung des UML-Modells in Ada ('Transformation des Inspect-UML-Profils auf Ada 95') und Java ('Für Teile des Systems wurde die Umsetzung auch nach Java realisiert').,testing;performance_evaluation,0.9,,"Die Evaluation erfolgt primär durch (1) Testing: Die modellbasierte Entwicklung zielt auf Fehlerreduktion ab (vgl. 'Fehler in der Entwicklung eingebaut werden' → Vermeidung durch PIM/PSM-Transformation). (2) Performance-Evaluation: Der Text quantifiziert Kosten- und Fehlerersparnis ('Einsparung am Gesamtaufwand [...] von ca. 30%-35% realistisch'), was auf eine Effizienzbewertung hindeutet. Keine Usability-Studie oder empirische Studie mit Versuchspersonen.",,
lni326/trustai_03,lni326,trustai_03.pdf,lni326/trustai_03.pdf,Measuring Gender Bias in German Language Generation,"Angelie Kraft, Hans-Peter Zorn , Pascal Fecht , Judith Simon , Chris Biemann, Ricardo Usbeck",mistral-medium-3.5-128b,rse_typology_prompt_v1,run_1,1,1.0,"Die Publikation beschreibt die Entwicklung eines deutschen Regard-Klassifikators, der auf einem neu erstellten, crowd-gesourcten Datensatz basiert. Zudem wird die Implementierung von Analyse-Pipelines zur Messung von Gender-Bias in Sprachmodellen (GerPT-2, GPT-3) explizit erwähnt. Der Quellcode, die Daten und der Klassifikator sind in einem Online-Repository veröffentlicht (vgl. Fußnote 4: GitHub-Link).",datenanalyse,1.0,,"Die Forschungssoftware (Regard-Klassifikator und Analyse-Pipelines) wird primär zur Datenanalyse eingesetzt, um Gender-Bias in generierten Texten zu messen (vgl. Abschnitte 3.2, 4.1 und 4.2).",entwurf;implementierung;testen_qualitaetssicherung,1.0,,"Die Publikation beschreibt den Entwurf (Architektur des Klassifikators, Abschnitt 3.2), die Implementierung (Training des Modells, Abschnitt 3.2) und das Testen/Qualitätssicherung (Evaluierung der Klassifikatorgenauigkeit, Abschnitt 3.2, und Bias-Analyse, Abschnitt 4).",ml_model;analysis_pipeline,1.0,,Der Regard-Klassifikator ist ein trainiertes ML-Modell (vgl. Abschnitt 3.2: SentenceBERT-basierter Klassifikator). Zudem werden Analyse-Pipelines zur Auswertung der Sprachmodell-Ausgaben beschrieben (vgl. Abschnitte 4.1 und 4.2).,python,1.0,,"Die Verwendung von Python ist durch die explizite Nennung der Hugging Face Transformers-Bibliothek (Abschnitt 3.2) und PyTorch Lightning (Abschnitt B, Anhang) belegt, die beide Python-basiert sind.",testing;benchmarking;empirical_study,1.0,,"Die Software wird technisch getestet (Genauigkeit des Klassifikators, Abschnitt 3.2), auf Benchmark-Datensätzen evaluiert (Vergleich mit dem englischen Klassifikator von Sheng et al., Abschnitt 3.2) und in einer empirischen Studie zur Messung von Gender-Bias in Sprachmodellen eingesetzt (Abschnitte 4.1 und 4.2).",,
lni356/Moritz-Kreinsen,lni356,Moritz-Kreinsen.pdf,lni356/Moritz-Kreinsen.pdf,A project-based AI and Data Education Concept for STEM Teacher Education in Teaching-Learning-Labs,"Moritz Kreinsen , Maimon Thiems , Sandra Sprenger , and Sandra Schulz",mistral-medium-3.5-128b,rse_typology_prompt_v1,run_1,1,1.0,"Die Publikation beschreibt die Entwicklung und Anpassung von Lehrmaterialien sowie die Implementierung einer App (Plant Detection App) mit MIT App Inventor und der Integration eines Machine-Learning-Modells (Machine Learning for Kids). Dies stellt eine eigene Entwicklungsleistung dar, die im Rahmen der Forschung umgesetzt wurde, um pädagogische Konzepte für KI-Bildung zu evaluieren.",human_facing_intervention,0.95,,"Die entwickelte App dient als Mensch-zugewandte Intervention, mit der Schulklassen und Lehramtsstudierende interagieren, um KI-Konzepte (z. B. Bildklassifikation) praktisch zu erleben und zu lernen. Dies ist explizit im Text beschrieben (Abschnitt 3 und 4).",entwurf;implementierung;testen_qualitaetssicherung,0.9,,"Der Text beschreibt den Entwurf der Lehrmaterialien und der App-Architektur (z. B. Integration von Machine Learning for Kids und MIT App Inventor), die Implementierung der App durch die Studierenden sowie das Testen der App im Feld (z. B. Feld-Exkursionen, Abschnitt 3 und 4).",full_stack_application;plugin_extension,0.95,,"Die App ist eine Full-Stack-Anwendung (Frontend mit MIT App Inventor, Backend über Machine Learning for Kids API). Zudem wird explizit eine Erweiterung (ML4KComponent) für MIT App Inventor verwendet, die als Plugin/Erweiterung klassifiziert wird (Abschnitt 4).",javascript_web,0.8,,"MIT App Inventor generiert typischerweise JavaScript/Blockly-Code für die App-Logik, was als implizite Nutzung von JavaScript/TypeScript gewertet werden kann. Dies ist eine plausible, aber nicht explizit benannte Annahme, daher leicht reduzierte Sicherheit.",usability_study;empirical_study,0.9,,"Die Evaluation umfasst eine Usability-Studie (Feedback der Lehramtsstudierenden zu den Aktivitäten, z. B. Online-Fragebogen) und eine empirische Studie (Beobachtung der Motivation und Herausforderungen der Schulklassen während der Nutzung der App, Abschnitt 5).",,
lni52/GI.-.Proceedings.52-48,lni52,GI.-.Proceedings.52-48.pdf,lni52/GI.-.Proceedings.52-48.pdf,Muster für interaktive Inhalte,"Christian Kohls, Tobias Windbrake",mistral-medium-3.5-128b,rse_typology_prompt_v1,run_1,1,1.0,"Die Publikation beschreibt die Entwicklung und Implementierung von ActiveSlide, einem multimedialen Autorenwerkzeug mit einer Bibliothek interaktiver Verhaltensmuster. Dies stellt eine eigene Entwicklungsleistung dar, die explizit umgesetzt wurde (z. B. visuelle Sprachkonzepte, Katalog mit Mustern, Bereitstellung einsatzbereiter Interaktionsmuster). Die Software dient der Aufbereitung von Wissen in Form von Präsentationen oder Lernkursen, was als Forschungszweck (z. B. Förderung von Lernmotivation, situiertes Lernen) interpretiert werden kann.",product_result,0.95,,"Die Software ActiveSlide ist das zentrale Ergebnis der beschriebenen Arbeit. Der Beitrag liegt im Bau des Systems selbst (Autorenwerkzeug mit Bibliothek interaktiver Muster), nicht in der Analyse oder Simulation eines übergeordneten Forschungsziels. Der Text betont die Bereitstellung der Muster 'ohne Programmieraufwand' als Kerninnovation.",entwurf;implementierung,0.9,,"Der Text beschreibt explizit den Entwurf (Katalog mit Mustern, Schema für Interaktionsformen) und die Implementierung (visuelle Sprachkonzepte in ActiveSlide, Bereitstellung der Muster). Es gibt keine Hinweise auf Testen, Deployment oder Betrieb.",full_stack_application,0.85,,"ActiveSlide wird als multimediales Autorenwerkzeug beschrieben, das interaktive Inhalte (Präsentationen, Lernkurse) ermöglicht. Dies deutet auf eine Full-Stack-Anwendung hin, die Frontend- und Backend-Funktionalität (z. B. ereignisgesteuerte Skriptsprachen, visuelle Sprachkonzepte) vereint. Keine explizite Nennung von Bibliotheken oder Plugins.",insufficient_information,1.0,,"Es werden keine konkreten Programmiersprachen, Frameworks oder Technologien genannt. Die Erwähnung von 'ereignisgesteuerten Skriptsprachen' ist zu allgemein, um eine spezifische Technologie abzuleiten.",,1.0,,"Der Text enthält keine Hinweise auf eine Evaluation der Software (z. B. Tests, Usability-Studien, empirische Studien). Die Beschreibung konzentriert sich auf den Entwurf und die Implementierung.",,
lni133/110,lni133,110.pdf,lni133/110.pdf,Security Architecture for Distributed Medical,"Information Systems Luigi LO IACONO, Hariharan RAJASEKARAN",mistral-medium-3.5-128b,rse_typology_prompt_v1,run_1,1,1.0,"Die Publikation beschreibt die Entwicklung und Implementierung der @neurIST-Sicherheitsarchitektur, die explizit als Teil des Systems umgesetzt wurde (z. B. VO- und Trust-Modell, STS, XACML-Policies, Pseudonymisierungsmechanismen). Es handelt sich um eine konkrete, implementierte Softwarelösung für ein Forschungsprojekt, die über reine Konzepte hinausgeht.",product_result,1.0,,"Die Sicherheitsarchitektur ist das zentrale Ergebnis der Arbeit und wird als integriertes System beschrieben, das bestehende Komponenten (z. B. OGSA-DAI, SAML, XACML) neu kombiniert und für den spezifischen Anwendungsfall anpasst. Der Fokus liegt auf dem lauffähigen System als Forschungsprodukt (vgl. Abschnitte 3 und 4).",entwurf;implementierung,1.0,,"Der Text beschreibt detailliert den Entwurf der Sicherheitsarchitektur (z. B. VO-Modell, Trust-Modell, Access-Control-Policies in Abschnitt 3) sowie deren konkrete Umsetzung (z. B. STS, SAML-Tokens, XACML, Pseudonymisierungsmechanismen in Abschnitt 3.2 und 4).",middleware_service;full_stack_application,0.95,,"Die Software umfasst Middleware-Komponenten (z. B. @neuInfo als semantische Vermittlungsschicht, STS für Token-Verwaltung) sowie eine Full-Stack-Anwendung (z. B. die vier Software-Suiten @neuLink, @neuFuse, @neuEndo, @neuRisk). Die Abgrenzung ist klar durch die Beschreibung der Architektur (Abschnitt 2 und 3).",xml_xsd;java_jvm,0.9,,"SAML und XACML sind XML-basierte Standards (Abschnitt 3.2), was auf `xml_xsd` hindeutet. Die Nutzung von OGSA-DAI (Abschnitt 4) und die SOA-basierte Architektur (Abschnitt 1) deuten stark auf Java/JVM-Technologien hin, da OGSA-DAI typischerweise in Java implementiert ist. Dies ist eine implizite, aber gut belegte Annahme.",conceptual_evaluation,0.8,,"Die Publikation stellt das Konzept der Sicherheitsarchitektur vor und diskutiert dessen Eignung für den Anwendungsfall (z. B. Trust-Modell, Pseudonymisierung), aber es gibt keine explizite empirische Evaluation oder technische Tests. Die Bewertung erfolgt auf konzeptioneller Ebene (vgl. Abschnitte 3 und 4).",,
lni326/mlastro_01,lni326,mlastro_01.pdf,lni326/mlastro_01.pdf,Unification of Algorithms for Quantification and Unfolding,Mirko Bunse,mistral-medium-3.5-128b,rse_typology_prompt_v1,run_1,0,1.0,"Die Publikation beschreibt ein theoretisches Framework zur Vereinheitlichung von Algorithmen aus den Bereichen Quantification und Unfolding. Es werden keine konkreten Implementierungen, Quellcode-Dateien, Skripte oder ausführbare Programme erwähnt, die im Rahmen der Arbeit erstellt, erweitert oder angepasst wurden. Die Arbeit bleibt auf konzeptioneller Ebene (mathematische Formulierungen, Algorithmenbeschreibungen) und verweist auf bestehende Methoden, ohne eigene Entwicklungsleistung an Software zu dokumentieren.",,,,,,,,,,,,,,,,,,,,,,
lni67/GI-Proceedings.67-14,lni67,GI-Proceedings.67-14.pdf,lni67/GI-Proceedings.67-14.pdf,Nutzen und Herausforderungen einer Enterprise Services Architecture Claus von Riegen Platform Ecosystem Industry Standards SAP AG,Neurottstrasse D- Walldorf,mistral-medium-3.5-128b,rse_typology_prompt_v1,run_1,0,1.0,"Die Publikation beschreibt Konzepte, Standards und Anwendungsmöglichkeiten von Web Services Technologien (z. B. BPEL4WS, UDDI, WS-Policy, WS-Security) im Kontext einer Enterprise Services Architecture. Es wird keine eigene Forschungssoftware entwickelt, implementiert oder angepasst. Stattdessen werden bestehende Standards und deren Einsatzmöglichkeiten analysiert und diskutiert, ohne dass eine konkrete, eigene Softwareumsetzung oder -erweiterung stattfindet. Die Arbeit ist rein konzeptionell und referenziert externe Technologien.",,,,,,,,,,,,,,,,,,,,,,
lni369/paper-52,lni369,paper-52.pdf,lni369/paper-52.pdf,VRsim_EU – AI Act: Exploring Educational Simulation Gaming in Virtual Reality,"Ulrike Mascher , David Fernes und Alexander Tillmann",mistral-medium-3.5-128b,rse_typology_prompt_v1,run_1,1,1.0,"Die Publikation beschreibt die Entwicklung eines VR-gestützten Simulationsspiel-Prototyps (VRsim_EU – AI Act) für Bildungszwecke, der explizit implementiert wurde (Unity, Blender, Photon Unity Networking, UltimateXR). Die Software dient als Forschungsgegenstand und -werkzeug zur Untersuchung von Lernprozessen in immersiven Umgebungen.",human_facing_intervention,1.0,,"Die Software ist eine VR-Anwendung, mit der Versuchspersonen (Lernende) interagieren, um Lernprozesse in einer simulierten Umgebung zu erforschen (vgl. Abschnitt 1.1 und 2).",projektdefinition;entwurf;implementierung,1.0,,"Die Publikation beschreibt die Projektdefinition (Motivation, Forschungsfragen), den Entwurf (didaktisches Szenario, virtuelle Umgebung) und die Implementierung (Unity, Blender, Photon Unity Networking, UltimateXR) des Prototyps (vgl. Abschnitte 1, 2.1, 2.2).",vr_application;full_stack_application,1.0,,"Die Software ist eine VR-Anwendung (explizit genannt: Meta Quest Platform, Unity, VR-Headsets) und eine Full-Stack-Anwendung (Frontend: VR-Umgebung, Backend: Multiuser-Funktionalität via Photon Unity Networking).",csharp_dotnet;javascript_web,0.9,,"Unity (C#/.NET) wird explizit als Entwicklungsplattform genannt. UltimateXR und Photon Unity Networking sind Frameworks, die typischerweise in Unity (C#) verwendet werden. Blender (für 3D-Modellierung) ist kein Techstack im Sinne von Programmiersprachen, daher nicht aufgenommen. Meta Quest Platform könnte auf JavaScript/TypeScript hindeuten, ist aber nicht explizit belegt – daher Unsicherheit.",planned;usability_study,1.0,,"Die Evaluation ist geplant (Test mit verschiedenen Zielgruppen, vgl. Abschnitt 1 und 3) und umfasst Usability-Aspekte (Feedback zur Verbesserung des Prototyps und Identifikation von Potenzialen/Herausforderungen, vgl. Abschnitt 1.2 und 2.2).",,
lni208/1047,lni208,1047.pdf,lni208/1047.pdf,Visualisation of Semantic Enrichment,"Alexa Schlegel, Ralf Heese, Annika Hinze Freie Universitaet Berlin, Germany",mistral-medium-3.5-128b,rse_typology_prompt_v1,run_1,1,1.0,"Die Publikation beschreibt die Entwicklung und Evaluation eines Prototyps für die Visualisierung semantischer Annotationen (z. B. Bar- und Border-Layouts). Dieser Prototyp wurde explizit implementiert und in einer Nutzerstudie evaluiert, was auf eigene Entwicklungsleistung hinweist. Zudem wird die Software 'loomp' erwähnt, die für das Management semantischer Anreicherung verwendet wird und im Kontext der Arbeit weiterentwickelt oder angepasst wurde.",human_facing_intervention,0.95,,"Der Prototyp dient primär als Werkzeug für Nicht-Experten, um Texte manuell mit semantischen Annotationen anzureichern. Die Nutzerstudie zeigt, dass die Software direkt mit Versuchspersonen interagiert, um die Visualisierung und Erstellung von Annotationen zu unterstützen (vgl. Abschnitte 4 und 5).",entwurf;implementierung;testen_qualitaetssicherung,1.0,,"Die Publikation beschreibt den Entwurf (z. B. zwei Layout-Alternativen für die Visualisierung), die Implementierung (Prototyp in HTML/JavaScript, vgl. Abschnitt 4: 'We explored two layout alternatives for visualising semantic annotations and their linkage to the text atoms. Here we summarise and discuss our results and their design implications for tools creating semantic annotations.') und die Evaluation (Usability-Studie, vgl. Abschnitte 4 und 5).",full_stack_application,0.9,,"Der Prototyp ist eine webbasierte Anwendung (vgl. 'prototype implementation' und 'HTML and JavaScript' in Abschnitt 4), die Frontend- und Backend-Logik für die Visualisierung und Interaktion mit Annotationen bereitstellt. 'loomp' wird als Tool für das Management semantischer Anreicherung beschrieben, was ebenfalls auf eine Full-Stack-Anwendung hindeutet.",javascript_web,1.0,,Die Implementierung des Prototyps erfolgt explizit mit HTML und JavaScript (vgl. Abschnitt 4: 'We explored two layout alternatives [...] using HTML and JavaScript').,usability_study,1.0,,"Die Publikation beschreibt eine Nutzerstudie mit 12 Nicht-Experten, die die Usability der beiden Layout-Alternativen (Bar und Border) evaluiert. Die Studie umfasst qualitative Feedback-Runden und quantitative Bewertungen (vgl. Abschnitte 4 und 5).",,
lni151/gi-proc-151-006,lni151,gi-proc-151-006.pdf,lni151/gi-proc-151-006.pdf,An Environment for,Modeling Workflow Components Colin Atkinson and Dietmar Stoll,mistral-medium-3.5-128b,rse_typology_prompt_v1,run_1,1,1.0,"Die Publikation beschreibt die Entwicklung und prototypische Implementierung einer Integrated Development Environment (IDE) im AristaFlow-Projekt, die explizit für die Modellierung, Entwicklung und Integration von Workflow-Komponenten erstellt wurde. Die IDE ist ein konkretes, implementiertes System, das als Forschungssoftware dient (vgl. Text: 'This paper describes the approach to component modeling and development within the AristaFlow project and the integrated development environment (IDE) created to support it.').",product_result,1.0,,"Die IDE ist das primäre Ergebnis der Forschung im AristaFlow-Projekt. Der Text betont, dass die IDE entwickelt wurde, um die Vision des 'plug and play'-Ansatzes für Workflow-Komponenten zu unterstützen (vgl. 'The goal of the AristaFlow project was to develop and prototypically implement a platform to support the whole lifecycle of flexible, process-aware information systems'). Die Software selbst ist der Beitrag, nicht nur ein Mittel zur Beantwortung einer Forschungsfrage.",projektdefinition;anforderungen;entwurf;implementierung;testen_qualitaetssicherung,1.0,,"Der Text deckt mehrere Phasen ab: (1) Projektdefinition (Vision des 'plug and play'-Ansatzes, vgl. Abstract), (2) Anforderungen (Spezifikation von Komponenten mit semantisch reichen Beschreibungen, vgl. Abschnitt 1 und 2), (3) Entwurf (Modellierungsumgebung mit multiplen Views, vgl. Abschnitt 3 und 4), (4) Implementierung (Beschreibung der IDE als Eclipse-basiertes System, vgl. Abschnitt 2.1 und 5), (5) Testen/Qualitätssicherung (automatisierte Kompatibilitätsprüfungen, Pre-/Post-Conditions, vgl. Abschnitt 2.1 und 3).",full_stack_application;middleware_service,1.0,,"Die IDE ist eine Full-Stack-Anwendung (Eclipse-basiert, vgl. 'The AristaFlow IDE is therefore built upon an existing, well known and extensible development environment - namely the Eclipse environment.') und dient gleichzeitig als Middleware/Dienst für die Integration von Workflow-Komponenten (vgl. 'middleware_service' als Oberkategorie für Workflow-Management-Systeme, vgl. Abschnitt 2: 'The AristaFlow project aims to cover the whole lifecycle of components from their initial development to their use in workflow management systems').",java_jvm;xml_xsd,0.9,,"Eclipse ist primär in Java implementiert (vgl. 'The AristaFlow IDE is therefore built upon an existing, well known and extensible development environment - namely the Eclipse environment.'). Zudem werden XML-basierte Standards wie RAS (Reusable Asset Specification) erwähnt (vgl. 'all artifacts can be packaged and saved in a single file in the Reusable Asset Specification (RAS) format').",testing;conceptual_evaluation,0.9,,"Der Text beschreibt (1) technische Tests (vgl. 'protocol checkers can be employed. These make sure that a process modeler can plug operations into a workflow schema only in a way that obeys the constraints', Abschnitt 2.1) und (2) konzeptionelle Evaluation durch die Vorstellung des Gesamtansatzes (vgl. 'The developed IDE makes two major contributions to the state of the art', Abschnitt 6). Eine empirische Evaluation mit Versuchspersonen oder Benchmarking wird nicht explizit beschrieben.",,
lni299/GIL_2020_Klose_133-138,lni299,GIL_2020_Klose_133-138.pdf,lni299/GIL_2020_Klose_133-138.pdf,"M. Gandorfer et al.: Digitalisierung für Mensch, Umwelt und Tier, Lecture Notes in Informatics (LNI), Gesellschaft für Informatik, Bonn 2020 133 Datenaufbereitung in der Landwirtschaft durch automatisierte semantische Annotation Basis für vielfältige Smarte Dienste","Julian Klose, Markus Schröder, Silke Becker, Ansgar Bernardi und Arno Ruckelshausen",mistral-medium-3.5-128b,rse_typology_prompt_v1,run_1,1,1.0,"Die Publikation beschreibt die Entwicklung und Implementierung der Plattform 'SDSD' inkl. der kollaborativen Wikinormia, Parser, semantische Aufbereitung von Daten (Geo-Informationen, Zeitreihen, Wissensgraph) sowie Smarte Dienste. Es handelt sich um eine konkrete, umgesetzte Softwarelösung mit Prototyp (https://app.sdsd-projekt.de), die im Rahmen des Forschungsprojekts erstellt wurde. Die Software ist das zentrale Ergebnis der Forschung (Systemarchitektur + Referenzimplementierung).",product_result,1.0,,"Die Software (SDSD-Plattform inkl. Wikinormia, Parser, Datenaufbereitung und Dienste) ist das primäre Ergebnis der Forschung. Der Text betont die Umsetzung als Prototyp und die Bereitstellung eines lauffähigen Systems ('Dieses System aus der Bereitstellung von Smarten Daten für Smarte Dienste zeigt erste Erfolge'). Es geht nicht um die Evaluation eines einzelnen Algorithmus, sondern um das integrierte System selbst.",projektdefinition;anforderungen;entwurf;implementierung;deployment_betrieb,0.95,,"Der Text beschreibt alle Phasen: Projektdefinition/Motivation (Herausforderungen in der Landwirtschaft, S. 133–134), Anforderungen (Datenhoheit, Formatbrüche, S. 133), Entwurf (Architektur mit Wikinormia, Polyglotter Speicher, S. 135–136), Implementierung (Parser, Datenbanken, Prototyp, S. 136–137) und Deployment/Betrieb (Prototyp unter https://app.sdsd-projekt.de, S. 137). Testen/Qualitätssicherung wird nicht explizit erwähnt.",full_stack_application;middleware_service,0.95,,"Die SDSD-Plattform ist eine Full-Stack-Anwendung (Webinterface + Backend-Dienste, S. 135: 'Über agrirouter oder unser Webinterface ist ein kontrolliertes Speichern von Daten möglich'). Gleichzeitig fungiert sie als Middleware/Dienst (Query-Schnittstelle für Smarte Dienste, S. 134: 'Dienste können [...] über eine Query-Schnittstelle abfragen'). Die Parser und Datenaufbereitung sind Teil der Anwendung, nicht eigenständige Bibliotheken.",xml_xsd;sql_db,0.9,,"Explizit genannt: ISOXML (XML-basiertes Format, S. 136) und Datenbanken (MongoDB, Cassandra, Stardog Triplestore, S. 136–137). RDF (S. 135) ist ein Standard, aber keine Programmiersprache/Technologie im Sinne von `techstack`. Keine explizite Nennung von Programmiersprachen, daher keine Spekulation.",conceptual_evaluation;empirical_study,0.85,,"Konzeptionelle Evaluation: Vorstellung des Systems und seiner Komponenten (S. 134–137). Empirische Studie: Demonstration des Nutzens mit 'repräsentativen Diensten' (S. 134: 'Wir demonstrieren den Nutzen mit einer Reihe von repräsentativen Diensten aus der Landwirtschaft') und konkrete Anwendung des Zeitreihen-Trennungs-Dienstes (Abb. 3, S. 137). Keine expliziten technischen Tests (Unit/Integration) oder Benchmarks erwähnt.",,
lni322/DELFI_2022_013,lni322,DELFI_2022_013.pdf,lni322/DELFI_2022_013.pdf,doi: 10.18420/delfi2022-013 Zum Einfluss von Adaptivität auf die Interaktion mit Bildungstechnologien,Tobias Moebert,mistral-medium-3.5-128b,rse_typology_prompt_v1,run_1,1,1.0,"Die Publikation beschreibt zwei konkrete Forschungsprojekte (MOTIVATE und EMOTISK), in denen adaptive bildungstechnologische Lösungen entwickelt wurden: ein Autorensystem für mobile adaptive Mikrolernanwendungen und eine mobile adaptive Trainingsanwendung (E.V.A.). Beide Systeme wurden explizit als Teil der Forschung umgesetzt und sind damit Forschungssoftware.",human_facing_intervention,1.0,,"Die Software (MOTIVATE und E.V.A.) dient als System, mit dem Versuchspersonen (Lernende/Lehrende) direkt interagieren, um adaptive Lern- bzw. Trainingsinhalte zu nutzen. Dies entspricht der Kategorie 'human_facing_intervention'.",entwurf;implementierung;testen_qualitaetssicherung,0.9,,"Die Publikation beschreibt den Entwurf (Kapitel 3: Analysewerkzeug und Klassifizierung), die Implementierung (konkrete Projekte MOTIVATE und EMOTISK) sowie die Evaluation (qualitative Studie in Kapitel 4) der Software. 'Deployment/Betrieb' wird nicht explizit thematisiert, daher nicht aufgenommen.",full_stack_application,0.8,,Die beschriebenen Systeme (Autorensystem für Mikrolernanwendungen und adaptive Trainingsanwendung E.V.A.) sind vollständige Anwendungen mit Frontend (Nutzerinteraktion) und Backend (Adaptivitätslogik). Dies passt zu 'full_stack_application'.,insufficient_information,1.0,,"Es werden keine konkreten Programmiersprachen, Frameworks oder Technologien im Text genannt, die auf eine bestimmte Technologie schließen lassen. Daher 'insufficient_information'.",empirical_study;usability_study,0.95,,"Die Software wurde in einer qualitativen empirischen Studie (Interviews mit Nutzenden und Konstruktionsbeteiligten) evaluiert, um die Wahrnehmung von Komplexität zu untersuchen (Kapitel 4). Dies entspricht 'empirical_study' und 'usability_study' (da Nutzererfahrung im Fokus steht).",,
lni308/379 DELFI2020_paper_38,lni308,379 DELFI2020_paper_38.pdf,lni308/379 DELFI2020_paper_38.pdf,Zirkus Empathico 2.0 A serious mobile game for empathy enhancement in children with Autism Ahmed Hassan1 and Niels Pinkwart1 Abstract: The aim of the mobile app ‘Zirkus Empathico 2.0’ is to improve emotional empathy and social competencies in Pre-school children with autism spectrum disorder (ASD). The holistic idea,"of grounding is based on genuine results of empathy research. An examination of the app exposed its good usability and comprehensibility. The application ‘Zirkus Empathico .’ is scheduled to be thoroughly investigated in a longitudinal clinical dissect in children aged five to ten. Keywords: Serious games, Autism spectrum disorder, Social behavior in Autism, Emotional intelligence",mistral-medium-3.5-128b,rse_typology_prompt_v1,run_1,1,1.0,"Die Publikation beschreibt die Entwicklung und Implementierung der mobilen App 'Zirkus Empathico 2.0' als Serious Game zur Verbesserung von Empathie und sozialen Kompetenzen bei Kindern mit Autismus. Es handelt sich um eine konkrete, umgesetzte Software mit expliziten technischen Details (Unity 3D, Cordova Plugins, MVC-Paradigma) und neuen Features (User Profile, Multiplayer-Modul).",human_facing_intervention,1.0,,"Die Software ist ein Serious Game, mit dem Versuchspersonen (Kinder mit ASD) direkt interagieren, um Empathie und soziale Kompetenzen zu verbessern. Dies entspricht der Kategorie 'human_facing_intervention' (vgl. Abstract und Abschnitt 1: 'This article presents a SG that has been developed to enhance empathy in children with autism').",projektdefinition;entwurf;implementierung,1.0,,"Die Publikation beschreibt die Motivation und den Hintergrund (Projektdefinition, Abschnitt 1), das Game Concept und die Architektur (Entwurf, Abschnitt 2) sowie die konkrete Umsetzung in Unity 3D und Cordova Plugins (Implementierung, Abschnitt 2).",full_stack_application,1.0,,"Die Software ist eine mobile Full-Stack-Anwendung (Frontend + Backend) mit mehreren Modulen, entwickelt in Unity 3D und Cordova Plugins (vgl. Abschnitt 2: 'The mobile application ‘Zirkus Empathico 2.0’ consists of four distinct modules... Game is designed in Unity 3D with modular approach. Cordova plugins were used for internal app logics.').",javascript_web;csharp_dotnet,0.9,,Unity 3D wird typischerweise mit C# entwickelt (implizit belegt durch Unity 3D). Cordova Plugins deuten auf JavaScript/TypeScript hin (implizit belegt durch Cordova). Beide Technologien sind explizit im Text genannt (Abschnitt 2).,usability_study;planned,1.0,,"Die Publikation erwähnt eine Usability-Untersuchung ('An examination of the app exposed its good usability and comprehensibility', Abstract) sowie eine geplante longitudinale klinische Studie ('The application ‘Zirkus Empathico 2.0’ is scheduled to be thoroughly investigated in a longitudinal clinical dissect', Abstract).",,
lni173/41,lni173,41.pdf,lni173/41.pdf,Shape-based barrier estimation for RNAs,"Sergiy Bogomolov,⋄, Martin Mann,⋄, Björn Voß, Andreas Podelski and Rolf Backofen Software Engineering, Bioinformatics, Genetics and Experimental",mistral-medium-3.5-128b,rse_typology_prompt_v1,run_1,1,1.0,"Die Publikation beschreibt die Entwicklung und Implementierung der 'Shape Triples'-Meta-Heuristik sowie der 'Shape Network'-Methode zur Schätzung von Energiebarrieren in RNA-Strukturen. Diese Methoden sind als Algorithmen umgesetzt und in bestehende Tools (z. B. Vienna RNA Package, RNAshapes) integriert, was eine eigene Entwicklungsleistung darstellt. Zudem wird die Software explizit evaluiert (z. B. durch Vergleich mit bestehenden Heuristiken und exakten Barrierenberechnungen).",simulation_modellierung,0.95,,"Die Software dient der Modellierung und Simulation von RNA-Faltungsprozessen (RNA energy landscapes) und der Schätzung von Energiebarrieren zwischen RNA-Strukturen. Dies ist eine klassische Simulation/Modellierung eines realweltlichen Phänomens (hier: RNA-Faltung). Belegt durch den Abstract und die Methodenbeschreibung (z. B. 'investigate the refolding pathways', 'energy landscape', 'barrier height estimation').",entwurf;implementierung;testen_qualitaetssicherung,1.0,,"Die Publikation beschreibt den Entwurf der Shape Triples- und Shape Network-Methoden (Abschnitt 3: 'Methods'), die Implementierung (z. B. Integration in bestehende Tools wie Vienna RNA Package und RNAshapes, Abschnitt 2: 'Preliminaries' und 3: 'Methods') sowie die Evaluation durch Tests und Vergleiche mit exakten Barrierenberechnungen (Abschnitt 4: 'Results and Discussion').",analysis_pipeline;numerical_mathematical,0.95,,"Die Software ist eine Analyse-Pipeline zur Berechnung von Energiebarrieren (Sequenz von Schritten: RNA-Struktur-Analyse, Shape-Abstraktion, Barrieren-Schätzung) und gleichzeitig ein numerisch/mathematischer Berechnungskern (z. B. Algorithmen zur Barrieren-Schätzung, Floyd-Algorithmus für kürzeste Pfade). Belegt durch die Beschreibung der Methoden (z. B. 'Shape Triples meta-heuristic', 'Floyd algorithm', 'BFS heuristic').",c_cpp,0.8,,Die Publikation verweist auf die Nutzung des 'Vienna RNA Package' (implementiert in C) und der 'Energy Landscape Library' (vermutlich ebenfalls in C/C++). Dies ist ein starker Hinweis auf die Verwendung von C/C++. Explizit genannt in Abschnitt 2: 'We use the implementation from the Vienna RNA Package v1.7.2 within the Energy Landscape Library v3.2.0'.,benchmarking;performance_evaluation;testing,1.0,,"Die Software wird durch Benchmarking (Vergleich mit exakten Barrierenberechnungen und anderen Heuristiken wie BFS und MH, Abschnitt 4: 'Results and Discussion') evaluiert. Zudem wird die Performance (Laufzeit, Genauigkeit der Barrieren-Schätzung) analysiert (z. B. 'increased precision of the meta-heuristic', 'computation effort'). Technische Tests werden durch den Vergleich mit bekannten exakten Lösungen durchgeführt (z. B. 'exact barrier height can be determined').",,
lni150/175,lni150,175.pdf,lni150/175.pdf,Network Situational Awareness: A Representative Study,"Thomas Eskridge, David Lecoutre, Matt Johnson, Jeffrey M. Bradshaw",mistral-medium-3.5-128b,rse_typology_prompt_v1,run_1,0,1.0,"Die Publikation beschreibt und analysiert bestehende Netzwerk-Visualisierungssysteme (z. B. VIAssist, VisFlowConnect, Visitors) und diskutiert deren Ansätze, Stärken und Schwächen. Es wird keine eigene Forschungssoftware entwickelt, erweitert oder angepasst, sondern bestehende Systeme werden referenziert und konzeptionell bewertet. Die Arbeit ist eine Studie über den Stand der Technik, nicht eine Implementierung.",,,,,,,,,,,,,,,,,,,,,,
lni264/67,lni264,67.pdf,lni264/67.pdf,"D. H¨uhnlein, H. Roßnagel, C. Schunck, M. Talamo (Eds.): Open Identity Summit 2016, Lecture Notes in Informatics (LNI), Gesellschaft f¨ur Informatik, Bonn 2016 Architecture for Controlled Credential issuance Enhanced with Single Sign-On (ACCESSO)","Daniel Nemmert, Detlef Hühnlein, Tobias Wich, Tina Hühnlein",mistral-medium-3.5-128b,rse_typology_prompt_v1,run_1,1,0.95,"Die Publikation beschreibt die ACCESSO-Architektur, die explizit als 'novel and unified system architecture' für den Betriebssystem-Login mit verschiedenen eID-Tokens implementiert wurde. Es handelt sich um eine konkrete, umgesetzte Lösung (kein reines Konzept), die Komponenten wie Client, Server und Identity Management integriert. Die Software wurde entwickelt, um ein Forschungsziel (Nutzung von eIDs für OS-Logon) zu erreichen, und ist damit Forschungssoftware.",product_result,0.95,,"Die ACCESSO-Architektur ist das zentrale Ergebnis der Forschung. Der Text betont, dass es sich um eine 'novel and unified system architecture' handelt, die explizit für den Einsatz mit verschiedenen eID-Tokens entwickelt wurde. Die Software selbst ist das Deliverable (vgl. Abschnitt 3: 'In this paper we present a novel and unified system architecture [...] called ACCESSO').",entwurf;implementierung,0.9,,"Der Entwurf der Architektur wird detailliert beschrieben (Abschnitt 3.1: 'The ACCESSO architecture is depicted in Fig. 3 and comprises a Client, a Server and an Identity Management component'). Die Implementierung wird durch die Beschreibung des Protokollflusses (Abschnitt 3.3) und der Komponenten (z. B. Credential Manager, Authentication Module) belegt, die konkret umgesetzt wurden.",middleware_service;full_stack_application,0.85,,"ACCESSO agiert als Middleware, die verschiedene eID-Tokens mit Betriebssystem-Logon-Frameworks (Winlogon, PAM) verbindet (vgl. 'abstracts the technical details of arbitrary authentication tokens'). Gleichzeitig handelt es sich um eine Full-Stack-Anwendung, da Client-, Server- und Identity-Management-Komponenten integriert sind (vgl. Abschnitt 3.1).",insufficient_information,0.95,,"Es werden keine konkreten Programmiersprachen oder Technologien explizit genannt. Zwar werden Frameworks wie PAM oder Winlogon referenziert, aber diese sind externe Systeme, nicht die Implementierungssprache von ACCESSO. Auch Protokolle wie SAML oder EAC sind keine Programmiersprachen.",conceptual_evaluation,0.8,,"Die Publikation beschreibt die Architektur und den Protokollfluss, evaluiert diese aber nicht empirisch oder technisch (keine Tests, Benchmarks oder Nutzerstudien). Stattdessen wird das Konzept selbst als Machbarkeitsnachweis präsentiert (vgl. Abschnitt 5: 'The ACCESSO architecture and protocol outlined in the present paper makes it possible to use arbitrary authentication tokens').",,
lni176/862,lni176,862.pdf,lni176/862.pdf,Information Fusion: Protection of Military Forces and Homeland Security,"Kaeye Dästner, Bastian Köhler, Felix Opitz Air Dominance and Data Fusion (ISEG ) EADS Deutschland GmbH Wörthstraße Ulm, Germany",mistral-medium-3.5-128b,rse_typology_prompt_v1,run_1,1,0.95,"Die Publikation beschreibt explizit entwickelte Softwarekomponenten für die Informationsfusion, insbesondere Video-Processing-Software (z. B. Alignment, Change Detection, Georeferenzierung, Sensor-Tracking) und Radar-Verarbeitungsalgorithmen (z. B. CFAR, Tracking-Filter, Assoziationsalgorithmen). Diese wurden im Rahmen der Forschung umgesetzt und sind kein rein kommerzielles Produkt.",datenanalyse,0.9,,"Die Software dient primär der Analyse von Sensordaten (Radar, Video) für die Detektion, Verfolgung und Klassifizierung von Objekten – ein zentraler Schritt im Forschungsprozess der Informationsfusion (vgl. Abschnitte 2.2, 3.2).",entwurf;implementierung;testen_qualitaetssicherung,0.85,,"Der Text beschreibt den Entwurf von Algorithmen (z. B. Filter, Assoziationsmechanismen), deren Implementierung (z. B. Video-Processing-Software) und Tests (Performance-Tests in verschiedenen Umgebungen, vgl. Abschnitt 2.2: 'Performance tests were executed within the European and Arabian environment').",analysis_pipeline,0.9,,"Die Software besteht aus verketteten Verarbeitungsschritten (z. B. Detection → Tracking → Classification für Radar/Video), was einer Analyse-Pipeline entspricht (vgl. Abschnitte 2.2, 3.2).",insufficient_information,0.95,,"Es werden keine konkreten Programmiersprachen, Frameworks oder Technologien explizit genannt. Selbst implizite Hinweise (z. B. auf Bibliotheken) fehlen.",performance_evaluation;testing,0.8,,"Die Software wurde in Performance-Tests in verschiedenen Umgebungen evaluiert (vgl. 'Performance tests were executed within the European and Arabian environment'). Zudem wird die funktionale Korrektheit der Algorithmen (z. B. Tracking, Klassifizierung) implizit durch die Beschreibung der Methoden und deren Anwendung belegt.",,
lni66/GI-Proceedings.66-49,lni66,GI-Proceedings.66-49.pdf,lni66/GI-Proceedings.66-49.pdf,Generierung interaktiver Selbsttestaufgaben im Bereich der formalen Grundlagen der Informatik aus XML-Spezifikationen,"Christoph Beierle, Malte Isberner, Gabriele Kern-Isberner, Barbara Messing, Manfred Widera",mistral-medium-3.5-128b,rse_typology_prompt_v1,run_1,,,,,,,,,,,,,,,,,,,,,,,,pdf_extraction_failed,
lni176/681,lni176,681.pdf,lni176/681.pdf,Bi-nationale Promotionsprogramme in der Betrieblichen Umweltinformatik am Beispiel des DEEBIS-Net Pro-gramms,"Liane Haak, Nils Giesen, Jorge Marx Gómez",mistral-medium-3.5-128b,rse_typology_prompt_v1,run_1,1,0.9,"Der Text beschreibt explizit die Entwicklung von 'Diensten und Tools' zur Verbreitung von Umweltkennzahlen (z. B. über mobile Endgeräte, Internetzugriff oder Webservices) im Rahmen der Promotionsthemen. Dies stellt eine konkrete Implementierung von Forschungssoftware dar, die über bloße Konzepte oder Anwendungen bestehender Software hinausgeht.",product_result,0.85,,"Die Software (Dienste und Tools für Umweltkennzahlen) ist das Ergebnis der Forschung im DEEBIS-Net-Programm. Der Fokus liegt auf der Entwicklung dieser Systeme als Beitrag zur Betrieblichen Umweltinformatik, nicht auf einer spezifischen Analyse oder Simulation.",entwurf;implementierung,0.8,,"Der Text erwähnt die 'Entwicklung holistischer Sichtweisen' und die Erstellung von 'Diensten und Tools', was auf Entwurf und Implementierung hindeutet. Explizite Phasen wie Testen oder Deployment werden nicht detailliert beschrieben.",full_stack_application;middleware_service,0.85,,"Die Tools umfassen Webservices und mobile/Internet-basierte Lösungen, was auf Full-Stack-Anwendungen und Middleware-Dienste (z. B. Webservices zur Integration) hindeutet. Der Text nennt explizit 'Webservices' und 'Integration in bestehende Systeme'.",insufficient_information,0.95,,"Es werden keine konkreten Programmiersprachen oder Technologien (z. B. Python, Java) explizit genannt. Die Erwähnung von Webservices und mobilen Endgeräten reicht nicht aus, um eine spezifische Technologie abzuleiten.",planned,0.7,,"Der Text deutet an, dass die Tools entwickelt werden, um Umweltkennzahlen zu verbreiten, aber es gibt keine explizite Beschreibung einer durchgeführten Evaluation. Die 'ersten gemeinsamen Publikationen' könnten auf eine geplante oder beginnende Evaluation hindeuten, aber dies ist nicht detailliert ausgearbeitet.",,
lni337/07_01_06_Wein,lni337,07_01_06_Wein.pdf,lni337/07_01_06_Wein.pdf,"Informationsbedarf von Bürger*innen bezüglich Niedrigwasser, Trockenheit und Dürre -Ergebnisse einer Umfrage","Eva Wein, Fabian Bressel, Julian Berndt, Hellen Siewert, Rosemarie Bähne, René Krüger, Frank Fuchs-Kittowski",mistral-medium-3.5-128b,rse_typology_prompt_v1,run_1,0,1.0,"Die Publikation beschreibt eine Umfrage und deren Auswertung, aber es gibt keine Hinweise darauf, dass eigene Forschungssoftware (z. B. Quellcode, Algorithmen, Skripte oder angepasste Werkzeuge) erstellt, erweitert oder maßgeblich angepasst wurde. Die Nutzung von SurveyMonkey als externes Tool ohne eigene Entwicklungsleistung erfüllt das Kriterium nicht.",,,,,,,,,,,,,,,,,,,,,,
lni154/cd-2796,lni154,cd-2796.pdf,lni154/cd-2796.pdf,Automated GUI Testing Validation guided by Annotated,"Use Cases Pedro Luis Mateo Navarro, Diego Sevilla Ruiz, Gregorio Mart´ınez Pérez",mistral-medium-3.5-128b,rse_typology_prompt_v1,run_1,1,0.95,"Die Publikation beschreibt eine konkrete Implementierung eines Ansatzes zur automatischen Generierung und Validierung von GUI-Testfällen, inklusive eines Algorithmus (Abbildung 3) und einer expliziten Erwähnung einer eigenen Open-Source-Implementierung (http://sourceforge.net/projects/openhmitester/). Dies erfüllt die Kriterien für Forschungssoftware, da die Software im Rahmen der Forschung erstellt und als Werkzeug für Testzwecke eingesetzt wird.",product_result,0.9,,"Die Software (der Ansatz zur automatischen GUI-Testfallgenerierung) ist das primäre Ergebnis der Forschung. Der Text betont, dass der Ansatz implementiert wird ('we are currently working on an architecture and the details of an open-source implementation'), und die Software selbst ist der Beitrag (kein übergeordnetes Forschungsziel wie Datenerhebung oder Analyse).",entwurf;implementierung;testen_qualitaetssicherung,0.95,,"Der Entwurf des Ansatzes wird in Abschnitt 3 und 4 beschrieben (Modellierung, Annotationsprozess). Die Implementierung wird explizit erwähnt (Open-Source-Tool auf SourceForge). Der Fokus der Publikation liegt auf dem Testen/Qualitätssicherung (GUI-Testing, Testfallgenerierung, Validierung).",library_package,0.85,test_automation_framework,"Die Software dient als Framework zur Automatisierung von GUI-Tests (Testfallgenerierung, Validierung). Dies passt zu 'library_package' (wiederverwendbares Framework). Der Vorschlag 'test_automation_framework' ist präziser, da der Fokus auf Testautomatisierung liegt, aber 'library_package' ist bereits eine passende Kategorie.",insufficient_information,0.9,,"Es gibt keine explizite Nennung einer Programmiersprache oder Technologie. Die Erwähnung von UML-Diagrammen (Abschnitt 2) und Capture-and-Replay-Tools (Abschnitt 4) bezieht sich auf Methoden, nicht auf konkrete Technologien. Die Open-Source-Implementierung wird nicht sprachlich spezifiziert.",testing,0.95,,"Die Evaluation der Software erfolgt durch technische Tests: Der Ansatz generiert Testfälle und validiert diese automatisch (Abschnitt 5 und 6). Es gibt keine Usability-Studien, empirische Studien oder Benchmarking mit Versuchspersonen oder kanonischen Datensätzen.",,
lni226/53,lni226,53.pdf,lni226/53.pdf,"AgriLogFuture: Entwicklung eines Planungssystems zur Op-timierung von Agrarlogistik-Prozessen Carl-Friedrich Gaese1), Heinz Bernhardt2), Theodor Fock1), Sascha Wörz2), Valentin Heizinger2), Thomas Damme3), Jan Eberhardt3), André Kluge4) 1)Fachbereich Agrarwirtschaft und Lebensmittelwissenschaften",,mistral-medium-3.5-128b,rse_typology_prompt_v1,run_1,1,1.0,"Die Publikation beschreibt die Entwicklung eines computergestützten Planungssystems mit explizit genannten Algorithmen (Heuristiken zur Wartezeitenminimierung), deren Implementierung in C# sowie die Erstellung einer Dateneingabemaske. Zudem werden GPS-Datenlogger und Analysewerkzeuge (z. B. Agrocom Map, Telematics) zur Datenerhebung und -auswertung eingesetzt. Die Software ist damit ein zentrales Ergebnis des Forschungsprojekts und erfüllt die Kriterien für Forschungssoftware.",product_result,0.95,,"Das Ziel des Projekts ist die Konstruktion eines herstellerunabhängigen, universell einsetzbaren Planungs- und Navigationssystems (vgl. Abschnitt 2). Die Software ist das primäre Deliverable der Forschung, nicht nur ein Mittel zur Beantwortung einer Forschungsfrage. Die Algorithmen und das System selbst stehen im Mittelpunkt.",projektdefinition;anforderungen;entwurf;implementierung;testen_qualitaetssicherung,0.9,,"Projektdefinition (Abschnitt 1 und 2: Ziel und Motivation), Anforderungen (Abschnitt 2.2: Grob-/Feinplanung, Onlineanbindung), Entwurf (Abschnitt 2.2: Systemaufbau, Algorithmenentwicklung), Implementierung (Abschnitt 3.2: Algorithmen in C# umgesetzt, Dateneingabemaske), Testen/Qualitätssicherung (Abschnitt 3.1: Validierung der Algorithmen durch Praxisdaten).",full_stack_application;numerical_mathematical,0.9,,"full_stack_application: Das System umfasst eine Benutzeroberfläche (Dateneingabemaske) und Backend-Logik (Planung, Navigation, Optimierung). numerical_mathematical: Die Algorithmen (Heuristiken) zur Wartezeitenminimierung sind ein zentraler numerischer/mathematischer Kern (Abschnitt 3.2).",csharp_dotnet,1.0,,Explizite Nennung von C# als Implementierungssprache für die Algorithmen (Abschnitt 3.2: 'Die entwickelten Algorithmen werden mittels C# in ausführbare Programme transformiert.').,testing;empirical_study;planned,0.85,,"testing: Validierung der Algorithmen durch Praxisdaten (Abschnitt 3.1). empirical_study: Datenerhebung und -auswertung in realen Ernteprozessketten (Abschnitt 3.1: Aufzeichnungen von GPS-Datenloggern, Analyse der Organisation). planned: Geplante Probeläufe und ökonomische Analyse bis Ende 2014 (Abschnitt 4).",,
lni197/137,lni197,137.pdf,lni197/137.pdf,"Auf dem Weg zu einer offenen, smarten und vernetzten Verwaltungskultur Lecture Notes in Informatics (LNI), Gesellschaft für Informatik, Bonn 2012 Elektronische Identitäten – Öffentliche und private Initiativen","Erich Schweighofer, Walter Hötzendorfer",mistral-medium-3.5-128b,rse_typology_prompt_v1,run_1,0,1.0,"Die Publikation beschreibt Konzepte, Visionen und geplante Technologien (z. B. Identity Federation, Integration öffentlicher und privater Identitätsmanagementsysteme) sowie bestehende Systeme wie die Bürgerkarte oder Handy-Signatur. Es wird jedoch keine eigene Forschungssoftware implementiert, erweitert oder angepasst. Die genannten Initiativen (z. B. EUSTIC, Wirtschaftsportalverbund) und Prototypen sind geplant oder in Entwicklung, aber nicht als fertige, in der Publikation umgesetzte Forschungssoftware beschrieben. Die Software selbst (z. B. SAML, HSM-Server) wird nur referenziert, nicht eigenhändig entwickelt.",,,,,,,,,,,,,,,,,,,,,,
lni314/N1-8,lni314,N1-8.pdf,lni314/N1-8.pdf,Reifegradmodelle zur Bewertung Künstlicher Intelligenz in kleinen und mittleren Unternehmen,"Thomas Schuster , Lukas Waidelich und Raphael Volz",mistral-medium-3.5-128b,rse_typology_prompt_v1,run_1,0,1.0,"Die Publikation beschreibt ein konzeptionelles Reifegradmodell für KI in KMUs, das sich in der Entwicklungsphase befindet. Es wird kein Quellcode, Algorithmus, Skript oder ausführbares Programm erstellt, erweitert oder angepasst. Stattdessen liegt der Fokus auf der Analyse bestehender Modelle, der Methodik zur Entwicklung eines neuen Modells und der strategischen Ausrichtung. Die Arbeit ist rein konzeptionell und enthält keine implementierte Forschungssoftware.",,,,,,,,,,,,,,,,,,,,,,
lni329/02-BIOSIG_2022_paper_19,lni329,02-BIOSIG_2022_paper_19.pdf,lni329/02-BIOSIG_2022_paper_19.pdf,"A. Brömme, N. Damer, M. Gomez-Barrero, K. Raja, C. Rathgeb, A. Sequeira, M. Todisco and A. Uhl (Eds.): BIOSIG 2022, Lecture Notes in Informatics (LNI), Gesellschaft für Informatik, Bonn 2022 A Quantum-Resistant Face Template Protection Scheme using Kyber and Saber Public Key Encryption Algorithms","Roberto Román, Rosario Arjona, Paula López-González, Iluminada Baturone",mistral-medium-3.5-128b,rse_typology_prompt_v1,run_1,1,1.0,"Die Publikation beschreibt die Implementierung eines konkreten biometrischen Template-Schutzschemas unter Verwendung der Kyber- und Saber-PKE-Algorithmen. Es wird explizit erwähnt, dass die Referenzimplementierungen aus den GitHub-Repositories der Autoren verwendet wurden (C-Implementierungen). Zudem werden experimentelle Ergebnisse präsentiert, die auf der tatsächlichen Ausführung der Software basieren (z. B. Laufzeiten, Speicherbedarf).",proof_of_concept_product,0.95,,"Die Software dient primär als Machbarkeitsnachweis für das vorgeschlagene biometrische Template-Schutzschema unter Verwendung von Kyber und Saber. Der Fokus liegt auf der Demonstration, dass die Schutzmechanismen funktionieren und effizient sind (vgl. Abschnitt 3: experimentelle Ergebnisse zu Laufzeiten, Speicherbedarf und Genauigkeit).",entwurf;implementierung;testen_qualitaetssicherung,1.0,,"Die Publikation beschreibt den Entwurf des Schemas (Abschnitt 2.2: Template Protection Scheme), die Implementierung (Verwendung der Referenzimplementierungen von Kyber und Saber in C, Abschnitt 3) sowie das Testen und die Qualitätssicherung (experimentelle Evaluation der Laufzeiten, Speicherbedarf und Genauigkeit, Abschnitt 3).",analysis_pipeline,0.9,,"Die Software implementiert eine Analyse-Pipeline für biometrische Daten: Extraktion von FaceNet-Embeddings, Binarisierung, Verschlüsselung mit Kyber/Saber, Vergleich im geschützten Bereich und Berechnung der Hamming-Distanz. Dies entspricht einer sequentiellen Datenverarbeitung (vgl. Abschnitte 2.2 und 3).",c_cpp,1.0,,"Die Publikation nennt explizit die Verwendung der Referenzimplementierungen von Kyber und Saber aus GitHub, die in C geschrieben sind (vgl. Abschnitt 3: 'Both implementations are written in C').",benchmarking;performance_evaluation;testing,1.0,,"Die Software wird auf Standard-Datensätzen (FERET, LFW) evaluiert (Benchmarking), wobei Performance-Metriken wie Laufzeit, Speicherbedarf und Genauigkeit gemessen werden (Performance-Evaluation). Zudem wird die funktionale Korrektheit durch den Vergleich der Hamming-Distanzen im geschützten und ungeschützten Bereich getestet (Testing, vgl. Abschnitt 3).",,
lni175/897,lni175,897.pdf,lni175/897.pdf,Meta-Modellierung im praktischen Einsatz,"Jens Weller, Kai K. Großmann, Knut Großmann",mistral-medium-3.5-128b,rse_typology_prompt_v1,run_1,1,0.95,"Die Publikation beschreibt die Anpassung und Nutzung des Cubetto Toolsets (ein generisches Meta-Modellierungswerkzeug) im Rahmen eines DFG-Forschungsprojekts. Es wird explizit erwähnt, dass das Werkzeug konfiguriert und durch Plugins (Java-Programme) erweitert wurde, um spezifische Anforderungen des Projekts zu erfüllen (z. B. Exportfunktionen). Dies stellt eine maßgebliche Anpassung und Erweiterung bestehender Software für Forschungszwecke dar.",product_result,0.9,,Das Ziel der Arbeit ist die Bereitstellung eines angepassten Modellierungswerkzeugs (Cubetto Toolset) als Lösung für die Anforderungen des Forschungsprojekts. Die Software selbst ist das zentrale Ergebnis der beschriebenen Entwicklungsarbeit (vgl. Abschnitte 2.2 und 3).,anforderungen;entwurf;implementierung;deployment_betrieb,0.95,,"Die Publikation beschreibt die Anforderungen (Abschnitt 2.1), den Entwurf der Sprachanpassung und Modellierung (Abschnitt 3.1), die Implementierung von Plugins (Java-Programme, Abschnitt 3.1) sowie den Einsatz und Betrieb des Werkzeugs im Projekt (Abschnitte 3.2 und 3.3).",full_stack_application;plugin_extension;domain_specific_language,0.9,,"Das Cubetto Toolset ist eine Full-Stack-Anwendung für die Meta-Modellierung (vgl. Abschnitt 1 und 3.1). Zudem wurden Plugins (Java-Programme) implementiert (Abschnitt 3.1), und die E³-Notation wird als domänenspezifische Sprache zur Beschreibung der Modellierungssprache genutzt (Abschnitt 3.1).",java_jvm,1.0,,Die Publikation nennt explizit die Verwendung von Java für die Implementierung der Plugins (Abschnitt 3.1: 'Dabei werden Java-Programme geschrieben').,conceptual_evaluation,0.8,,"Die Publikation diskutiert Vor- und Nachteile des Werkzeugs (Abschnitt 4) und beschreibt die praktische Anwendung im Projekt, aber es gibt keine explizite empirische Evaluation oder technische Tests. Die Bewertung basiert auf der konzeptionellen Diskussion und praktischen Erfahrungen.",,
lni220/1533,lni220,1533.pdf,lni220/1533.pdf,Marktplatz für Mobilitätsdienste aus der Cloud B2B Integrations-Plattform für Business Partner im Ecosystem rund um (elektro) Mobilität,Volker Fricke IBM Deutschland R&D GmbH Industry Software Solution Practice D- Böblingen,mistral-medium-3.5-128b,rse_typology_prompt_v1,run_1,0,0.95,"Die Publikation beschreibt eine B2B-Integrationsplattform (Marktplatz für Mobilitätsdienste) als kommerzielles Produkt im Rahmen des EU-Projekts 'Green eMotion'. Es handelt sich um eine Systemarchitektur und Referenzimplementierung für ein Ökosystem, die primär der Vermarktung von Diensten dient (kein expliziter Forschungszweck). Es gibt keine Hinweise auf eigene Entwicklungsleistung an Forschungssoftware (z. B. Algorithmen, Skripte, Workflows) oder auf eine wissenschaftliche Erkenntnisgewinnung. Die Software ist ein betriebswirtschaftliches Produkt (Cloud-basierter Marktplatz), nicht eine Forschungssoftware.",,,,,,,,,,,,,,,,,,,,,,
lni154/cd-3336,lni154,cd-3336.pdf,lni154/cd-3336.pdf,Sicherstellung der Funktionalit¨at in Komponentensystemen und Service-orientierten Architekturen. Andreas Both und Wolf Zimmermann Institut f¨ur Informatik,,mistral-medium-3.5-128b,rse_typology_prompt_v1,run_1,1,0.95,"Die Publikation beschreibt einen konkreten Ansatz zur Verifikation von Service-orientierten Architekturen, der auf Process Rewrite Systems und Stripped Process Rewrite Systems basiert. Es wird explizit erwähnt, dass Abstraktionen aus Quellcode automatisch erstellt werden (z. B. für BPEL in [BZ08a]) und ein Verifikationsprozess implementiert wird, der zur Laufzeit oder Bindungszeit Protokollverletzungen prüft. Dies deutet auf eine tatsächliche Umsetzung hin, auch wenn der Fokus auf dem Konzept und der Methode liegt. Die Software dient hier als Werkzeug zur Sicherstellung der Funktionalität in SOA, was eine eigene Entwicklungsleistung darstellt.",formal_verification,0.98,,"Der Hauptzweck der beschriebenen Software ist die formale Verifikation von Protokollen in Service-orientierten Architekturen. Dies wird explizit im Abstract und im Text (z. B. Kapitel 3 und 4) beschrieben, wo der Verifikationsprozess zur Überprüfung von Aufrufreihenfolgen und Protokollkonformität dargestellt wird.",entwurf;implementierung;testen_qualitaetssicherung,0.95,,"Der Entwurf wird in Kapitel 2 (Grundlagen, Protokolle, Abstraktionen) und Kapitel 3 (Verifikationsprozess) beschrieben. Die Implementierung wird durch die automatische Erstellung von Abstraktionen aus Quellcode (z. B. BPEL) und die Integration in SOA (Kapitel 4) belegt. Testen/Qualitätssicherung ist zentraler Bestandteil des Verifikationsprozesses, der Protokollverletzungen prüft und Gegenbeispiele liefert (z. B. Modellprüfung in Kapitel 3 und 4).",middleware_service,0.9,,"Die Software zielt darauf ab, Service-orientierte Architekturen (SOA) zu verifizieren, indem sie als verbindende Schicht zwischen Services agiert. Dies entspricht der Definition von Middleware/dienstorientierter Software, die Integrations- und Vermittlungsdienste bereitstellt. Explizit wird der Ansatz für SOA beschrieben (z. B. Kapitel 4: Integration in Service-orientierte Architekturen).",xml_xsd;formal_specification_languages,0.85,,"XML-Technologien werden durch die Erwähnung von WSDL (Web Services Description Language) impliziert, die auf XML basiert (z. B. in Kapitel 4: 'Integration in die WSDL'). Process Rewrite Systems und endliche Automaten als formale Spezifikationssprachen werden explizit zur Modellierung des Verhaltens von Services genutzt (Kapitel 2.2 und 2.3).",testing;conceptual_evaluation,0.9,,"Testing: Der Verifikationsprozess prüft technisch die Korrektheit der Protokolleinhaltung (z. B. Modellprüfung in Kapitel 3 und 4, Gegenbeispiele). Konzeptionelle Evaluation: Die Arbeit diskutiert verwandte Ansätze (Kapitel 5) und bewertet das eigene Konzept im Vergleich zu bestehenden Lösungen, ohne dass eine empirische Studie mit Versuchspersonen durchgeführt wird.",,
lni282/BIOSIG_2018_paper_38,lni282,BIOSIG_2018_paper_38.pdf,lni282/BIOSIG_2018_paper_38.pdf,"A. Br¨omme, C. Busch, A. Dantcheva, C. Rathgeb and A. Uhl (Eds.): BIOSIG 2018, Lecture Notes in Informatics (LNI), Gesellschaft f¨ur Informatik, Bonn 2018 Deep Sparse Feature Selection and Fusion for Textured Contact Lens Detection","Domenick Poster, Nasser Nasrabadi, Benjamin Riggan",mistral-medium-3.5-128b,rse_typology_prompt_v1,run_1,1,1.0,Die Publikation beschreibt die Entwicklung eines integrierten Modells zur Merkmalsauswahl und -fusion für die Erkennung texturierter Kontaktlinsen. Der Quellcode wird explizit erwähnt: 'The authors’ code is made available at www.github.com/vonclites/livdet fusion.' Zudem wird die Implementierung mit TensorFlow und Scikit-learn detailliert beschrieben.,product_result,0.95,,"Die Software (das integrierte Modell zur Merkmalsauswahl und -fusion) ist das zentrale Ergebnis der Forschung. Der Beitrag liegt im Bau und der Integration des Systems selbst, nicht nur im Nachweis eines einzelnen Algorithmus. Dies wird durch die Beschreibung der Architektur und der Bereitstellung des Codes untermauert.",entwurf;implementierung;testen_qualitaetssicherung,1.0,,"Die Publikation beschreibt den Entwurf der Architektur (Abschnitt 3), die Implementierung (Abschnitt 4.2, TensorFlow, Scikit-learn) sowie das Testen und die Qualitätssicherung durch Experimente und Benchmarking auf mehreren Datensätzen (Abschnitt 4.3).",analysis_pipeline;ml_model,1.0,,"Die Software ist eine Analyse-Pipeline, die Merkmale extrahiert, kombiniert und klassifiziert (Abschnitt 3: 'The architecture is comprised of an eight-layer convolutional neural network (CNN) and several parallel multi-layer perceptrons (MLPs)'). Zudem ist das trainierte Modell (CNN + MLPs) selbst ein zentrales Artefakt.",python,1.0,,"Die Implementierung erfolgt mit TensorFlow und Scikit-learn, die beide Python-Bibliotheken sind. Dies wird explizit in Abschnitt 4.2 genannt: 'The network is implemented with the TensorFlow framework [Ab15]. Scikit-learn is utilized to perform vector quantization [Pe11].'",benchmarking;performance_evaluation;testing,1.0,,"Die Software wird auf mehreren Benchmark-Datensätzen evaluiert (Clarkson, Cogent, Vista, ND1, ND2) und mit dem State-of-the-Art verglichen (Abschnitt 4.3, Tabelle 2). Zudem werden Performance-Metriken wie Average Classification Error (ACE) berichtet. Die technische Korrektheit wird durch die Experimente und den Vergleich mit bestehenden Ansätzen belegt.",,
lni170/305,lni170,305.pdf,lni170/305.pdf,Quantifying the Attack Surface of a Web Application,"Thomas Heumann, Jörg Keller Sven Türpe",mistral-medium-3.5-128b,rse_typology_prompt_v1,run_1,0,1.0,"Die Publikation beschreibt eine Metrik zur Quantifizierung der Angriffsfläche von Webanwendungen, die als Konzept und Methode präsentiert wird. Es gibt keine Hinweise darauf, dass eine konkrete Forschungssoftware (z. B. Quellcode, Algorithmen, Skripte oder ausführbare Programme) im Rahmen der Arbeit erstellt, erweitert oder angepasst wurde. Die Metrik selbst ist ein theoretisches Modell, und die Evaluation erfolgt durch manuelle Messungen an bestehenden Webanwendungen, nicht durch eine eigens entwickelte Software.",,,,,,,,,,,,,,,,,,,,,,
lni31/GI-Proceedings.31-6,lni31,GI-Proceedings.31-6.pdf,lni31/GI-Proceedings.31-6.pdf,Authentication Framework for Smart Cards,"Apostol Vassilev, Michael Hutchinson Smart Card R&D Schlumberger North FM Austin, TX , USA",mistral-medium-3.5-128b,rse_typology_prompt_v1,run_1,0,1.0,"Die Publikation beschreibt ein Konzept und eine Architektur für ein Authentifizierungs-Framework für Smart Cards (Java Card), inkl. Rollenmodell (CAA, ATA, APA) und Anforderungen. Es wird jedoch keine konkrete Implementierung, kein Quellcode, keine eigene Entwicklungsleistung oder eine tatsächliche Umsetzung der Software beschrieben. Stattdessen handelt es sich um eine Spezifikation, Design-Vorschläge und Empfehlungen für zukünftige Erweiterungen von APIs. Explizit wird betont, dass es sich um eine 'generalized authentication framework' handelt, die 'allows flexible configuration' — also ein konzeptioneller Entwurf ohne Nachweis einer Implementierung.",,,,,,,,,,,,,,,,,,,,,,
lni310/B1-22,lni310,B1-22.pdf,lni310/B1-22.pdf,An Empirical Analysis of the Costs of Clone-and Platform-Oriented Software Reuse,"Jacob Krüger, Thorsten Berger",mistral-medium-3.5-128b,rse_typology_prompt_v1,run_1,0,1.0,"Die Publikation beschreibt eine empirische Studie zu den Kosten von Clone-and- und Platform-Oriented Software Reuse, inklusive Literaturreview und Interviews. Es wird keine eigene Forschungssoftware entwickelt, erweitert oder angepasst, sondern bestehende Strategien und Prozesse analysiert. Die Software selbst (z. B. Plattformen oder Klone) ist Gegenstand der Untersuchung, nicht Ergebnis einer eigenen Entwicklungsleistung im Rahmen der Studie.",,,,,,,,,,,,,,,,,,,,,,
lni97/23,lni97,23.pdf,lni97/23.pdf,Technical Development of Cyber Crime,Rolf Schulz Global Network Security GmbH Bornbachstr. D - Weilmuenster,mistral-medium-3.5-128b,rse_typology_prompt_v1,run_1,0,1.0,"Die Publikation beschreibt ausschließlich die Analyse und Diskussion von Cybercrime-Methoden, insbesondere Trojaner, Würmer und Spionage-Tools, sowie deren Einsatz in der industriellen Spionage. Es wird keine eigene Forschungssoftware entwickelt, erweitert oder angepasst. Stattdessen werden bestehende Malware-Tools und Angriffsvektoren analysiert und diskutiert, ohne dass eine eigene Implementierung oder Entwicklungsleistung im Rahmen der Arbeit stattfindet.",,,,,,,,,,,,,,,,,,,,,,
lni19/GI-Proceedings.19-76,lni19,GI-Proceedings.19-76.pdf,lni19/GI-Proceedings.19-76.pdf,Anonyme und unbeobachtbare Kommunikation im Internet,Hannes Federrath FU Berlin,mistral-medium-3.5-128b,rse_typology_prompt_v1,run_1,1,1.0,"Die Publikation beschreibt das AN.ON-System, das explizit als entwickeltes System mit Client-Software (JAP), Mixen und InfoService implementiert wurde. Es handelt sich um eine konkrete Umsetzung (nicht nur ein Konzept) mit klarer Entwicklungsleistung (z. B. Java-Implementierung von JAP, C++ für Mixe).",product_result,1.0,,"Das AN.ON-System ist das zentrale Ergebnis der Forschung. Der Beitrag liegt im Bau und der Integration des Systems (inkl. Architektur und Implementierung), nicht im Nachweis eines einzelnen Algorithmus. Der Text betont die praktische Bereitstellung und den Betrieb des Dienstes (z. B. 'unseren Anonymisierungsdienst', 'Client-Software (JAP)', 'Mixe').",projektdefinition;entwurf;implementierung;deployment_betrieb,1.0,,"Projektdefinition: Motivation und Problemraum (Datenschutz, Anonymität) werden dargelegt. Entwurf: Architektur des Systems (Mix-Kaskade, JAP, InfoService) wird detailliert beschrieben. Implementierung: Explizite Nennung der Programmiersprachen (Java für JAP, C++ für Mixe) und technischer Details (MixPaket, Verschlüsselung). Deployment/Betrieb: Praktische Erfahrungen im Probebetrieb, Nutzerzahlen, laufender Betrieb und Wartung werden beschrieben.",full_stack_application;middleware_service,1.0,,"Full-Stack-Anwendung: JAP als Client-Software mit Proxy-Schnittstelle und Backend-Komponenten (Mixe, InfoService). Middleware-Service: Die Mix-Kaskade und der InfoService agieren als vermittelnde Schicht zwischen Nutzern und dem Internet (Proxy-Funktionalität).",java_jvm;c_cpp,1.0,,Explizite Nennung: 'JAP wurde deshalb in der plattformunabhängigen Programmiersprache Java implementiert. Die Mixe wurden aus Performancegründen in C++ implementiert.',performance_evaluation;empirical_study,0.9,,"Performance-Evaluation: Messbare Metriken wie Nutzerzahlen, Datenvolumen (z. B. 'ca. 4000 Web-Requests pro Minute', '90–100 GByte täglich') und Performance-Steigerungen nach Speicherausbau werden berichtet. Empirische Studie: Praktische Erfahrungen im Probebetrieb (z. B. Angriffe, Missbrauch, Nutzerakzeptanz) werden analysiert, was auf eine empirische Evaluation des Systems im realen Einsatz hindeutet.",,
lni93/GI-Proceedings-93-19,lni93,GI-Proceedings-93-19.pdf,lni93/GI-Proceedings-93-19.pdf,An Organic Architecture for Trafﬁc Light Controllers,"Fabian Rochner, Holger Prothmann, Jürgen Branke, Christian Müller-Schloer, Hartmut Schmeck",mistral-medium-3.5-128b,rse_typology_prompt_v1,run_1,1,1.0,"Die Publikation beschreibt eine implementierte, mehrschichtige Architektur für Verkehrsampelsteuerungen, die auf Organic Computing basiert. Explizit werden ein Learning Classifier System (LCS), ein evolutionärer Algorithmus (EA) und ein Mikro-Simulator (AIMSUN) als Komponenten der Software genannt, die entwickelt und in der Architektur integriert wurden. Zudem wird die konkrete Umsetzung der Schichten (Layer 0, 1, 2) und deren Interaktion detailliert erläutert.",product_result,1.0,,"Die Software ist das zentrale Ergebnis der Forschung: Eine mehrschichtige Architektur für Verkehrsampelsteuerungen, die selbstorganisierend und adaptiv arbeitet. Der Fokus liegt auf der Integration und dem Bau des Systems (vgl. Abschnitte 3–6, insbesondere die Beschreibung der Layer und deren Implementierung).",entwurf;implementierung,1.0,,"Der Entwurf der Architektur (Abschnitt 3: Multi-layer Design) und die Implementierung der Komponenten (z. B. TLC in Layer 0, LCS in Layer 1, EA in Layer 2) werden explizit beschrieben. Es gibt keine Hinweise auf Testen/Qualitätssicherung oder Deployment im Text.",full_stack_application;middleware_service,0.9,,"Die Architektur besteht aus einer Full-Stack-Anwendung (Verkehrsampelsteuerung mit Detektoren, Layer 0–2) und middleware-artigen Diensten (z. B. die Kommunikation zwischen Layer 1 und Layer 2, die semi-zentral auf mehreren PCs läuft). Die LCS- und EA-Komponenten sind in die Anwendung integriert, aber die Architektur als Ganzes ist eine verteilte, serviceorientierte Lösung.",insufficient_information,1.0,,"Es werden keine konkreten Programmiersprachen oder Technologien genannt. AIMSUN ist ein externes Simulationswerkzeug, aber die Implementierungssprache der eigenen Komponenten (TLC, LCS, EA) wird nicht spezifiziert.",performance_evaluation;benchmarking,0.9,,"Die Evaluation erfolgt durch Simulation (AIMSUN) zur Bewertung der TLC-Parameter (Performance-Metriken wie Wartezeiten, Durchsatz). Zudem wird die Optimierung der Parameter als Benchmarking-Prozess beschrieben (Abschnitt 6: Generierung und Bewertung von TLC-Parametern via EA). Es gibt keine Usability-Studien oder empirische Studien mit Versuchspersonen.",,
lni333/A2-3,lni333,A2-3.pdf,lni333/A2-3.pdf,"Digitale Prüfungen für Softwareentwicklung im „Bring Your Own Device, Open Book, Open Web“-Format","Axel Böttcher, Veronika Thurner",mistral-medium-3.5-128b,rse_typology_prompt_v1,run_1,1,0.95,"Die Publikation beschreibt EXaHM, ein Automatisierungs-Framework für digitale Prüfungen, das an der Hochschule München entwickelt wurde. Dieses Framework ermöglicht die Bereitstellung einer definierten digitalen Prüfungsumgebung und wurde explizit für die Durchführung von praktischen Prüfungen in Präsenz und als Fernprüfung weiterentwickelt. Dies erfüllt die Kriterien für Forschungssoftware, da es eine eigene Entwicklungsleistung darstellt und im Rahmen der Forschung eingesetzt wird.",research_infrastructure_support,0.9,,"EXaHM dient primär der Unterstützung von Prüfungsprozessen in der Softwareentwicklung, insbesondere durch die Bereitstellung einer digitalen Prüfungsumgebung. Dies entspricht der Rolle einer Infrastruktur für Forschungs- und Entwicklungsprojekte (vgl. Text: 'Automatisierungs-Framework für digitale Prüfungen', 'Bereitstellung einer definierten digitalen Prüfungsumgebung').",entwurf;implementierung;deployment_betrieb,0.85,,"Der Text beschreibt die Entwicklung von EXaHM, inklusive der Weiterentwicklung für Fernprüfungen (Entwurf/Implementierung) sowie dessen Einsatz in Präsenz- und Fernprüfungen (Deployment/Betrieb). Explizit genannt: 'Ursprünglich wurde EXaHM für die Durchführung von praktischen Prüfungen in Präsenz entwickelt. Mit der Corona-Pandemie wurde EXaHM so weiterentwickelt, dass es auch die Durchführung von Fernprüfungen ermöglicht.'",full_stack_application,0.8,,"EXaHM wird als Framework beschrieben, das eine digitale Prüfungsumgebung bereitstellt und technische sowie organisatorische Aspekte abdeckt. Dies deutet auf eine Full-Stack-Anwendung hin, die sowohl Backend- als auch Frontend-Komponenten umfasst (vgl. Text: 'Automatisierungs-Framework für digitale Prüfungen', 'Bereitstellung einer definierten digitalen Prüfungsumgebung').",insufficient_information,0.7,,"Der Text erwähnt git-Repositories und Java-Projekte (z. B. 'src-Ordner', 'JUnit-Test'), aber es gibt keine explizite Nennung der Programmiersprache oder Technologien, die für EXaHM selbst verwendet wurden. Daher kann der Techstack nicht sicher bestimmt werden.",empirical_study,0.85,,"Die Publikation beschreibt die Erprobung des Prüfungsformats in Präsenz- und Fernprüfungen sowie die Analyse von Stärken und Schwächen. Dies entspricht einer empirischen Studie, in der die Software (EXaHM) als Mittel zur Erkenntnisgewinnung eingesetzt wird (vgl. Text: 'Wir haben dieses Prüfungsformat sowohl im Rahmen von Präsenz- als auch von Fernprüfungen erprobt und auf Stärken und Schwächen analysiert.').",,
lni67/GI-Proceedings.67-16,lni67,GI-Proceedings.67-16.pdf,lni67/GI-Proceedings.67-16.pdf,Ein Analyseframework zur Bewertung von Open-Source-Migrationsstudien,"Michael Amberg, Steffen Möller, Gerhard Rödel",mistral-medium-3.5-128b,rse_typology_prompt_v1,run_1,0,1.0,"Die Publikation beschreibt ein Framework zur Bewertung von Open-Source-Migrationsstudien, das auf Kriterien, Bewertungssystematik und Gewichtungen basiert. Es handelt sich um ein konzeptionelles Modell ohne eigene Implementierung, Entwicklung oder Anpassung von Forschungssoftware. Die Software selbst (z. B. OSS) wird nur referenziert, nicht erstellt oder angepasst.",,,,,,,,,,,,,,,,,,,,,,
lni180/687,lni180,687.pdf,lni180/687.pdf,"Cloud Storage: Wie viel Cloud Computing steckt dahinter? Michael C. Jaeger und Uwe Hohenstein Corporate Research and Technologies, Siemens AG System Architecture & Platforms (CT T DE IT 1) Otto-Hahn-Ring 6",D- München,mistral-medium-3.5-128b,rse_typology_prompt_v1,run_1,0,1.0,"Die Publikation analysiert und diskutiert bestehende Cloud-Storage-Lösungen (z. B. Amazon S3, Azure Blob Storage, Table Storage, Datenbankserver) und deren Eigenschaften (Elastizität, Skalierbarkeit, Kosten, Ausfallsicherheit). Es wird keine eigene Forschungssoftware entwickelt, erweitert oder angepasst, sondern eine konzeptionelle und vergleichende Bewertung bestehender Systeme vorgenommen. Die Arbeit ist eine theoretische Analyse ohne Implementierung oder Anpassung von Software.",,,,,,,,,,,,,,,,,,,,,,
lni338/27,lni338,27.pdf,lni338/27.pdf,cba doi: 10.18420/delfi2023-27 Umgang der DELFI-Community mit Forschungsdaten und Softwareartefakten Eine Erhebung auf Basis der Tagungsbände im Zeitraum 2018-2022,Wabi Melkamu Jate und Michael Striewe,mistral-medium-3.5-128b,rse_typology_prompt_v1,run_1,0,1.0,"Die Publikation analysiert die Verfügbarkeit von Forschungsdaten und Softwareartefakten in DELFI-Beiträgen, enthält aber keine eigene Implementierung, Erweiterung oder Anpassung von Forschungssoftware. Es handelt sich um eine empirische Erhebung, nicht um die Entwicklung oder Beschreibung konkreter Forschungssoftware.",,,,,,,,,,,,,,,,,,,,,,
lni317/GIL2022_Gennen_105-110,lni317,GIL2022_Gennen_105-110.pdf,lni317/GIL2022_Gennen_105-110.pdf,"M. Gandorfer et al.: Künstliche Intelligenz in der Agrar-und Ernährungswirtschaft, Lecture Notes in Informatics (LNI), Gesellschaft für Informatik, Bonn 2022 105 Datenhoheit, Datenschutz und Datensicherheit bei KI im Agrar-und Ernährungssektor",Klaus Gennen und Laura-Sophie Walter,mistral-medium-3.5-128b,rse_typology_prompt_v1,run_1,0,1.0,"Die Publikation behandelt rechtliche und regulatorische Aspekte von KI im Agrarsektor (Datenhoheit, Datenschutz, Datensicherheit, KRITIS) sowie aktuelle Gesetzgebungsvorhaben. Es wird keine eigene Forschungssoftware entwickelt, erweitert oder angepasst, sondern es werden Konzepte, Rechtsrahmen und Empfehlungen diskutiert. Explizit genannt werden nur rechtliche und organisatorische Maßnahmen, aber keine Implementierung von Quellcode, Algorithmen, Skripten oder ähnlichem.",,,,,,,,,,,,,,,,,,,,,,
lni369/paper-49,lni369,paper-49.pdf,lni369/paper-49.pdf,Konzeption eines Moodle-Plugins zur Selbst-und Fremdeinschätzung von Sozialkompetenzen in Projektarbeiten,"Christopher Eck , Sven Judel , Tobias Brachmann , Ulrik Schroeder und Martin",mistral-medium-3.5-128b,rse_typology_prompt_v1,run_1,1,1.0,"Die Publikation beschreibt die Entwicklung eines Moodle-Plugins zur Selbst- und Fremdeinschätzung von Sozialkompetenzen in Projektarbeiten. Es handelt sich um eine konkrete Implementierung (Quellcode ist verfügbar unter [JBE25]), die im Rahmen der Forschung erstellt wurde, um didaktische Anforderungen zu adressieren. Die Software ist nicht nur ein Konzept, sondern wurde tatsächlich umgesetzt und erprobt.",product_result,1.0,,"Das Plugin ist das primäre Ergebnis der Forschung. Der Beitrag der Arbeit liegt im Bau und der Integration des Systems selbst, nicht in der Analyse von Daten oder der Beantwortung einer übergeordneten Forschungsfrage durch die Software. Dies wird durch die Beschreibung der Entwicklung, Erprobung und geplanten Bereitstellung des Plugins belegt (vgl. Abschnitt 3 und 4).",projektdefinition;anforderungen;entwurf;implementierung;deployment_betrieb,1.0,,"Die Publikation deckt mehrere Phasen ab: (1) Projektdefinition und Motivation (Abschnitt 1 und 2), (2) Anforderungen (didaktische und funktionale Anforderungen in Abschnitt 2), (3) Entwurf (konzeptionelle Entscheidungen in Abschnitt 3), (4) Implementierung (Beschreibung der Kernfunktionalitäten und technischer Umsetzung in Abschnitt 3), (5) Deployment/Betrieb (Erprobung in der Lehramtsausbildung und geplante Integration in Moodle-Instanz der RWTH Aachen, Abschnitt 4).",plugin_extension,1.0,,Das Plugin ist explizit als Moodle-Plugin beschrieben (vgl. Titel und Abschnitt 3: 'Entwicklung eines in die Lernplattform Moodle integrierbares Plugin'). Dies passt zur Subkategorie `plugin_extension`.,insufficient_information,1.0,,"Es gibt keine explizite Nennung einer Programmiersprache oder eines spezifischen Techstacks. Moodle selbst ist in PHP geschrieben, aber dies wird in der Publikation nicht erwähnt. Daher kann keine konkrete Technologie abgeleitet werden.",empirical_study;planned,1.0,,"Die Software wurde in der Lehramtsausbildung erprobt (empirische Studie, vgl. Abschnitt 4: 'Das Plugin wurde in der Lehramtsausbildung erprobt'). Zudem sind weitere Studien an Berufskollegs geplant (vgl. 'Weitere Studien sind an Berufskollegs in projektbasiertem Unterricht geplant').",,
lni287/GIL_2019_Schukat_211-216,lni287,GIL_2019_Schukat_211-216.pdf,lni287/GIL_2019_Schukat_211-216.pdf,"A. Meyer-Aurich et al.: Digitalisierung in kleinstrukturierten Regionen, Lecture Notes in Informatics (LNI), Gesellschaft für Informatik, Bonn 2019 211 IT in der Landwirtschaft: mit einheitlichen Definitionen zu einheitlichem Verständnis","Sirkka Schukat, Ludwig Theuvsen und Heinke Heise",mistral-medium-3.5-128b,rse_typology_prompt_v1,run_1,0,1.0,"Die Publikation beschreibt und definiert Begrifflichkeiten im Kontext von Digital Farming und Industrie 4.0, ohne dass eigene Forschungssoftware entwickelt, erweitert oder angepasst wird. Es handelt sich um eine konzeptionelle Arbeit zur Klärung von Begriffen und deren Einordnung, nicht um die Umsetzung von Software.",,,,,,,,,,,,,,,,,,,,,,
lni184/181,lni184,181.pdf,lni184/181.pdf,"FRIENDS – eine Kommunikationsbr¨ucke zwischen informatikfremden Fachexperten und Softwareentwicklern in der Anforderungsermittlung Ivonne Erfurth und Kathrin Kirchner Friedrich Schiller Universit¨at Jena, Deutschland",,mistral-medium-3.5-128b,rse_typology_prompt_v1,run_1,1,1.0,"Die Publikation beschreibt die Entwicklung und Anwendung des Werkzeugs C4U (CUTA for you), einer formalisierten Variante von Lafrenières CUTA. C4U wurde als Kommunikations- und Visualisierungsmedium zur Anforderungsermittlung entwickelt und explizit implementiert (z. B. durch die Einführung neuer Karten für Entscheidungen und Parallelitäten sowie die Definition von Transformationsregeln in UML und BPMN). Es handelt sich um eine konkrete, in der Arbeit umgesetzte Softwarelösung, die den Forschungsprozess unterstützt.",product_result,0.95,,"C4U ist das zentrale Ergebnis der Forschung und dient als Werkzeug zur Anforderungsermittlung. Die Publikation betont, dass C4U als Interviewleitfaden und Visualisierungsmedium entwickelt wurde, um die Kommunikation zwischen Fachexperten und Entwicklern zu verbessern. Die Software selbst ist das Deliverable der Studie.",anforderungen;entwurf;implementierung,0.98,,"Die Publikation beschreibt explizit die Phasen der Anforderungsermittlung (z. B. durch Interviews und CUTA-Sitzungen), den Entwurf (z. B. Anpassung der CUTA-Karten und Definition von Transformationsregeln) sowie die Implementierung von C4U als Werkzeug. Es gibt keine Hinweise auf Testen, Deployment oder Betrieb.",full_stack_application,0.85,requirements_engineering_tool,"C4U ist ein Werkzeug zur Unterstützung der Anforderungsermittlung und -modellierung. Es handelt sich um eine spezifische Anwendung, die als Kartenspiel implementiert ist und eine Brückenfunktion zwischen informellen Anforderungen und formalen Spezifikationen erfüllt. Da keine der vorgegebenen Subkategorien perfekt passt, wird 'requirements_engineering_tool' als neue Subkategorie vorgeschlagen. Die Software ist jedoch am ehesten als 'full_stack_application' einzuordnen, da sie eine eigenständige Lösung darstellt.",insufficient_information,1.0,,"Die Publikation nennt keine konkreten Programmiersprachen oder Technologien, die für die Implementierung von C4U verwendet wurden. Es wird nur die Transformation in UML und BPMN erwähnt, aber keine Implementierungssprache oder -technologie.",usability_study;empirical_study,0.95,,"C4U wurde in einer Pilotphase mit 15 Interviews in verschiedenen Anwendungsbereichen evaluiert. Die Evaluation umfasste die Praxistauglichkeit und Nutzerfreundlichkeit (Usability-Studie) sowie die Anwendung in realen Szenarien (empirische Studie). Die Rückmeldungen der Fachexperten wurden analysiert, um die Nützlichkeit und Verständlichkeit der Karten zu bewerten.",,
lni200/123,lni200,123.pdf,lni200/123.pdf,Perception-inﬂuenced Animation,"Daniel Schiffner, Detlef Krömker",mistral-medium-3.5-128b,rse_typology_prompt_v1,run_1,1,1.0,"Die Publikation beschreibt die Entwicklung und Implementierung eines Frameworks, das eine Soft-Body-Simulation (TC-SB) mit einer dynamischen TreeCut-Datenstruktur kombiniert, um Echtzeit-Anpassungen basierend auf visueller Saliency zu ermöglichen. Dies umfasst konkrete Implementierungsdetails (z. B. Integration in die Bullet Physics Library, C++-Prototyp, Algorithmen für TreeCut-Operationen) und ist damit klar als Forschungssoftware zu klassifizieren.",simulation_modellierung,1.0,,"Das Framework dient primär der Simulation von physikalischem Verhalten (Soft-Body-Simulation) und der dynamischen Anpassung der Simulationsdetailtiefe basierend auf Wahrnehmungsmodellen. Dies ist explizit als Simulation/Modellierung eines realweltlichen Phänomens (physikalische Objekte in 3D-Szenen) beschrieben (vgl. Abstract, Abschnitt 1, 3).",entwurf;implementierung;testen_qualitaetssicherung,1.0,,"Die Publikation beschreibt den Entwurf des Frameworks (Abschnitt 3: Architektur, BSWDF-Definition, TreeCut-Operationen), die Implementierung (C++-Prototyp, Integration in Bullet Physics Library, Abschnitt 3.1–3.4) sowie Performance-Tests und Ergebnisse (Abschnitt 6: Timing-Analysen, Vergleich mit Bullet SoftBody).",library_package;numerical_mathematical,1.0,,"Das Framework ist als Erweiterung der Bullet Physics Library (Bibliothek) implementiert und enthält numerische Berechnungskerne für die Soft-Body-Simulation (Mass Spring System, physikalische Berechnungen). Dies ist explizit in Abschnitt 3.1 (Bullet Library) und 3.2 (TreeCut als Datenstruktur für multi-resolutions Repräsentation) beschrieben.",c_cpp,1.0,,Die Implementierung des Prototyps erfolgt explizit in C++ (vgl. Abschnitt 6: 'We have implemented a prototype of the proposed system in C++').,performance_evaluation;testing,1.0,,"Die Evaluation umfasst Performance-Messungen (Timing-Analysen für TreeCut-Operationen, Abhängigkeit der Simulationszeit von Knotenanzahl, Abschnitt 6, Tabellen 1–2, Figuren 4–5) sowie technische Tests der Funktionalität (Vergleich mit Bullet SoftBody, Visualisierung der Ergebnisse in Figur 6).",,
lni328/EnviroInfo2022_ShortPaper_26,lni328,EnviroInfo2022_ShortPaper_26.pdf,lni328/EnviroInfo2022_ShortPaper_26.pdf,The application of image recognition methods to improve the performance of waste-to-energy plants,"Fenja Schwark, Henriette Garmatter, Maria Davila, Lisa Dawel, Alexandra Pehlken, Fabian Cyris and Roland Scharf",mistral-medium-3.5-128b,rse_typology_prompt_v1,run_1,1,0.95,"Die Publikation beschreibt die Entwicklung und Implementierung einer Bildverarbeitungsmethode zur Schätzung des Heizwerts von Abfall in einer Müllverbrennungsanlage. Es handelt sich um eine konkrete, selbst entwickelte Methode (inkl. Algorithmen und Datenarchitektur), die explizit als 'self-developed image recognition method' bezeichnet wird und in einer Fallstudie umgesetzt wurde. Die Software dient der Analyse von Bilddaten und Sensoren, um den LCV zu schätzen, was ein klares Forschungsziel ist.",datenanalyse,0.9,,"Die Software analysiert Bild- und Sensordaten, um den Heizwert (LCV) von Abfall zu schätzen. Dies ist eine explizite Datenanalyse für das übergeordnete Forschungsziel der Optimierung von Müllverbrennungsanlagen (vgl. Abstract: 'estimate the lower calorific value of waste as a new application of image recognition').",entwurf;implementierung,0.85,,"Der Entwurf der Methode (Datenarchitektur, Bildverarbeitungsansatz) wird detailliert beschrieben (Abschnitt 3 und 4). Die Implementierung ist in einer Fallstudie umgesetzt ('The presented method is implemented in a case study', Abschnitt 1). Es gibt keine explizite Erwähnung von Testen oder Deployment, daher werden diese Phasen nicht gewählt.",analysis_pipeline,0.9,,"Die Software besteht aus einer verketteten Verarbeitung von Bilddaten (Feed-Erkennung, Staubdetektion, Farbanalyse) und Sensoren, um den LCV zu schätzen. Dies entspricht einer Analyse-Pipeline (vgl. Abschnitt 3: 'image processing is performed to extract the information characterizing each feed' und Abschnitt 4: 'Flow diagram illustrating the architecture used to relate information gained by image processing to the sensor data').",insufficient_information,0.95,,"Es werden keine konkreten Programmiersprachen, Bibliotheken oder Frameworks explizit genannt. Die Methode basiert auf Bildverarbeitung und Sensoren, aber ohne Nennung von Technologien wie Python, OpenCV etc.",planned,0.8,,"Die Evaluation ist geplant, aber noch nicht abgeschlossen ('As the research is still ongoing, there are no final results available', Abschnitt 5). Es gibt keine Hinweise auf bereits durchgeführte Tests oder empirische Studien mit der Software.",,
lni67/GI-Proceedings.67-18,lni67,GI-Proceedings.67-18.pdf,lni67/GI-Proceedings.67-18.pdf,Evaluierung und Aufwandsschätzung bei der Integration von Open Source Software-Komponenten Stefan Koch und Christian Neumann Abteilung für Informationswirtschaft Wirtschaftsuniversität Wien,"Augasse - Wien, AUSTRIA",mistral-medium-3.5-128b,rse_typology_prompt_v1,run_1,0,1.0,"Die Publikation beschreibt ein Aufwandsschätzungsmodell für die Integration von Open Source Komponenten, inklusive Klassifikation, Evaluierung und Operationalisierung. Es wird keine eigene Forschungssoftware erstellt, erweitert oder angepasst, sondern ein konzeptioneller Ansatz zur Schätzung des Aufwands bei der Nutzung bestehender Open Source Software diskutiert. Die Arbeit bleibt auf der Ebene von Modellen, Metriken und Vorgehensweisen ohne Implementierung einer konkreten Software.",,,,,,,,,,,,,,,,,,,,,,
lni323/B2-2,lni323,B2-2.pdf,lni323/B2-2.pdf,Hardening the Security of Server-Aided MPC Using Remotely Unhackable Hardware Modules,"Dominik Doerner, Jeremias Mechler, Jörn Müller-Quade",mistral-medium-3.5-128b,rse_typology_prompt_v1,run_1,0,1.0,"Die Publikation beschreibt ein theoretisches Protokoll für servergestützte MPC mit Hardware-Modulen (z. B. Data Diodes, Air-Gap Switches) und beweist dessen Sicherheit im Fortified UC Framework. Es wird KEINE konkrete Implementierung, Code, Algorithmus-Umsetzung oder Software-Entwicklungsleistung beschrieben – nur ein Konzept und dessen formale Analyse. Explizit wird auf die 'full version' für Details verwiesen, was auf eine rein theoretische Arbeit hindeutet.",,,,,,,,,,,,,,,,,,,,,,
lni350/proceedings-02,lni350,proceedings-02.pdf,lni350/proceedings-02.pdf,Economically Viable Identity Ecosystems: Value Capture and Market Strategies,"Michael Kubach, Heiko Roßnagel",mistral-medium-3.5-128b,rse_typology_prompt_v1,run_1,0,1.0,"Die Publikation beschreibt Konzepte, Analysen und Strategien für digitale Identitätsökosysteme (z. B. EUDI Wallet, SSI, Wertschöpfungsketten, Marktstrategien), aber es gibt keine Hinweise auf die Erstellung, Erweiterung oder Anpassung von Forschungssoftware. Es werden keine Quellcode-Dateien, Algorithmen, Skripte oder ausführbare Programme erwähnt, die im Rahmen der Arbeit umgesetzt wurden. Die Arbeit konzentriert sich auf theoretische und empirische Analysen (z. B. qualitative Interviews, Ecosystem Pie Model) sowie auf die Diskussion von Marktmechanismen und Akteursrollen, nicht auf die Entwicklung von Software.",,,,,,,,,,,,,,,,,,,,,,
lni334/icspm2023-08,lni334,icspm2023-08.pdf,lni334/icspm2023-08.pdf,Framework für Geschäftsmodelle von Unternehmenssoftwareplattformen,"Marcus Pietzker, Felix Schönhofen, and Georg Herzwurm",mistral-medium-3.5-128b,rse_typology_prompt_v1,run_1,0,1.0,"Die Publikation beschreibt ein Framework zur Analyse und zum Vergleich von Geschäftsmodellen von Unternehmenssoftwareplattformen. Es handelt sich um ein konzeptionelles Modell ohne Implementierung, Entwicklung oder Anpassung von Software. Es werden keine Quellcode-Dateien, Algorithmen, Skripte oder ausführbare Programme erwähnt, die im Rahmen der Arbeit erstellt oder angepasst wurden. Die Arbeit bleibt auf der Ebene von Konzepten, Definitionen und theoretischen Rahmenwerken.",,,,,,,,,,,,,,,,,,,,,,
lni45/GI-Proceedings.45-7,lni45,GI-Proceedings.45-7.pdf,lni45/GI-Proceedings.45-7.pdf,Modellierung und kartographische Visualisierung von Geodaten mit XML-basierten Sprachen,"Karl Neumann, Brigitte Mathiak, Andreas Kupfer",mistral-medium-3.5-128b,rse_typology_prompt_v1,run_1,1,1.0,"Die Publikation beschreibt die Entwicklung und Implementierung eines Java-Programmpakets zur Umwandlung von Testdaten in GML-Dokumente sowie die Erstellung von XSLT-Templates zur Transformation von GML-Daten in SVG-Graphiken. Zudem wurden Style-Deﬁnitionen und Signaturen implementiert. Dies stellt eine eigene Entwicklungsleistung dar, die im Rahmen der Forschung umgesetzt wurde.",visualisierung_dissemination,1.0,,"Die Software dient primär der kartenähnlichen Visualisierung von Geodaten (SVG-Generierung aus GML-Daten), was explizit im Abstract und Text (z. B. Abschnitt 3 und 4) beschrieben wird.",entwurf;implementierung,1.0,,Der Text beschreibt den Entwurf eines GML-Schemas (Abschnitt 2.2) sowie die Implementierung eines Java-Programmpakets zur Datenumwandlung (Abschnitt 5) und XSLT-Templates zur Transformation (Abschnitt 4).,full_stack_application,0.9,,"Die Software besteht aus mehreren Komponenten (Java-Programm zur Datenumwandlung, XSLT-Templates für die Transformation, SVG-Generierung), die zusammen eine vollständige Pipeline zur Visualisierung bilden. Dies entspricht einer Full-Stack-Anwendung im Kontext der Geodatenverarbeitung.",java_jvm;xml_xsd,1.0,,"Explizit genannt: Java-Programmpaket (Abschnitt 5) und XML-basierte Sprachen (GML, XSLT, SVG) (Abstract, Abschnitte 2–4).",testing,0.8,,Die Software wurde gegen die GML-Spezifikation validiert (Abschnitt 2.2: 'mit dem frei verfügbaren Parser „Xerces“ [...] validiert') und die generierten SVG-Graphiken wurden visuell überprüft (Abschnitt 5: 'Ausschnitt der so visualisierten und umgesetzten Testdaten'). Dies entspricht einem technischen Test der Funktionalität.,,
lni145/gi-proc-145-063,lni145,gi-proc-145-063.pdf,lni145/gi-proc-145-063.pdf,DYONIPOS: Wissensmanagement ohne Mehrarbeit,"Josef Makolm, Silke Weiß, Doris Ipsmiller IT-Sektion Bundesministerium für Finanzen Hintere Zollamtsstraße b Wien",mistral-medium-3.5-128b,rse_typology_prompt_v1,run_1,1,1.0,"Die Publikation beschreibt die Entwicklung und Implementierung des DYONIPOS-Prototyps, einer Pilot-Software, die im Rahmen eines Forschungsprojekts erstellt wurde. Es handelt sich um eine konkrete, umgesetzte Softwarelösung mit expliziten Funktionen wie semantischer Verknüpfung, Wissensbasis-Generierung und kontextsensitiver Bereitstellung von Wissen. Die Software wurde nicht nur konzipiert, sondern auch als lauffähiger Prototyp realisiert und in einem Use-Case-Projekt eingesetzt.",product_result,1.0,,"Der DYONIPOS-Prototyp ist das zentrale Ergebnis des Forschungsprojekts. Die Publikation betont, dass die Software als Pilotimplementierung entwickelt wurde, um die proaktive und kontextsensitive Wissensbereitstellung zu ermöglichen. Es geht nicht primär um die Evaluation eines Algorithmus, sondern um das System selbst als Forschungsprodukt (vgl. Abschnitt 3 und 4: 'prototypische Implementierung eines Wissensmanagement-Systems', 'DYONIPOS-Prototypen').",projektdefinition;anforderungen;entwurf;implementierung;deployment_betrieb,0.95,,"Die Publikation beschreibt alle Phasen: Projektdefinition (Abschnitt 1–2: Motivation, Problemraum), Anforderungen (implizit durch die Beschreibung der Wissensbedarfe und Zugriffsrechte, Abschnitt 3), Entwurf (Architektur mit semantischen Technologien, Knowledge Flow Analyse, Abschnitt 3), Implementierung (Entwicklung des Prototyps, Abschnitt 4: 'fertige DYONIPOS-Prototyp analysiert alle elektronischen Artefakte'), Deployment/Betrieb (Einsatz im Use-Case-Projekt des Bundesministeriums für Finanzen, Abschnitt 4).",full_stack_application;middleware_service,0.9,,"DYONIPOS ist eine Full-Stack-Anwendung, die Frontend-Interaktionen (z. B. Task Recognizer, Visualisierung) mit Backend-Prozessen (Wissensbasis, semantische Verknüpfung) kombiniert (Abschnitt 4: 'Mitarbeiter arbeiten mit Standardanwendungen [...] Sensoren entwickelt'). Zudem agiert sie als Middleware, da sie heterogene Wissensquellen (ELAK, Server-Dateisystem, Livelink, KOMPASS) integriert und semantisch anreichert (Abschnitt 3: 'Integration von heterogenen Wissensquellen').",insufficient_information,1.0,,"Es werden keine konkreten Programmiersprachen, Frameworks oder Technologien explizit genannt. Die erwähnten Systeme (Microsoft Office, Internet Explorer, Novell GroupWise, ELAK, Livelink, KOMPASS) sind Standardanwendungen, keine Technologien der Forschungssoftware selbst.",empirical_study;conceptual_evaluation,0.85,,"Die Software wurde im Use-Case-Projekt des Bundesministeriums für Finanzen empirisch eingesetzt und evaluiert (Abschnitt 4: 'Parallel zum Forschungsprojekt [...] wird in der IT-Sektion [...] das Use-Case Projekt DYONIPOS durchgeführt'). Zudem wurde das Konzept bei Stakeholdern (Wissenschafter, User, IT-Fachleute, Personalvertretung) validiert (Abschnitt 5: 'Miteinbeziehung aller Stakeholder [...] in den Entwicklungsprozess'). Eine technische Evaluation (z. B. Testing) wird nicht explizit beschrieben.",,
lni326/eam_02,lni326,eam_02.pdf,lni326/eam_02.pdf,Flexibilität in Cloud ERP Systemen für bessere Unternehmensprozesse Ansatzpunkte für individuelle Anpassungen,"Dirk Bamberger, Farid Okhovat, Dr. Carsten Brockmann, Martina Sturm",mistral-medium-3.5-128b,rse_typology_prompt_v1,run_1,0,1.0,"Die Publikation beschreibt die Einführung und Anpassung eines kommerziellen ERP-Systems (S/4HANA Public Cloud) für betriebliche Zwecke (Unternehmensprozesse, Governance, Integration). Es handelt sich um eine rein administrative/betriebliche Softwarelösung ohne Forschungszweck. Zwar werden Eigenentwicklungen (z. B. operatives Projektmanagement, Workflows, Dashboards) erwähnt, diese dienen jedoch ausschließlich der Anpassung eines kommerziellen Systems an betriebliche Anforderungen und nicht der Beantwortung einer wissenschaftlichen Forschungsfrage oder der Generierung wissenschaftlicher Erkenntnisse.",,,,,,,,,,,,,,,,,,,,,,
lni330/GIL_2023_Moser-Beutel_423-428,lni330,GIL_2023_Moser-Beutel_423-428.pdf,lni330/GIL_2023_Moser-Beutel_423-428.pdf,"C. Hoffmann et al.: Resiliente Agri-Food-Systeme, Lecture Notes in Informatics (LNI), Gesellschaft für Informatik, Bonn 2023 423 Chancen der Remote-Zertifizierung im Agrar-und Ernährungssektor am Beispiel ausgewählter IFA-Zertifizierungsaudits von GLOBALG.A.P","Ariane Moser-Beutel, Luisa Kiesecker, Andreas Meyer-Aurich und Kristian Möller",mistral-medium-3.5-128b,rse_typology_prompt_v1,run_1,0,1.0,"Die Publikation beschreibt eine Datenanalyse von Remote-Audits im Agrar- und Ernährungssektor, nutzt dabei jedoch nur bestehende Tools (z. B. SAS für statistische Auswertungen) ohne eigene Entwicklungsleistung an Forschungssoftware. Es gibt keine Hinweise auf Quellcode, Algorithmen, Skripte oder angepasste Software, die im Rahmen der Studie erstellt oder maßgeblich modifiziert wurde.",,,,,,,,,,,,,,,,,,,,,,
lni191/115,lni191,115.pdf,lni191/115.pdf,Efﬁcient Database Techniques for Identiﬁcation with Fuzzy Vault Templates,"Christian Böhma, Ines Färberb, Sergej Friesb, Ulrike Kortec, Johannes Merkled, Annahita Oswalda, Thomas Seidlb, Bianca Wackersreuthera, Peter Wackersreuthera",mistral-medium-3.5-128b,rse_typology_prompt_v1,run_1,1,1.0,"Die Publikation beschreibt die Entwicklung und Implementierung von drei konkreten Ansätzen (GeoMatch, DistMatch, BioSimJoin) zur effizienten Identifikation in großen Datenbanken mit Fuzzy-Vault-geschützten biometrischen Templates. Diese Ansätze wurden explizit als Software implementiert (Java 6.0) und evaluiert, um die Identifikationsleistung zu verbessern.",datenanalyse,1.0,,Die Software dient primär der Analyse von biometrischen Daten (Fingerabdruck-Minutiae) zur effizienten Identifikation in großen Datenbanken. Dies ist explizit im Abstract und Text (z. B. Abschnitt 3: 'Efficient Filtering Techniques') beschrieben.,entwurf;implementierung;testen_qualitaetssicherung,1.0,,"Die Publikation beschreibt den Entwurf der drei Ansätze (Abschnitt 3), ihre Implementierung in Java (Abschnitt 5: 'All approaches were implemented in Java 6.0') sowie die Evaluation (Abschnitt 5: Experimente zur Effektivität und Effizienz).",analysis_pipeline,0.9,,"Die Software besteht aus Analyse-Pipelines (Filtertechniken wie GeoMatch, DistMatch, BioSimJoin), die Daten sequentiell verarbeiten (z. B. Priorisierung von Datenbankeinträgen, Vergleich von Minutiae-Templates). Dies ist explizit in Abschnitt 3 und 5 beschrieben.",java_jvm,1.0,,Die Implementierung erfolgte explizit in Java 6.0 (Abschnitt 5: 'All approaches were implemented in Java 6.0').,benchmarking;performance_evaluation;testing,1.0,,"Die Software wurde auf öffentlichen Datensätzen (FVC, MCYT) evaluiert (Benchmarking), wobei Effektivität (Position in der Kandidatenliste) und Effizienz (Laufzeit) gemessen wurden (Abschnitt 5: 'Experiments'). Zudem wurde die funktionale Korrektheit durch Tests auf Teilmengen der Daten überprüft (Abschnitt 5.1: 'Evaluation of Parameters').",,
lni225/305,lni225,305.pdf,lni225/305.pdf,Analyzing Model Dependencies for Rule-based Regression,"Test Selection Qurat-ul-ann Farooq, Steffen Lehnert, Matthias Riebisch",mistral-medium-3.5-128b,rse_typology_prompt_v1,run_1,1,1.0,"Die Publikation beschreibt die Entwicklung und Implementierung des Prototyps EMFTrace, einer Eclipse-basierten Tool-Suite, die explizit für die Analyse von Modellabhängigkeiten und die Unterstützung von Regressionstests in der Softwareentwicklung erstellt wurde. Dies erfüllt die Kriterien für Forschungssoftware, da es sich um eine eigene Entwicklungsleistung handelt, die im Rahmen der Forschung umgesetzt wurde.",product_result,1.0,,EMFTrace ist das primäre Ergebnis der Forschung und dient als Prototyp-Tool zur Umsetzung der vorgeschlagenen Methode für modellbasiertes Regressionstesting. Der Fokus liegt auf dem Bau des Systems selbst (vgl. Abschnitt 6: 'We implemented our approach in a prototype tool called EMFTrace').,entwurf;implementierung;testen_qualitaetssicherung,1.0,,"Die Publikation behandelt den Entwurf (Abschnitt 4: Überblick über den Ansatz, Abhängigkeitsbeziehungen, Änderungen, Impact-Regeln), die Implementierung (Abschnitt 6: Tool EMFTrace) und das Testen/Qualitätssicherung (Abschnitt 7: Evaluation des Ansatzes und Anwendung auf ein Fallbeispiel).",plugin_extension;full_stack_application,0.95,,EMFTrace ist ein Eclipse-basiertes Tool (Plugin/Erweiterung) und bietet eine vollständige Lösung für die Analyse von Modellabhängigkeiten und Regressionstests (Full-Stack-Anwendung im Kontext der Modellierung). Die Beschreibung in Abschnitt 6 ('Eclipse-based tool which is built upon the Eclipse Modeling Framework') belegt dies.,java_jvm;xml_xsd,1.0,,"EMFTrace basiert auf dem Eclipse Modeling Framework (EMF), das in Java implementiert ist (vgl. Abschnitt 6: 'built upon the Eclipse Modeling Framework'). Zudem werden UML/BPMN-Modelle verwendet, die auf XML basieren (z. B. UTP, BPMN, UML sind XML-basierte Modellierungssprachen).",testing;empirical_study,1.0,,"Die Evaluation umfasst technisches Testen der Funktionalität von EMFTrace (Abschnitt 7.1: Kriterien nach Rothermel et al.) sowie eine empirische Anwendung auf ein Fallbeispiel (Field Service Technician Case Study, Abschnitt 7.2).",,
lni68/GI-Proceedings.68-17,lni68,GI-Proceedings.68-17.pdf,lni68/GI-Proceedings.68-17.pdf,Structuring and indexing digital archives of radio broadcasters,Martha Larson,mistral-medium-3.5-128b,rse_typology_prompt_v1,run_1,1,0.95,"Die Publikation beschreibt explizit die Entwicklung und Anwendung automatischer Methoden zur Strukturierung und Indexierung von Audioarchiven, darunter Segmentierung (Bayesian Information Criterion), Speech/Non-Speech-Klassifikation und Speaker-Clustering. Diese Methoden werden als Teil eines Pilotprojekts implementiert und evaluiert, was auf eigene Entwicklungsleistung hindeutet. Zudem wird ein syllabenbasiertes Spracherkennungssystem erwähnt, das für die automatische Transkription verwendet wird.",datenanalyse,0.9,,"Die Software dient primär der Analyse von Audiodaten (Segmentierung, Klassifikation, Clustering, Spracherkennung) für das übergeordnete Forschungsziel der automatischen Strukturierung und Indexierung von Audioarchiven. Dies ist explizit im Abstract und Text (Abschnitte 3 und 4) beschrieben.",projektdefinition;entwurf;implementierung;testen_qualitaetssicherung,0.85,,"Das Paper beschreibt die Projektdefinition (Abschnitt 1: Ziele und Motivation), den Entwurf (Abschnitt 3: Methoden wie Bayesian Information Criterion, Speech/Non-Speech-Klassifikation), die Implementierung (automatische Segmentierung, Clustering) und das Testen (Evaluierung der Robustheit der Klassifikation, z. B. 'current technology performs speech/non-speech classification at a level of robustness that makes such classification useful').",analysis_pipeline,0.9,,"Die Software besteht aus einer verketteten Verarbeitungspipeline für Audiodaten: Segmentierung, Klassifikation (Speech/Non-Speech), Clustering (Speaker-Tracking) und Spracherkennung (syllabenbasiert). Dies entspricht der Definition einer Analyse-Pipeline.",insufficient_information,0.95,,"Es werden keine konkreten Programmiersprachen, Frameworks oder Technologien genannt. Die Methoden (z. B. Bayesian Information Criterion) sind algorithmisch beschrieben, aber ohne Bezug zu einer Implementierungssprache oder einem Techstack.",testing;performance_evaluation,0.8,,Die Publikation erwähnt die Evaluierung der Robustheit der Speech/Non-Speech-Klassifikation ('current technology performs speech/non-speech classification at a level of robustness') sowie die geplante Optimierung der Spracherkennung für bestimmte Klassen von Sprache (Performance-Evaluation). Zudem wird die Machbarkeit der automatischen Methoden im Pilotprojekt getestet.,,
lni312/proceedings-18,lni312,proceedings-18.pdf,lni312/proceedings-18.pdf,"H. Roßnagel, S. Mödersheim, C. Schunck (Hrsg.): Open Identity Summit 2021, Lecture Notes in Informatics (LNI), Gesellschaft für Informatik, Bonn 2021 205 Analyzing Requirements for Post Quantum Secure Machine Readable Travel Documents","Frank Morgner, Jonas von der Heyden",mistral-medium-3.5-128b,rse_typology_prompt_v1,run_1,0,1.0,"Die Publikation analysiert Anforderungen und mögliche Algorithmen für post-quantum-sichere MRTDs, führt aber keine eigene Implementierung, Erweiterung oder Anpassung von Forschungssoftware durch. Es handelt sich um eine konzeptionelle Studie ohne explizite Nennung von selbst entwickelter Software. Die genannten Benchmarks (z. B. PQDB) sind externe Tools, die nur referenziert werden.",,,,,,,,,,,,,,,,,,,,,,
lni13/29_InfoSysofReas-Stud-Consul,lni13,29_InfoSysofReas-Stud-Consul.pdf,lni13/29_InfoSysofReas-Stud-Consul.pdf,"Information System of Research, Studies and Consulting for Agriculture in Lithuania Stasys Martišius and Linas Stabingis Lithuanian University of Agriculture Preface",Information in our days is very important for management of farms and agricultural en- terprises as far as enterprises of agricultural processing industry. A lot of information is,mistral-medium-3.5-128b,rse_typology_prompt_v1,run_1,0,1.0,"Die Publikation beschreibt die Konzeption, Anforderungen und Struktur eines Informationssystems (ISRSC) für die Landwirtschaft, inklusive Datenbankdesign und Nutzungsanforderungen. Es handelt sich um eine Systemarchitektur und Spezifikation ohne explizite Implementierung oder eigene Entwicklungsleistung an Software. Die Software selbst (z. B. Datenbanken, Web-Services) wird nicht als Forschungssoftware erstellt, sondern als administratives/operatives System für Datenmanagement und Informationsaustausch. Es gibt keine Hinweise auf Quellcode, Algorithmen oder konkrete Implementierungen, die für Forschungszwecke entwickelt wurden.",,,,,,,,,,,,,,,,,,,,,,
lni356/Lea-Reinartz,lni356,Lea-Reinartz.pdf,lni356/Lea-Reinartz.pdf,"Design, Realisierung und Evaluation von Scaffolds zur Unterstützung von Lernprozessen im Hochschulkontext","Lea Reinartz , Sarah Schneeweiß und Andreas Harrer",mistral-medium-3.5-128b,rse_typology_prompt_v1,run_1,1,1.0,"Die Publikation beschreibt die Entwicklung und Implementierung eines Scaffolding-Systems als Webanwendung, das explizit für die Unterstützung von Lernprozessen im Hochschulkontext (UML-Diagramm-Modellierung) erstellt wurde. Es handelt sich um eine konkrete, umgesetzte Software mit Algorithmen (z. B. JavaScript-Algorithmus zur Prüfung von UML-Diagrammen) und einer flexiblen Architektur für Prozessmodelle.",human_facing_intervention,1.0,,"Das Scaffolding-System ist eine Mensch-zugewandte Intervention, mit der Studierende direkt interagieren, um Lernprozesse (UML-Modellierung) zu unterstützen. Dies wird explizit in Abschnitt 4 (Pilotstudie) und der Beschreibung der Webanwendung (Abschnitt 3) belegt.",projektdefinition;entwurf;implementierung;testen_qualitaetssicherung;deployment_betrieb,1.0,,"Projektdefinition (Abschnitt 1–2: Motivation, IPPOLIS-Projektvorstellung), Entwurf (Abschnitt 3: Architektur, Prozessmodell-Spezifikation), Implementierung (Abschnitt 3: Webanwendung mit JavaScript, Local Storage), Testen/Qualitätssicherung (Abschnitt 4.3: Fragebogen-basierte Evaluation der Usability), Deployment/Betrieb (Abschnitt 4: Einsatz in einer Lehrveranstaltung mit 120 Studierenden).",full_stack_application,1.0,,"Die Software ist als Webanwendung (Fat-Client-Architektur) umgesetzt, die Frontend (JavaScript, dynamisch generierte Oberfläche) und Backend-Logik (clientseitige Verarbeitung, Local Storage) kombiniert. Dies wird in Abschnitt 3 explizit beschrieben.",javascript_web;xml_xsd,1.0,,JavaScript wird explizit als Technologie für die clientseitige Ausführung und dynamische Generierung der Oberfläche genannt (Abschnitt 3). XML wird als Format für die UML-Diagramme (XML-Datei) und deren Verarbeitung via Document Object Model (DOM) erwähnt (Abschnitt 4.2).,usability_study;empirical_study,1.0,,"Usability-Studie: Fragebogen-basierte Bewertung der Anwendung (Abschnitt 4.3, UEQ-inspiriert). Empirische Studie: Feldversuch in einer Lehrveranstaltung mit 120 Studierenden, um die Nutzung und Wahrnehmung des Systems zu evaluieren (Abschnitt 4).",,
lni154/cd-2784,lni154,cd-2784.pdf,lni154/cd-2784.pdf,Eine modellbasierte Architektur für den Useware-Engineering Prozess,"Gerrit Meixner, Daniel Görlich",mistral-medium-3.5-128b,rse_typology_prompt_v1,run_1,1,0.95,"Die Publikation beschreibt explizit die Entwicklung einer modellbasierten Werkzeugkette (u.a. Modelltransformatoren, Modelleditoren, Quellcodegeneratoren) sowie die Generierung eines Applikationsgerüsts für Benutzungsschnittstellen. Dies stellt eine konkrete Implementierung dar, die im Rahmen der Forschung erstellt wurde (vgl. Kapitel 3, insbesondere Abschnitte zu DISL, UIML und der Gesamtarchitektur).",product_result,0.9,,"Die Software (modellbasierte Werkzeugkette, Applikationsgerüst) ist das zentrale Ergebnis der Forschung. Der Beitrag liegt im Bau der Architektur und der Integration der Modelle/Transformatoren, nicht in der Analyse von Daten oder der Beantwortung einer inhaltlichen Forschungsfrage (vgl. Kapitel 3 und 4: 'Integrationsansatz', 'modellbasierte Werkzeugkette', 'Applikationsgerüst').",entwurf;implementierung,0.95,,"Die Publikation behandelt explizit den Entwurf der Modellarchitektur (vgl. Kapitel 3: 'Definition einer modellbasierten Architektur', Abbildung 2) sowie die Implementierung von Transformatoren und Generatoren (vgl. 'Quellcodegeneratoren', 'Applikationsgerüst'). Es gibt keine Hinweise auf Deployment/Betrieb oder Testen im engeren Sinne.",full_stack_application;domain_specific_language,0.9,,"Die Werkzeugkette (inkl. Modelleditoren, Transformatoren) stellt eine Full-Stack-Anwendung dar. Zudem werden explizit domänenspezifische Sprachen genannt: DISL ('Dialog and Interaction Specification Language') und UIML ('User Interface Markup Language') (vgl. Kapitel 3).",xml_xsd,1.0,,Die Publikation nennt explizit XML-basierte Sprachen: 'Useware Markup Language' (XML-basiert) und UIML (vgl. Kapitel 2 und 3). Keine anderen Programmiersprachen oder Technologien werden direkt genannt.,usability_study;planned,0.85,,"Es werden Usability-Tests mit Nutzern beschrieben (vgl. Kapitel 2: 'parallele Evaluation', 'getestet und bewertet werden'). Zudem ist eine weitere Evaluation geplant (vgl. Kapitel 4: 'Aktuell werden Transformationsprozesse [...] entwickelt'). Keine technischen Tests oder Benchmarks werden erwähnt.",,
lni356/Tabea-Dobbrunz,lni356,Tabea-Dobbrunz.pdf,lni356/Tabea-Dobbrunz.pdf,Produktionstechnisches Vorgehen und Demonstration der Erstellung einer Selbstlernakademie für IT-Sicherheit,"Tabea Dobbrunz, Miriam Naß, Sina Warmer, Norbert Pohlmann und Andreas Harrer",mistral-medium-3.5-128b,rse_typology_prompt_v1,run_1,0,0.95,"Die Publikation beschreibt die produktionstechnische Erstellung einer Selbstlernakademie für IT-Sicherheit (SecAware.nrw) als Lernangebot. Es handelt sich um ein didaktisches, multimediales System (Videos, interaktive Elemente, Skripte), das mit Standard-Tools wie Adobe Illustrator, Adobe After Effects, Articulate Storyline 360 und Articulate Rise 360 erstellt wurde. Es gibt keine Hinweise darauf, dass eigene Forschungssoftware (Quellcode, Algorithmen, Skripte, Workflows etc.) entwickelt, erweitert oder angepasst wurde. Die Software dient primär der Wissensvermittlung und nicht der Beantwortung einer Forschungsfrage oder der Unterstützung eines Forschungsprozesses.",,,,,,,,,,,,,,,,,,,,,,
lni300/D1-07,lni300,D1-07.pdf,lni300/D1-07.pdf,MoMuT -Eine Transfer-Geschichte über modellbasiertes Testen,Rupert Schlick,mistral-medium-3.5-128b,rse_typology_prompt_v1,run_1,1,1.0,"Die Publikation beschreibt explizit die Entwicklung, Erweiterung und Anpassung der MoMuT-Familie von Testfallgeneratoren (z. B. Transformation von UML nach OOAS, Implementierung in C++, Java, Prolog, Integration von SMT-Solvern wie Z3, Plug-ins für Rodin/Event-B, DSL-Entwicklung für AVL). Dies sind klare Beispiele für Forschungssoftware, die im Rahmen der Arbeit erstellt, erweitert oder angepasst wurde.",product_result,0.95,,"Die MoMuT-Familie ist das zentrale Ergebnis der Forschung, wobei der Beitrag im Bau und der Integration des Systems liegt (z. B. 'AIT entwickelte einen neuen, wieder enumerativen Generator', 'Plug-in für Rodin', 'DSL für AVL'). Die Software ist nicht nur Mittel zum Nachweis eines Algorithmus, sondern das Produkt selbst.",projektdefinition;anforderungen;entwurf;implementierung;testen_qualitaetssicherung;deployment_betrieb,0.98,,"Der Text deckt alle Phasen ab: Projektdefinition (z. B. FP7-Projekt MOGENTES, 'Ideenfindung'), Anforderungen (Industriepartner bringen Beispiel-Probleme ein), Entwurf (Architekturentscheidungen wie OOAS-Transformation, LLVM-IR), Implementierung (konkrete Code-Umsetzung in C++, Java, Prolog), Testen/Qualitätssicherung (Mutationsabdeckung, Performance-Optimierungen), Deployment/Betrieb (Produktiveinsatz bei AVL, geplante Kundenprojekte in EMBEET).",library_package;plugin_extension;domain_specific_language;full_stack_application,0.95,,"MoMuT umfasst: (1) Bibliotheken/Frameworks (z. B. Testfallgeneratoren als wiederverwendbare Komponenten), (2) Plug-ins (Rodin-Plug-in für Event-B), (3) eine domänenspezifische Sprache (DSL für AVL), (4) Full-Stack-Anwendungen (integrierte Modellentwicklungsumgebung in EMBEET).",java_jvm;c_cpp;csharp_dotnet;prolog;formal_specification_languages,1.0,,"Explizit genannt: Java (Migration von VIATRA nach Java), C++ (Generator-Implementierung), C# (frühe Implementierung), Prolog (symbolische Techniken mit Z3), Event-B/Rodin (formale Spezifikationssprache).",testing;performance_evaluation;empirical_study,0.95,,"Testing: Mutationsabdeckung als Testziel ('Testsequenzen gesucht, in denen sich das Verhalten unterscheidet'). Performance-Evaluation: Skalierungsprobleme und Optimierungen (z. B. 'Skalierungsprobleme', 'symbolische Techniken und SMT-Solver', 'Partial Order Reduction'). Empirische Studie: Anwendung auf reale Industriebeispiele (z. B. Eisenbahnstellwerk, Baggerschaufel, Abgas-Messgerät) zur Validierung.",,
lni90/GI-Proceedings-90-23,lni90,GI-Proceedings-90-23.pdf,lni90/GI-Proceedings-90-23.pdf,Ansätze zur Lösung der Integrationsproblematik bei Prozessportalen,"Rainer Alt, Thomas Puschmann",mistral-medium-3.5-128b,rse_typology_prompt_v1,run_1,0,1.0,"Die Publikation beschreibt ein erweitertes Architekturmodell für Prozessportale und diskutiert Integrationstechnologien (Portlets, Web-Services, EAI) sowie deren beispielhafte Umsetzung bei einem Automobilunternehmen. Es handelt sich um eine konzeptionelle Arbeit mit Fokus auf Architektur, Anforderungen und Vergleich bestehender Ansätze. Es wird keine eigene Forschungssoftware implementiert, erweitert oder angepasst – stattdessen werden bestehende Technologien und Standards analysiert und kombiniert. Die Umsetzung bei der Automobile Group bezieht sich auf die Anwendung und Integration bereits existierender Systeme (z. B. TIBCO PortalBuilder, SAP NetWeaver), nicht auf die Entwicklung neuer Forschungssoftware.",,,,,,,,,,,,,,,,,,,,,,
lni299/GIL_2020_EL Benni_061-066,lni299,GIL_2020_EL Benni_061-066.pdf,lni299/GIL_2020_EL Benni_061-066.pdf,"M. Gandorfer et al.: Digitalisierung für Mensch, Umwelt und Tier, Lecture Notes in Informatics (LNI), Gesellschaft für Informatik, Bonn 2020 61 Der Umgang der Schweiz mit der Digitalisierung der Land-und Ernährungswirtschaft",Charta Digitalisierung Nadja El Benni,mistral-medium-3.5-128b,rse_typology_prompt_v1,run_1,0,1.0,"Die Publikation beschreibt die Charta Digitalisierung der Land- und Ernährungswirtschaft in der Schweiz, deren Leitlinien, Akteure und Umsetzungsbeispiele (z. B. AGIS, Barto AG, Swiss Future Farm). Es werden keine eigenen Quellcode-Dateien, Algorithmen, Skripte oder implementierte Softwarelösungen als Ergebnis der beschriebenen Arbeit präsentiert. Stattdessen werden bestehende Systeme (z. B. AGIS, 365FarmNet) referenziert oder ihre Anwendung beschrieben, ohne dass eine eigene Entwicklungsleistung oder Anpassung im Rahmen dieser Publikation stattfand. Die Software ist hier Mittel der Digitalisierung, nicht Gegenstand der Forschung oder deren Ergebnis.",,,,,,,,,,,,,,,,,,,,,,
lni41/GI-Proceedings.41-42,lni41,GI-Proceedings.41-42.pdf,lni41/GI-Proceedings.41-42.pdf,A Comparison of Parallel Programming Models of Network Processors,"Carsten Albrecht, Rainer Hagenau and Erik Maehle",mistral-medium-3.5-128b,rse_typology_prompt_v1,run_1,0,0.95,"Die Publikation analysiert und vergleicht bestehende Parallelprogrammiermodelle (run-to-completion, pipelining) für Network Processors (IBM PowerNP, Intel IXP1200) und evaluiert deren Performance. Es wird keine eigene Forschungssoftware entwickelt, erweitert oder angepasst – stattdessen werden Referenzimplementierungen der Hersteller (z. B. IPv4-Forwarding-Code) verwendet und analysiert. Die Arbeit ist eine vergleichende Studie, keine Softwareentwicklung.",,,,,,,,,,,,,,,,,,,,,,
lni194/143,lni194,143.pdf,lni194/143.pdf,"„ATB Modeling Database“, Entwicklung eines Systems für die Modellierung des Wasserbedarfs in der Landwirtschaft Uwe Hunstock2), Katrin Drastig1) 1)Leibniz-Institut für Agrartechnik Potsdam-Bornim e.V. (ATB) Max-Eyth-Allee 100",Potsdam,mistral-medium-3.5-128b,rse_typology_prompt_v1,run_1,1,1.0,"Die Publikation beschreibt die Entwicklung der Software 'ATB Modeling Database', die explizit für die Modellierung des Wasserbedarfs in der Landwirtschaft erstellt wurde. Es handelt sich um eine eigene Implementierung mit eingebettetem JavaScript-Code, MongoDB-Datenbank und spezifischen Modellen/Objekten, die für den Forschungszweck maßgeschneidert sind.",simulation_modellierung,1.0,,"Die Software dient primär der Modellierung und Simulation des Wasserbedarfs in der Landwirtschaft (vgl. Abstract: 'Modellierung des Wasserbedarfs', Text: 'Modelle enthalten Formeln, die in Javascript implementiert sind und im Modell-Datenbankobjekt als eingebetteter Code gespeichert sind').",entwurf;implementierung;deployment_betrieb,1.0,,"Entwurf: Architektur und Konzept der Software werden detailliert beschrieben (z. B. Objekte, Modelle, Templates). Implementierung: Konkrete Umsetzung in MongoDB und JavaScript (vgl. 'Datenbankdokument des Objektes oder Modells selbst enthält allen Programmcode in Form von Javascript'). Deployment/Betrieb: Die Software ist auf drei verteilten Servern repliziert und einsatzbereit (vgl. 'Die im aktuellen Entwicklungsprojekt verwendete Datenbank ist über drei verteilte Server repliziert, welche nach wenigen Stunden Installationszeit einsatzbereit waren').",full_stack_application,0.9,,"Die Software besteht aus mehreren Komponenten (Datenbankbrowser, Modellierung, Datenbank, grafische Auswertung), die zusammen eine Full-Stack-Anwendung bilden (vgl. 'Die Software ist in vier Teile gegliedert: Datenbankbrowser, Modellierung, Datenbank, Grafische Auswertung').",javascript_web;sql_db,1.0,,"JavaScript: Eingebetteter Code in den Modellen ist in JavaScript implementiert (vgl. 'Modelle enthalten Formeln, die in Javascript implementiert sind'). SQL_Db: MongoDB wird als dokumentorientierte Datenbankplattform verwendet (vgl. 'Zum Einsatz kommt eine dokumentorientierte freie Datenbankplattform, „MongoDB“').",performance_evaluation,0.8,,"Die Publikation betont die extrem hohe Verarbeitungsgeschwindigkeit der Software bei Modellierungen mit Zugriff auf große Datenmengen (vgl. 'Extrem hohe Verarbeitungsgeschwindigkeit bei Modellierungen mit Zugriff auf große Datenmengen'). Dies deutet auf eine Performanzevaluation hin, auch wenn keine detaillierten Metriken genannt werden.",,
lni176/907,lni176,907.pdf,lni176/907.pdf,Bearings Only Versus Bearings and Extent Tracking for Missile Guidance Systems Utilising Particle Methods,"Alexander Watson, Lyudmila Mihaylova, Dave Vorley",mistral-medium-3.5-128b,rse_typology_prompt_v1,run_1,1,0.95,"Die Publikation beschreibt die Implementierung und den Vergleich von Particle Filtern (PF) und Square Root Unscented Kalman Filtern (SRUKF) für ein konkretes Forschungsproblem (Missile Guidance Systems). Die Algorithmen werden explizit als umgesetzt und in Simulationen evaluiert beschrieben (z. B. 'The filters are initialised with 10% perturbed initial conditions', 'Results are presented in Section 4'). Dies deutet auf eigene Entwicklungsleistung hin, die über die bloße Anwendung bestehender Software hinausgeht.",simulation_modellierung,0.95,,"Die Software wird zur Simulation und Modellierung des Missile-Guidance-Systems eingesetzt, um die Performance der Filter (PF und SRUKF) in einem geschlossenen Regelkreis zu evaluieren. Dies wird explizit in Abschnitt 1 (Motivation) und 4 (Performance Analysis) beschrieben, wo die Systemdynamik und Messmodelle simuliert werden.",entwurf;implementierung;testen_qualitaetssicherung,0.9,,Der Entwurf der Filter (z. B. PF und SRUKF) wird in Abschnitt 3 beschrieben ('Proposed Solutions'). Die Implementierung ist implizit durch die Simulationen und Ergebnisse belegt (Abschnitt 4). Testen/Qualitätssicherung wird durch die Monte-Carlo-Simulationen und RMSE-Berechnungen (Abschnitt 4.1) belegt.,numerical_mathematical,0.95,,"Die Software besteht aus numerischen Algorithmen (Particle Filter, SRUKF), die mathematische Berechnungen zur Zustands-Schätzung durchführen. Dies wird in Abschnitt 3.1 und 3.2 detailliert beschrieben.",insufficient_information,0.8,,"Es gibt keine explizite Nennung einer Programmiersprache oder eines Techstacks im Text. Die Algorithmen (PF, SRUKF) könnten in verschiedenen Sprachen implementiert sein, aber dies wird nicht spezifiziert.",empirical_study;performance_evaluation,0.95,,Die Evaluation erfolgt durch empirische Simulationen (Monte-Carlo-Runs) und Performance-Metriken wie RMSE (Abschnitt 4.1). Dies ist eine empirische Studie zur Bewertung der Filter-Performance sowie eine Performanzevaluation.,,
lni371/PVM2025_1,lni371,PVM2025_1.pdf,lni371/PVM2025_1.pdf,Wege zur Post-Agilität: Eine Analyse der letzten zehn Jahre PVM-Fachtagung,"Larissa Koch de Souza, Luca Randecker und Martin Engstler",mistral-medium-3.5-128b,rse_typology_prompt_v1,run_1,0,1.0,"Die Publikation analysiert theoretisch die Entwicklung agiler Methoden und post-agiler Ansätze in der PVM-Fachtagungsreihe. Es wird keine eigene Forschungssoftware entwickelt, implementiert oder angepasst. Stattdessen liegt der Fokus auf einer literaturbasierten Auswertung von Beiträgen, methodischen Taxonomien und konzeptionellen Diskussionen.",,,,,,,,,,,,,,,,,,,,,,
lni139/gi-proc-139-007,lni139,gi-proc-139-007.pdf,lni139/gi-proc-139-007.pdf,Der IT-Produktkompass – Ein Instrument für die Analyse von Geschäftsmodellen und die strategiekonforme Positionierung von IT-Produkten,Wolfram Pietsch,mistral-medium-3.5-128b,rse_typology_prompt_v1,run_1,0,1.0,"Die Publikation beschreibt den IT-Produktkompass als Modell zur Analyse von Geschäftsmodellen und Positionierung von IT-Produkten. Es handelt sich um ein konzeptionelles Rahmenwerk ohne Implementierung, Entwicklung oder Anpassung von Forschungssoftware. Es werden keine Quellcode-Dateien, Algorithmen, Skripte oder ausführbare Programme erstellt oder angepasst. Die Arbeit bleibt auf der Ebene von Konzepten, Modellen und Vorgehensbeschreibungen.",,,,,,,,,,,,,,,,,,,,,,
lni86/GI-Proceedings-86-8,lni86,GI-Proceedings-86-8.pdf,lni86/GI-Proceedings-86-8.pdf,Multiple Casts in Online Voting: Analyzing Chances,"Melanie Volkamer, Rüdiger Grimm",mistral-medium-3.5-128b,rse_typology_prompt_v1,run_1,0,1.0,"Die Publikation beschreibt ein Konzept (Multiple Casts in Online Voting) und analysiert dessen Vor- und Nachteile sowie technische Anforderungen. Es wird keine eigene Forschungssoftware implementiert, erweitert oder angepasst. Die Referenz auf [VoRV05] (Fuse-System) ist eine externe, bereits bestehende Software, die nicht im Rahmen dieser Arbeit entwickelt wurde. Alle anderen genannten Systeme (z. B. Estonian Online Voting) sind ebenfalls externe Implementierungen.",,,,,,,,,,,,,,,,,,,,,,
lni93/GI-Proceedings-93-14,lni93,GI-Proceedings-93-14.pdf,lni93/GI-Proceedings-93-14.pdf,Vernetzung experimenteller Ressourcen in Forschung und Ausbildung f¨ur Nanotechnologien und Nanowissenschaft,"Sabina Jeschke, Olivier Pfeiffer, Christian Thomsen",mistral-medium-3.5-128b,rse_typology_prompt_v1,run_1,1,0.95,"Die Publikation beschreibt explizit implementierte Systeme wie NanoLab (virtuelle und Remote-Experimente), NanoWiki (Wiki-basiertes Wissensrepository) und OntoWiki (Ontologie-Entwicklung). Diese sind konkrete Softwarelösungen, die im Rahmen der Forschung erstellt wurden, um experimentelle Ressourcen zu vernetzen und kooperative Arbeitsumgebungen zu ermöglichen. Es handelt sich nicht um bloße Konzepte, sondern um umgesetzte Systeme (z. B. 'Design und Implementierung einer serviceorientierten Infrastruktur', 'NanoWiki realisiert eine schlanke Architektur').",product_result,0.9,,"Die Software (NanoLab, NanoWiki, OntoWiki) ist das zentrale Ergebnis der Forschung. Der Beitrag liegt im Bau und der Integration dieser Systeme (z. B. 'Design und Implementierung einer serviceorientierten Infrastruktur', 'NanoWiki realisiert eine schlanke Architektur'). Es geht nicht primär um die Analyse von Daten oder Simulationen, sondern um die Bereitstellung der Systeme selbst als Forschungsprodukt.",projektdefinition;entwurf;implementierung,0.85,,"Die Publikation beschreibt die Projektdefinition (Herausforderungen, Ziele), den Entwurf (Architekturkonzepte wie serviceorientierte Infrastruktur, semantische Prozesskomposition) und die Implementierung (z. B. NanoWiki, OntoWiki, Integration von Remote-Experimenten). Es gibt keine expliziten Hinweise auf Testen, Deployment oder Betrieb.",full_stack_application;middleware_service,0.8,,"NanoLab wird als 'serviceorientierte Infrastruktur' mit 'Portalinfrastruktur' und 'standardisierten Schnittstellen' beschrieben, was auf eine Full-Stack-Anwendung und Middleware/Dienste hindeutet. NanoWiki und OntoWiki sind webbasierte Anwendungen (Wiki-Systeme), die als Full-Stack-Anwendungen klassifiziert werden können. Die explizite Nennung von 'Semantic Web-Technologien' und 'Web Services' untermauert die Einordnung als Middleware.",javascript_web;xml_xsd,0.7,,"Die Publikation erwähnt explizit 'Semantic Web-Technologien' (was oft XML-basierte Standards wie RDF/XML impliziert) und webbasierte Systeme (NanoWiki, Portalinfrastruktur), was auf JavaScript/Web-Technologien hindeutet. Eine direkte Nennung von Programmiersprachen fehlt, aber die Technologien sind durch die Kontextbeschreibung (Web, Semantic Web) belegt.",conceptual_evaluation,0.75,,"Die Publikation stellt das Konzept und die Architektur der Systeme vor und diskutiert deren Potenzial (z. B. 'besitzen neues Potential für die experimentell ausgerichteten Gebiete'), aber es gibt keine expliziten Hinweise auf technische Tests, Usability-Studien oder empirische Evaluierungen. Die Bewertung erfolgt primär auf konzeptioneller Ebene.",,
lni15/GI-Proceedings.15-1,lni15,GI-Proceedings.15-1.pdf,lni15/GI-Proceedings.15-1.pdf,"Lessons learned from 16 years usage of mobile computers in clinical trials Koop, A Andreas.Koop@medizin.uni-koeln.de Germany",,mistral-medium-3.5-128b,rse_typology_prompt_v1,run_1,1,1.0,"Die Publikation beschreibt explizit die Entwicklung und Anwendung von Software für mobile Geräte in klinischen Studien, inklusive spezifischer Implementierungen wie eCRFs (elektronische Fallberichtsformen), elektronische Tagebücher und Datenvalidierungsaspekte. Es werden konkrete Softwarelösungen (z. B. Pendragon Forms, Waba 1.0, ComBas 1.3) und deren Anpassung für den Forschungszweck genannt, was auf eigene Entwicklungsleistung hindeutet.",datenerhebung,1.0,,"Die Software wird primär zur Datenerhebung in klinischen Studien eingesetzt, z. B. für elektronische Tagebücher, eCRFs und mobile Datenerfassung (vgl. Abstract, Textabschnitte zu 'mobile data capture', 'eCRF', 'electronic diaries').",entwurf;implementierung;testen_qualitaetssicherung;deployment_betrieb,0.95,,"Der Text beschreibt den Entwurf (z. B. Anpassung von Fragebögen an mobile Geräte), Implementierung (z. B. Nutzung von Pendragon Forms, Waba 1.0), Testen/Validierung (z. B. Software-Validierung für klinische Studien, FDA-Richtlinien) und Deployment/Betrieb (z. B. langfristige Nutzung in Studien, Wartung).",full_stack_application,0.9,,"Die Software besteht aus Frontend (z. B. Benutzeroberflächen auf mobilen Geräten) und Backend (z. B. Datenübertragung, Speicherung, Validierung). Explizit genannt werden z. B. 'Pendragon forms' und 'ComBas 1.3' als Anwendungen, die Daten erfassen und verarbeiten.",c_cpp;insufficient_information,0.7,,"Explizit wird C++ in der Studie von Berthelsen ([BS00]) erwähnt ('written in C++'). Für andere Systeme (z. B. Pendragon Forms, Waba 1.0) fehlen konkrete Angaben zur Programmiersprache, daher 'insufficient_information' für diese Fälle.",empirical_study;usability_study;testing,1.0,,"Die Software wird in empirischen Studien evaluiert (z. B. Vergleich mit Papiermethoden, [TE89], [TJC00]), Usability-Studien (z. B. Akzeptanz durch Patienten und Investigatoren, [BWC00], [TJC00]) und technisches Testen/Validierung (z. B. Software-Validierung für klinische Studien, [FDA99], [TE89]).",,
lni352/Menz_et_al_AI-supported_selection_procedure,lni352,Menz_et_al_AI-supported_selection_procedure.pdf,lni352/Menz_et_al_AI-supported_selection_procedure.pdf,AI-supported selection procedure for spectral sensors based on technical and economic characteristics,"Patrick Menz , Lauritz Klein,, and Andreas Herzog",mistral-medium-3.5-128b,rse_typology_prompt_v1,run_1,1,1.0,"Die Publikation beschreibt die Entwicklung und Implementierung eines AI-gestützten Auswahlverfahrens für spektroskopische Sensoren, inklusive einer Datenbank, Simulationsmethoden, eines SMART-Algorithmus und einer GUI. Dies umfasst explizit entwickelte Softwarekomponenten (z. B. Simulationsalgorithmen, AI-Modell, GUI) für ein konkretes Forschungsziel.",product_result,0.95,,"Die Software (AI-gestütztes Auswahlverfahren inkl. Datenbank, Simulations- und Entscheidungsalgorithmus) ist das zentrale Ergebnis der Forschung. Der Beitrag liegt im Bau des integrierten Systems, nicht in einem einzelnen Algorithmus (vgl. Abschnitte 2–4, insb. 'we have developed an AI-supported selection procedure' und die Beschreibung der GUI/Implementierung).",entwurf;implementierung;testen_qualitaetssicherung,0.9,,"Entwurf: Architektur des Auswahlverfahrens (SMART-Algorithmus, Simulationsansatz, Datenbankstruktur) wird detailliert beschrieben (Abschnitt 3). Implementierung: Explizite Erwähnung der GUI und automatisierten Modell-Trainings ('Models were automatically trained within the GUI', Abschnitt 4.2). Testen: Evaluation der Klassifikationsleistung (Abschnitt 4.2–4.3) und Vergleich Simulation vs. Realität.",full_stack_application;analysis_pipeline;ml_model,0.85,,"full_stack_application: GUI für Nutzerinteraktion (Abschnitt 4.1: 'user is provided with a GUI'). analysis_pipeline: Datenverarbeitungskette (Simulationsschritte, AI-basierte Klassifikation, Abschnitt 3.1–3.2). ml_model: Eigenes AI-Modell (RBF-Netzwerk mit 40 Prototypen, Abschnitt 4.2) wird trainiert und evaluiert.",insufficient_information,0.5,,Keine explizite Nennung von Programmiersprachen oder Frameworks. Die Beschreibung des AI-Modells (RBF-Netzwerk) und der GUI lässt keine Rückschlüsse auf konkrete Technologien zu.,empirical_study;testing;performance_evaluation,0.9,,"empirical_study: Anwendung auf reales Problem (Kaffee-Bohnen-Klassifikation, Abschnitt 4). testing: Technische Validierung der Klassifikationsleistung (5-fold Cross-Validation, 100 Wiederholungen, Abschnitt 4.2). performance_evaluation: Messung der Klassifikationsgenauigkeit (Accuracy) als Leistungsmetrik (Abschnitt 4.2–4.3).",,
lni37/GI-Proceedings.37-47,lni37,GI-Proceedings.37-47.pdf,lni37/GI-Proceedings.37-47.pdf,"Eine interaktive und kollaborative Selbstlernumgebung für den Bereich der Sicherheitsprotokolle1 C. Burger, M. Papesch Institut für Parallele und Verteilte Systeme, Universität Stuttgart Universitätsstraße 38",Stuttgart,mistral-medium-3.5-128b,rse_typology_prompt_v1,run_1,1,1.0,"Die Publikation beschreibt die Entwicklung einer interaktiven und kollaborativen Selbstlernumgebung für Sicherheitsprotokolle, die explizit implementiert wurde (z. B. in Java, mit PROMELA/SPIN). Die Software dient als Forschungsgegenstand und -ergebnis, inkl. Simulation, Visualisierung und Validation.",product_result,1.0,,"Die Selbstlernumgebung ist das primäre Ergebnis der Forschung. Der Beitrag beschreibt den Bau und die Integration des Systems (inkl. Server, Clients, Framework) als lauffähige Architektur (vgl. Abschnitte 3–4: 'Realisierung der Selbstlernumgebung', 'Architektur', 'Implementierungsaspekte').",projektdefinition;anforderungen;entwurf;implementierung;testen_qualitaetssicherung,1.0,,"Projektdefinition (Abschnitt 1: Motivation, Lernszenarien), Anforderungen (Abschnitt 2: Lernszenarien, Korrektheitskriterien), Entwurf (Abschnitt 3: Architektur, Komponenten), Implementierung (Abschnitt 4: Realisierung in Java, PROMELA/SPIN), Testen/Qualitätssicherung (Abschnitt 5: Usability-Test, Bewertung durch Studierende).",full_stack_application,0.95,,"Die Selbstlernumgebung besteht aus Server (Simulation/Validation) und Clients (Visualisierung) sowie einem Framework für kollaborative Nutzung – eine Full-Stack-Anwendung (vgl. Abbildung 1, Abschnitt 3). Keine andere Subkategorie passt besser (z. B. keine reine Bibliothek oder Pipeline).",java_jvm;c_cpp;formal_specification_languages,1.0,,"Explizit genannt: Java (Abschnitt 4: 'Realisierung der Selbstlernumgebung erfolgte in JAVA'), C (SPIN ist in C verfasst, Abschnitt 4), PROMELA als formale Spezifikationssprache (Abschnitt 3.1 und 4).",usability_study;empirical_study,1.0,,Usability-Test mit 4 Studierenden (Abschnitt 5: 'erster Usability-Test mit vier Studierenden') und empirische Bewertung im großflächigen Einsatz mit ~150 Teilnehmenden (Abschnitt 5: 'großflächiger Einsatz [...] und anschließende Bewertung').,,
lni207/171,lni207,171.pdf,lni207/171.pdf,Die (technischen) Potenziale digitaler Tafeln,"Harald Selke, Felix Winkelnkemper",mistral-medium-3.5-128b,rse_typology_prompt_v1,run_1,1,0.95,"Die Publikation beschreibt explizit die Entwicklung von zwei konkreten Software-Projekten: eine 'WebArena' (räumliche Anordnung von Objekten mit Fokus auf Auswertungsfunktionen und Ereignisbehandlung) und einen 'Lernszenarienbaukasten' (Zusammenstellung von Lernszenarien durch Nicht-Programmierer). Beide sind als lauffähige Systeme konzipiert und werden als Teil der Forschung umgesetzt, um die technischen Potenziale digitaler Medien für den Unterricht nutzbar zu machen.",product_result,0.95,,"Die Software (WebArena und Lernszenarienbaukasten) ist das Ergebnis der Forschung. Der Beitrag liegt im Bau der Systeme selbst, die als Pilot- oder Referenzimplementierungen die technischen Potenziale digitaler Tafeln für den Unterricht erschließen sollen (vgl. Abschnitt 6: 'Um den genannten Anforderungen gerecht zu werden, werden in unserer Fachgruppe momentan einige Projekte durchgeführt, von denen zwei kurz angerissen werden sollen').",projektdefinition;anforderungen;entwurf,0.9,,"Die Publikation beschreibt die Motivation und den Problemraum (Projektdefinition, z. B. Abschnitt 1 und 2), spezifiziert Anforderungen an die Software (z. B. Objektorientierung, Responsivität, verteilte Persistenz in Abschnitt 3) und skizziert den Entwurf der Systeme (z. B. WebArena mit Auswertungsfunktionen und Ereignisbehandlung in Abschnitt 6). Eine konkrete Implementierung oder Tests werden nicht detailliert beschrieben, daher fehlen 'implementierung' und 'testen_qualitaetssicherung'.",full_stack_application,0.85,,"Die WebArena wird als webbasierte Anwendung beschrieben ('moderne Webtechnologien', 'auf einer Vielzahl von Geräten lauffähig'), die eine Benutzeroberfläche (räumliche Anordnung von Objekten) und Backend-Funktionalitäten (Auswertungsfunktionen, Ereignisbehandlung) vereint. Der Lernszenarienbaukasten ist ebenfalls als Anwendung konzipiert, die Lernszenarien zusammenstellt. Beide entsprechen damit einer Full-Stack-Anwendung.",javascript_web,0.8,,"Die WebArena nutzt explizit 'moderne Webtechnologien', die auf verschiedenen Geräten (Desktop-PCs, Tablets) lauffähig sind. Dies impliziert die Verwendung von JavaScript/TypeScript und Web-Frontend-Technologien (HTML/CSS), auch wenn diese nicht wörtlich genannt werden.",conceptual_evaluation,0.7,,"Die Publikation evaluiert die Software nicht empirisch oder technisch, sondern stellt das Konzept der Systeme vor und diskutiert deren Potenziale für den Unterricht (z. B. Abschnitt 4: Szenarien für digitale Tafeln). Es handelt sich damit um eine konzeptionelle Evaluation, bei der die Software basierend auf dem Konzept bewertet wird.",,
lni87/GI-Proceedings-87-35,lni87,GI-Proceedings-87-35.pdf,lni87/GI-Proceedings-87-35.pdf,Tricampus -trinationale Infrastruktur für mobiles Lernen,"Paul-Thomas Kandzia, Karl Preßmar, Hendrik Saly Berufsakademie Lörrach Hangstr. - Lörrach www.ba-loerrach.de",mistral-medium-3.5-128b,rse_typology_prompt_v1,run_1,,,,,,,,,,,,,,,,,,,,,,,,pdf_extraction_failed,
lni337/DF2023_paper_9631-1,lni337,DF2023_paper_9631-1.pdf,lni337/DF2023_paper_9631-1.pdf,"Fähndrich et al. (Hrsg.): International Workshop on Digital Forensics, Lecture Notes in Informatics (LNI), Gesellschaft für Informatik, Bonn 2023 1 Discussion of Basic Concepts of digital Forensics on the example of Volatility and Manipulability.","Johannes Fähndrich, Lars Mechler",mistral-medium-3.5-128b,rse_typology_prompt_v1,run_1,0,1.0,"Die Publikation diskutiert theoretische Konzepte, Definitionen und Ontologien im Bereich der digitalen Forensik (z. B. Volatilität, Manipulierbarkeit, Ontologie-Modellierung). Es werden keine konkreten Implementierungen, Algorithmen, Skripte oder Softwareartefakte beschrieben, die im Rahmen der Arbeit erstellt, erweitert oder angepasst wurden. Die Nennung von Projekten wie UCO oder CASE bezieht sich auf externe Initiativen, nicht auf eigene Entwicklungsleistungen der Autor:innen. Auch die Zukunftspläne (z. B. Integration in First-Responder-Software) sind rein konzeptionell und nicht umgesetzt.",,,,,,,,,,,,,,,,,,,,,,
lni337/Edeh-paper-neu,lni337,Edeh-paper-neu.pdf,lni337/Edeh-paper-neu.pdf,"1 Framatome GmbH, ICSP, Paul-Gossen Straße, 91052 Erlangen, Germany, natashaedeh@gmail.com, https://orcid.org/0000-0001-9627-7001 2 Otto-von-Guericke-University Magdeburg, Germany, robert.altschaffel@iti.cs.uni-magdeburg.de Generation of Plausible Synthetic Data for Stego-Malware","Framatome GmbH, ICSP, Paul-Gossen Straße, Erlangen, Germany, natashaedeh@gmail.com, https://orcid.org/---",mistral-medium-3.5-128b,rse_typology_prompt_v1,run_1,0,0.95,"Die Publikation beschreibt ein Konzept und eine Methodik zur Generierung synthetischer Daten für die Erkennung von Stego-Malware in IACS, insbesondere für inter-zone Protokolle wie OPC UA oder MQTT. Es wird jedoch keine konkrete Implementierung, kein Quellcode, keine Algorithmen-Entwicklung oder Anpassung bestehender Software explizit erwähnt. Die Arbeit bleibt auf konzeptioneller Ebene (z. B. 'suggest methods for producing synthetic data', 'tentative findings') und betont selbst, dass eine umfassende Validierung der Wirksamkeit der synthetischen Daten nicht Teil des Papiers ist. Es handelt sich somit um eine methodische Beschreibung ohne nachweisbare eigene Entwicklungsleistung an Software.",,,,,,,,,,,,,,,,,,,,,,
lni134/723,lni134,723.pdf,lni134/723.pdf,Semantically Linking Web Pages to Web Services in Bioinformatics,"Karen Sutherland, Kenneth McLeod and Albert Burger",mistral-medium-3.5-128b,rse_typology_prompt_v1,run_1,1,1.0,"Die Publikation beschreibt die Entwicklung und Implementierung des Task Composition Manager (TCM) als Teil des Sealife-Projekts, der semantische Verknüpfungen zwischen Webseiten und Webservices in der Bioinformatik herstellt. Dies umfasst konkrete Entwicklungsleistungen wie die Integration von Text-Mining, Ontologie-basierter Annotierung, Service-Discovery (mit Feta) und Workflow-Enactment (mit Scufl). Die Software ist als funktionaler Prototyp umgesetzt und dient als zentrales Modul des Systems.",product_result,0.95,,"Der TCM ist das zentrale Ergebnis der Forschung: ein lauffähiges System, das bestehende Komponenten (Feta, Scufl, myGrid-Ontologie) integriert und erweitert. Der Beitrag liegt im Bau der Architektur/Implementierung selbst, nicht im Nachweis eines einzelnen Algorithmus. Der Text betont die 'full implementation' des Moduls (Abschnitt 5) und seine Rolle als Kernkomponente von Sealife.",projektdefinition;entwurf;implementierung,0.9,,"Projektdefinition: Motivation und Problemraum werden in der Einführung beschrieben (z. B. manuelle Datenübertragung in der Bioinformatik). Entwurf: Architektur des TCM und seine Komponenten (Service Discovery, Enactment) werden detailliert dargestellt (Abschnitt 3). Implementierung: Der TCM ist als 'functional prototype' umgesetzt (Abschnitt 3.1–3.3), inkl. Integration von Feta und Scufl.",middleware_service,0.95,,"Der TCM agiert als vermittelnde Schicht zwischen Webseiten (semantisch annotierte Terme) und Webservices/Workflows. Er entdeckt und führt Services aus, die auf den im 'CART' gesammelten Begriffen basieren, und integriert dabei bestehende Dienste (Feta, myGrid Workflow Enactor). Dies entspricht der Definition von Middleware/dienstorientierter Software.",xml_xsd;java_jvm,0.85,,"XML: Service-Beschreibungen werden explizit in XML verfasst (Abschnitt 3.1: 'The service descriptions are written in XML'). Java/JVM: Feta (Service Discovery) und Scufl (Workflow Enactment Language) sind Komponenten des myGrid-Projekts, das in Java implementiert ist. Dies ist eine implizite, aber sichere Ableitung, da myGrid eine bekannte Java-basierte Infrastruktur ist.",planned,0.9,,"Die Publikation erwähnt, dass eine 'full end user evaluation' erst nach Integration mit Browser und Text-Mining-Modul geplant ist (Abschnitt 5: 'at which point we will be able to carry out a full end user evaluation'). Bisher liegt nur eine technische Implementierung vor, aber keine durchgeführte Evaluation.",,
lni168/81,lni168,81.pdf,lni168/81.pdf,Aufgaben der ersten Runde des Bundeswettbewerbs Informatik – Kontinuität und Wandel,Gabor Meißner,mistral-medium-3.5-128b,rse_typology_prompt_v1,run_1,0,1.0,"Die Publikation analysiert Aufgaben des Bundeswettbewerbs Informatik, ohne selbst Forschungssoftware zu entwickeln, zu erweitern oder anzupassen. Es werden keine eigenen Quellcode-Dateien, Algorithmen, Skripte oder ausführbare Programme erstellt oder maßgeblich verändert. Die Arbeit ist eine rein analytische Studie ohne Implementierungsleistung.",,,,,,,,,,,,,,,,,,,,,,
lni378/abstract_02,lni378,abstract_02.pdf,lni378/abstract_02.pdf,MANTA: Materializing Views on Event Data for Context Exploration in Process Analysis – (Extended Abstract),"Maike Basmer , Hannes Ueck , Dirk Fahland , and Matthias Weidlich",mistral-medium-3.5-128b,rse_typology_prompt_v1,run_1,0,0.9,"Der Text enthält keine Beschreibung einer implementierten, erweiterten oder angepassten Forschungssoftware. Es werden nur Autor:innen und Affiliationen genannt, aber kein Abstract, Textkörper oder technische Details, die auf eigene Entwicklungsleistung hinweisen.",,,,,,,,,,,,,,,,,,,,,,
lni307/C2-5,lni307,C2-5.pdf,lni307/C2-5.pdf,Umweltinformatik – Alles Geschmackssache?,Hans-Knud Arndt,mistral-medium-3.5-128b,rse_typology_prompt_v1,run_1,0,1.0,"Die Publikation diskutiert theoretische Konzepte wie Usability Engineering, Geschmack, Ästhetik und Nachhaltigkeit in der IKT, analysiert Anwendungsbeispiele (Microsoft Office 2007, Apple AirPods, Apple Watch) und bewertet Design-Entscheidungen. Es wird keine eigene Forschungssoftware entwickelt, implementiert oder angepasst. Die Arbeit bleibt auf konzeptioneller Ebene und referenziert nur bestehende Produkte und Methoden ohne eigene Entwicklungsleistung.",,,,,,,,,,,,,,,,,,,,,,
lni160/449,lni160,449.pdf,lni160/449.pdf,Towards Social Information Systems,Marc Quast Jean-Marie Favre,mistral-medium-3.5-128b,rse_typology_prompt_v1,run_1,1,0.95,"Die Publikation beschreibt die Implementierung eines Prototyps eines 'distributed data-centric social infrastructure' mit konkreten Komponenten (Directory, Perspective-centric Repository, Browser) und REST-basierter Kommunikation. Dies ist eine eigene Entwicklungsleistung, die als Forschungssoftware im Sinne der Definition gilt, da sie ein neues Konzept (Social Information Systems) technisch umsetzt und evaluiert.",product_result,0.9,,"Der Fokus der Arbeit liegt auf der Entwicklung und Darstellung des Prototyps als Ergebnis der Forschung. Der Beitrag ist das lauffähige System selbst (Social Information Systems), nicht der Nachweis eines einzelnen Algorithmus. Dies wird in Abschnitt 7 ('Prototyping and Future work') explizit beschrieben.",projektdefinition;entwurf;implementierung;deployment_betrieb,0.95,,"Die Publikation deckt mehrere Phasen ab: Projektdefinition (Abschnitt 1–4: Problemstellung und Konzept), Entwurf (Abschnitt 5: Perspectives als Kernkonzept), Implementierung (Abschnitt 7: Prototyp mit Directory, Repository, Browser) und Deployment/Betrieb (REST-basierte Kommunikation, Feld-Experimente geplant).",full_stack_application;middleware_service,0.9,,"Der Prototyp besteht aus einer Full-Stack-Anwendung (Browser + Backend-Komponenten) und einer Middleware-Schicht (REST-basierte Kommunikation zwischen Directory, Repository und Browser). Dies wird in Abschnitt 7 explizit beschrieben.",insufficient_information,0.8,,"Es werden keine konkreten Programmiersprachen oder Frameworks genannt. REST als architektonischer Stil wird erwähnt, aber dies impliziert keine spezifische Sprache. Daher ist die Information unzureichend.",planned,0.9,,"In Abschnitt 7 wird erwähnt, dass der Prototyp validiert werden soll ('validate the technical feasibility of our proposal, and to conduct field experiments'). Eine Evaluation ist also geplant, aber noch nicht durchgeführt.",,
lni218/167,lni218,167.pdf,lni218/167.pdf,eledSQL – Entwicklung und Erprobung einer webbasierten Lernumgebung f¨ur Datenbanken und SQL,"Anja Ufert, Andreas Grillenberger, Torsten Brinda",mistral-medium-3.5-128b,rse_typology_prompt_v1,run_1,1,1.0,"Die Publikation beschreibt die Entwicklung und Implementierung der webbasierten Lernumgebung 'eledSQL' für den schulischen Einsatz im Informatikunterricht. Die Software wurde explizit erstellt, um den Einstieg in Datenbanken und SQL zu erleichtern, und wurde in zwei Schulklassen unterrichtlich erprobt. Die Entwicklungsleistung (Konzeption, Design, Implementierung) ist klar belegt.",product_result,1.0,,"Die Software 'eledSQL' ist das primäre Ergebnis der Forschung. Der Beitrag der Arbeit ist der Bau und die Integration des Systems selbst, nicht der Nachweis eines einzelnen neuen Algorithmus. Dies wird durch die detaillierte Beschreibung der Konzeption, Entwicklung und Erprobung der Lernumgebung belegt (vgl. Abschnitte 3 und 4).",projektdefinition;anforderungen;entwurf;implementierung;testen_qualitaetssicherung;deployment_betrieb,1.0,,"Die Publikation deckt alle Phasen des Software-Lebenszyklus ab: Projektdefinition/Motivation (Abschnitt 1), Anforderungen (Abschnitt 3.1), Entwurf (Abschnitt 3.2), Implementierung (Abschnitt 3.2), Testen/Qualitätssicherung (unterrichtliche Erprobung in Abschnitt 4) und Deployment/Betrieb (Beschreibung der Installation und Nutzung in Schulen, Abschnitt 3.2 und 4).",full_stack_application,1.0,,"eledSQL ist eine webbasierte Full-Stack-Anwendung mit Frontend (Browser-Oberfläche) und Backend (Server, Datenbankanbindung). Dies wird explizit in Abschnitt 3.2 beschrieben: 'serverbasiertes System mit browserbasiertem Zugang' und 'Architektur von eledSQL gemäß dem Model-View-Controller-Entwurfsmuster'.",javascript_web;php;sql_db,1.0,,"Die Publikation nennt explizit PHP als Programmiersprache ('Als Programmiersprache wurde aufgrund ihrer Verbreitung und Eignung für Webanwendungen PHP gewählt', Abschnitt 3.2). Zudem wird eine Datenbankabstraktionsschicht für SQL-fähige Datenbanken beschrieben, was SQL/Datenbanken belegt. Die webbasierte Natur der Anwendung impliziert JavaScript/HTML/CSS für das Frontend (Abschnitt 3.2: 'browserbasierter Zugang').",usability_study;empirical_study;testing,1.0,,"Die Evaluation umfasst eine Usability-Studie (Schülerfragebogen mit Fragen zur Handhabung, Design und Funktionalität, Abschnitt 4.3), eine empirische Studie (unterrichtliche Erprobung in zwei Schulklassen mit Begleitung und Auswertung, Abschnitte 4.1–4.3) sowie technisches Testen (Funktionalitätstests auf verschiedenen Browsern und Betriebssystemen, Abschnitt 3.2: 'funktional getestet').",,
lni149/55,lni149,55.pdf,lni149/55.pdf,F&L-Grid: Eine generische Backup und Recovery Infrastruktur f¨ur das D-Grid,"Markus Mathes, Steffen Heinzl, Roland Schwarzkopf, Bernd Freisleben",mistral-medium-3.5-128b,rse_typology_prompt_v1,run_1,1,1.0,"Die Publikation beschreibt die Entwicklung und Implementierung einer generischen Backup- und Recovery-Infrastruktur (F&L-Grid) als Teil des D-Grid-Projekts. Es handelt sich um eine konkrete, implementierte Softwarelösung (z. B. Job Submission Client, Fat-Client, Backend-Integration), die für den Forschungszweck der Datenhaltung in Grid-Umgebungen erstellt wurde. Die Software ist nicht nur konzeptionell, sondern explizit umgesetzt (vgl. Abschnitte 2.6, 3.1–3.3).",research_infrastructure_support,0.95,,"Die Software dient primär der Unterstützung einer Forschungsinfrastruktur (Backup/Recovery für Grid-Umgebungen) und ist damit eine Infrastruktur für Forschungsprozesse. Der Text betont die Bereitstellung einer generischen, einfach nutzbaren Lösung für Wissenschaftler (vgl. Abstract, Abschnitt 1, 2.1).",projektdefinition;anforderungen;entwurf;implementierung;deployment_betrieb,1.0,,"Die Publikation deckt alle Phasen ab: Projektdefinition (Abschnitt 1, D-Grid-Kontext), Anforderungen (Abschnitt 2.1), Entwurf (Abschnitt 2.2–2.6, Architektur), Implementierung (Abschnitt 3.1–3.3, Technologien, Code), Deployment/Betrieb (Abschnitt 3.2–3.3, Zugriff, Job-Abarbeitung).",full_stack_application;middleware_service,1.0,,"Die Software besteht aus einer Full-Stack-Anwendung (Job Submission Client, Fat-Client mit GUI) und einer Middleware/Dienst-Schicht (Backup/Recovery-Service, Integration mit kommerziellen Backends wie IBM TSM). Explizit genannt: GUI, Service-Architektur, Fat-Client als Vermittler (Abschnitt 2.6, 3.1).",java_jvm;sql_db;javascript_web,0.95,,"Java/JVM: Explizit genannt als Implementierungssprache für den Job Submission Client (Java Web Start, JRE, JSch-Bibliothek) und Fat-Client (Abschnitt 3.1, 3.3). SQL/Datenbank: Fat-Client nutzt eine Datenbank für Metadaten (JDBC, Abschnitt 2.5, 3.3). JavaScript/Web: Java Web Start ist webbasiert (Abschnitt 3.1), und Shibboleth (Web-Authentifizierung) wird verwendet (Abschnitt 3.2).",planned,0.9,,Es gibt keine durchgeführte Evaluation in der Publikation. Stattdessen wird eine zukünftige Performance- und Skalierbarkeitsuntersuchung vor dem Produktiveinsatz angekündigt (Abschnitt 5: 'Durchführung von Performance- und Skalierbarkeitsuntersuchungen vor dem Produktiveinsatz').,,
lni68/GI-Proceedings.68-44,lni68,GI-Proceedings.68-44.pdf,lni68/GI-Proceedings.68-44.pdf,Ganzheitliche Entwicklungsbegleitung komplexer Waffensysteme der Marine Kapitänleutnant Dipl.-Inform. Nane Kratzke Universität Potsdam Lehrstuhl für,Wirtschaftsinformatik,mistral-medium-3.5-128b,rse_typology_prompt_v1,run_1,0,1.0,"Die Publikation beschreibt Prozesse, Rollen und Methoden im Kontext der Systementwicklung für militärische Führungswaffeneinsatzsysteme (FüWES), insbesondere den Wissenstransfer zwischen Marine und Industrie. Es werden keine konkreten Implementierungen, Algorithmen, Skripte oder Softwareartefakte erwähnt, die als Forschungssoftware im Sinne der Definition gelten. Stattdessen liegt der Fokus auf organisatorischen und prozessualen Aspekten (z. B. CPM-Phasen, Anforderungsmanagement, Qualitätsicherung) sowie der Begleitung von Entwicklungsprozessen durch die Marine. Explizit genannt werden z. B. das V-Modell als Vorgehensmodell, aber keine eigene Softwareentwicklung oder -anpassung.",,,,,,,,,,,,,,,,,,,,,,
lni19/GI-Proceedings.19-4,lni19,GI-Proceedings.19-4.pdf,lni19/GI-Proceedings.19-4.pdf,,,mistral-medium-3.5-128b,rse_typology_prompt_v1,run_1,1,0.95,"Die Publikation beschreibt explizit die Entwicklung und Anwendung von künstlichen genetischen regulatorischen Netzwerken zur Erzeugung und Evolution von Agenten (z. B. 'block pushers') in einer physikalisch realistischen virtuellen Umgebung. Dies umfasst die Implementierung von Wachstumsprozessen, morphologischer Entwicklung und neuronaler Steuerung, die als Forschungssoftware umgesetzt wurden (vgl. Abschnitte 3 und 4, insbesondere die Beschreibung der Algorithmen und Simulationen).",simulation_modellierung,1.0,,"Die Software dient primär der Simulation und Modellierung von Agenten in einer virtuellen Umgebung, um das Konzept der 'ecological balance' (Wechselwirkung von Morphologie, Materialien und Kontrolle) zu erforschen. Dies wird explizit in Abschnitt 3 beschrieben, wo die künstliche Evolution und Morphogenese als Methode zur systematischen Erforschung dieser Beziehungen eingesetzt wird.",entwurf;implementierung,0.9,,"Der Text beschreibt detailliert den Entwurf (z. B. die Architektur der genetischen regulatorischen Netzwerke, vgl. Abb. 5 und zugehörige Erklärungen) und die Implementierung (z. B. die konkrete Umsetzung der Wachstumsprozesse und der Simulation in einer virtuellen Umgebung, vgl. Abschnitte 3 und 4). Es gibt keine explizite Erwähnung von Testen, Deployment oder Betrieb.",numerical_mathematical;simulation_modellierung,0.95,,Die Software umfasst numerische/mathematische Komponenten (z. B. die Berechnung von Konzentrationen von Transkriptionsfaktoren und die Dynamik der genetischen Netzwerke) sowie die Simulation der Agenten in einer physikalisch realistischen Umgebung. Beide Aspekte sind zentral für die beschriebene Forschungssoftware.,insufficient_information,0.8,,Es gibt keine explizite Nennung einer Programmiersprache oder eines spezifischen Techstacks. Die Beschreibung der Algorithmen und Simulationen ist technologieneutral gehalten.,empirical_study,0.9,,"Die Software wird in einer empirischen Studie evaluiert, indem die evolvierten Agenten in einer virtuellen Umgebung getestet werden (z. B. wie weit sie einen Block schieben können, vgl. Abschnitt 3). Dies dient der Überprüfung der Hypothesen zur 'ecological balance' und der Effektivität der morphologischen und kontrollbezogenen Anpassungen.",,
lni133/235,lni133,235.pdf,lni133/235.pdf,Modularität als kritischer Erfolgsfaktor von Open-Source-Projekten am Beispiel von osCommerce,Thomas Bußmeyer,mistral-medium-3.5-128b,rse_typology_prompt_v1,run_1,0,1.0,"Die Publikation analysiert die Architektur und Entwicklungsprozesse von osCommerce als Open-Source-Projekt, ohne selbst Forschungssoftware zu entwickeln, zu erweitern oder anzupassen. Der Fokus liegt auf der konzeptionellen Analyse von Modularität und Community-Integration, nicht auf der Umsetzung von Software für Forschungszwecke. osCommerce selbst ist ein kommerzielles E-Commerce-System, das keine Forschungsfrage untersucht oder einen Forschungsprozess unterstützt.",,,,,,,,,,,,,,,,,,,,,,
lni61/GI-Proceedings.61-14,lni61,GI-Proceedings.61-14.pdf,lni61/GI-Proceedings.61-14.pdf,Peer-to-Peer-Systeme und -Anwendungen,"Ralf Steinmetz, Klaus Wehrle, Oliver Heckmann",mistral-medium-3.5-128b,rse_typology_prompt_v1,run_1,0,1.0,"Die Publikation beschreibt Konzepte, Definitionen, Klassifikationen und Forschungsaspekte von Peer-to-Peer-Systemen, ohne dass eine konkrete Implementierung, Erweiterung oder Anpassung von Forschungssoftware in der Arbeit selbst stattfindet. Es werden bestehende Systeme (z. B. Gnutella, Chord, Pastry) referenziert, aber keine eigene Entwicklungsleistung an Software beschrieben. Die Arbeit ist rein konzeptionell und theoretisch.",,,,,,,,,,,,,,,,,,,,,,
lni146/gi-proc-146-006,lni146,gi-proc-146-006.pdf,lni146/gi-proc-146-006.pdf,"Kausalanalytische Untersuchung von Akzeptanz-problemen ambienter Technologien zur Vermeidung von Behandlungsfehlern in deutschen Krankenhäusern Tyge-F. Kummer, Markus Bick Wirtschaftsinformatik",,mistral-medium-3.5-128b,rse_typology_prompt_v1,run_1,0,1.0,"Die Publikation beschreibt eine empirische Studie zur Akzeptanz ambienter Technologien im Krankenhausumfeld, inklusive Hypothesenbildung, Datenerhebung (Fragebogen) und Auswertung (PLS-Methode). Es wird keine eigene Forschungssoftware entwickelt, implementiert oder angepasst. Die verwendeten Tools (z. B. SmartPLS 2, G*Power 3.0) sind externe, bereits bestehende Softwarelösungen, die ohne eigene Entwicklungsleistung angewendet werden.",,,,,,,,,,,,,,,,,,,,,,
lni78/GI-Proceedings-78-24,lni78,GI-Proceedings-78-24.pdf,lni78/GI-Proceedings-78-24.pdf,"Informations-, Dokumentations-und Abrechnungsmanagement für eine Biogasanlage","Stephan Hubrich, Domonic W. Jung, Reiner Pagel, Jean Schummer AGROCOM GmbH & Co, Agrarsystem KG D- Bielefeld L.E.E., B.P. L- Junglinster",mistral-medium-3.5-128b,rse_typology_prompt_v1,run_1,0,0.95,"Die Publikation beschreibt ein Biogas-Managementsystem, das primär betriebswirtschaftliche und administrative Aufgaben (Dokumentation, Abrechnung, Qualitätsmanagement) für Biogasanlagen unterstützt. Es handelt sich um ein kommerzielles Produkt zur Optimierung von Produktionsabläufen und Erfüllung gesetzlicher Anforderungen, nicht um Software, die eine Forschungsfrage untersucht, einen Forschungsprozess unterstützt oder wissenschaftliche Erkenntnisse hervorbringt. Die Software dient der praktischen Anwendung im industriellen/landwirtschaftlichen Kontext, nicht der Forschung.",,,,,,,,,,,,,,,,,,,,,,
lni228/25,lni228,25.pdf,lni228/25.pdf,GraphNeighbors: Hampering Shoulder-Surﬁng Attacks on Smartphones,"Irfan Altiok, Sebastian Uellenbeck, Thorsten Holz",mistral-medium-3.5-128b,rse_typology_prompt_v1,run_1,1,1.0,"Die Publikation beschreibt die Entwicklung und Implementierung von GRAPHNEIGHBORS, einer neuen Authentifizierungsmethode für Smartphones, die explizit als Prototyp für das Android-Betriebssystem umgesetzt wurde. Dies stellt eine eigene Entwicklungsleistung dar, die im Rahmen der Forschung erbracht wurde.",product_result,1.0,,"Die Software GRAPHNEIGHBORS ist das primäre Ergebnis der Forschung. Der Beitrag der Studie liegt im Bau und der Evaluation des lauffähigen Systems (drei Prototypen-Implementierungen), nicht im Nachweis eines einzelnen neuen Algorithmus. Dies wird durch die Beschreibung der Implementierung und Evaluation der Prototypen belegt (Abschnitt 3 und 4).",entwurf;implementierung;testen_qualitaetssicherung,1.0,,"Die Publikation beschreibt den Entwurf der Authentifizierungsmethode (Abschnitt 3: Methodology and Implementation), die konkrete Implementierung als Android-Prototypen (Abschnitt 3: 'We implemented all three approaches as prototypes in a tool called GRAPHNEIGHBORS for the Android operating system.') sowie die Qualitätssicherung durch eine Usability-Evaluation mit 100 Teilnehmern (Abschnitt 4: Usability Evaluation).",full_stack_application,1.0,,"GRAPHNEIGHBORS ist eine vollständige Anwendung für das Android-Betriebssystem, die eine Benutzeroberfläche (Frontend) und die zugehörige Logik (Backend) zur Authentifizierung umfasst. Dies wird durch die Beschreibung der Prototypen und deren Implementierung als Android-App belegt (Abschnitt 3).",java_jvm,1.0,,"Die Implementierung erfolgte für das Android-Betriebssystem, das primär auf Java basiert. Dies ist ein expliziter Anhaltspunkt für die Verwendung von Java (Abschnitt 3: 'We implemented all three approaches as prototypes in a tool called GRAPHNEIGHBORS for the Android operating system.').",usability_study;testing,1.0,,"Die Software wurde durch eine Usability-Studie mit 100 Teilnehmern evaluiert, die die Benutzbarkeit und Erinnerungsfähigkeit der Geheimnisse testete (Abschnitt 4: Usability Evaluation). Zusätzlich wurde die technische Funktionalität durch die Durchführung der Authentifizierungsversuche (Testing) überprüft (Abschnitt 4: 'we requested each participant to login with the previously chosen secrets having three tries for each approach').",,
lni337/07_01_04_Junger,lni337,07_01_04_Junger.pdf,lni337/07_01_04_Junger.pdf,Design and implementation of a lecture for teaching current Green Coding approaches and practices at the HTW Berlin,"Dennis Junger , Volker Wohlgemuth",mistral-medium-3.5-128b,rse_typology_prompt_v1,run_1,1,0.95,"Die Publikation beschreibt die Entwicklung und Implementierung eines Messlabors (Measurement Laboratory) mit konkreten Testständen, die auf dem 'Blue Angel for software products'-Standard basieren. Diese Teststände wurden explizit für die Analyse des Ressourcen- und Energieverbrauchs von Software (z. B. GIMP, Photoshop, Spotify, VLC, Matlab, R-Studio, C++, Python, Go) entwickelt und umgesetzt. Zudem wurden Automatisierungs-Skripte (WinAutomate, Actiona, Power Automate) und ein standardisierter Workflow für Messungen implementiert. Dies erfüllt die Kriterien für Forschungssoftware, da es sich um eine eigene Entwicklungsleistung handelt, die für ein explizites Forschungsziel (Energieeffizienz von Software) erstellt wurde.",datenanalyse,0.9,,Die Forschungssoftware (Messlabor) dient primär der Datenerhebung und -analyse im Kontext der Energieeffizienz von Software. Die Messstände und Workflows werden explizit zur Analyse des Ressourcen- und Energieverbrauchs verschiedener Anwendungen und Programmiersprachen eingesetzt (vgl. Abschnitt 3.4.2: 'targeting to figure out differences in resource and energy usage').,entwurf;implementierung;testen_qualitaetssicherung,0.95,,Der Entwurf des Messlabors (Abschnitt 3.4.1: 'design and implementation of the measurement lab') und die Implementierung der Teststände (inkl. Automatisierungs-Skripte und Workflows) sind explizit beschrieben. Zudem wird die Qualitätssicherung durch wiederholte Messungen (30x für statistische Mittelwerte) und die Auswertung der Daten (z. B. mit OSCAR) thematisiert.,analysis_pipeline,0.85,,"Die Software besteht aus einem Messlabor mit standardisierten Workflows und Automatisierungs-Skripten, die Daten sequentiell einlesen (Messungen), transformieren (Automatisierung) und auswerten (z. B. mit OSCAR). Dies entspricht einer Analyse-Pipeline, die auf die Energie- und Ressourcenanalyse von Software fokussiert ist.",python;c_cpp;go;matlab;r_lang,0.9,,"Die Publikation nennt explizit die Programmiersprachen und Technologien, die im Messlabor analysiert wurden: Python, C++, Go (Abschnitt 3.4.2: 'differences between programming languages (C++ & Python) and (single- & multi-)threading technologies in GO'), Matlab und R-Studio (Abschnitt 3.4.2: 'statistical analyses (Matlab & R-Studio').",performance_evaluation;testing,0.95,,"Die Software wird durch Performance-Evaluation (Messung von Energie- und Ressourcenverbrauch, vgl. Abschnitt 3.4.2) und technisches Testen (wiederholte Messungen für statistische Mittelwerte, vgl. Abschnitt 3.4.1: 'repeated for statistical means 30 times') evaluiert. Zudem wird die Auswertung der Daten mit OSCAR beschrieben.",,
lni354/4,lni354,4.pdf,lni354/4.pdf,Exploring the Potential of Multimodal Large Language Models for Identifying Resource-Efficient End-to-End,"Value Streams Mick Geisthardt , Lutz Engel , and Jorge Marx Gómez",mistral-medium-3.5-128b,rse_typology_prompt_v1,run_1,1,1.0,"Die Publikation beschreibt die Entwicklung und Evaluation eines MLLM-basierten Prototyps namens 'Value Stream Transformer (VST)', der explizit für die Unterstützung von Verbesserungsteams bei der Identifikation ressourceneffizienter Wertströme konzipiert und implementiert wurde. Dies umfasst die Anwendung von Prompt Engineering, Datenquellenmodellierung und Retrieval-Augmented Generation sowie die Integration von Domänenwissen aus dem Simulationsspiel 'North Star – The Value Stream Game'.",product_result,1.0,,"Der Fokus der Publikation liegt auf der Konzeption und Evaluation des 'Value Stream Transformer (VST)' als Prototyp, der das Ergebnis der Forschung ist. Die Software selbst ist das primäre Deliverable, das die Integration von Domänenwissen und MLLM-Technologien für die Wertstromanalyse und -gestaltung ermöglicht (vgl. Abschnitte 3, 4.1, 4.2).",projektdefinition;entwurf;implementierung;testen_qualitaetssicherung,1.0,,"Die Publikation deckt mehrere Phasen ab: (1) Projektdefinition (Motivation und Problemraum in Abschnitt 1 und 2), (2) Entwurf (Architektur und Modellierung in Abschnitt 3 und 4.1), (3) Implementierung (Prototyp-Entwicklung mit GPT-4o (mini) und Decision Transformer in Abschnitt 4.1 und 4.2), (4) Testen/Qualitätssicherung (Labor-Experiment und Evaluation in Abschnitt 4.3).",full_stack_application;ml_model,1.0,,"Der 'Value Stream Transformer (VST)' ist eine Full-Stack-Anwendung, die eine multimodale Dialogkomponente (Frontend) mit einer Backend-Logik (MLLM, Decision Transformer) kombiniert (vgl. Abschnitt 4.2, Abbildung 4). Zudem wird ein ML-Modell (GPT-4o (mini) mit Decision Transformer-Ansatz) als Kernkomponente verwendet (vgl. Abschnitt 4.1).",python,0.9,,"Die Nutzung von GPT-4o (mini) (OpenAI) impliziert Python als Programmiersprache, da OpenAI-Modelle typischerweise über Python-Bibliotheken (z. B. `openai` oder `transformers`) genutzt werden. Dies ist eine sichere Implikation, da OpenAI-Modelle primär in Python-Ökosystemen eingesetzt werden.",empirical_study;conceptual_evaluation,1.0,,"Die Evaluation umfasst (1) eine empirische Studie im Labor mit Verbesserungsexperten, die die Übereinstimmung der vom VST generierten Strategien mit denen der Experten (über 90%) bewertet (vgl. Abschnitt 4.3), sowie (2) eine konzeptionelle Evaluation durch die Vorstellung des Prototyps und die Diskussion seiner Potenziale und Grenzen (vgl. Abschnitte 4.3 und 5).",,
lni220/836,lni220,836.pdf,lni220/836.pdf,"Challenges and requirements for standardisation of open budgetary data in the Brazilian public administration Marcelo Tavares de Santana, Gisele da Silva Craveiro School of Arts, Sciences and Hummanities University of São Paulo","Rua Arlindo Béttio, - – São Paulo – SP – Brazil",mistral-medium-3.5-128b,rse_typology_prompt_v1,run_1,0,1.0,"Die Publikation diskutiert Anforderungen, Herausforderungen und Standards für die Veröffentlichung offener Haushaltsdaten in Brasilien, ohne dass eigene Forschungssoftware (z. B. Quellcode, Algorithmen, Skripte oder implementierte Systeme) entwickelt, erweitert oder angepasst wurde. Es werden bestehende Standards (z. B. XBRL, IATI, Linked Data) referenziert und analysiert, aber keine eigene Software umgesetzt. Die Arbeit ist konzeptionell und analysiert den Status quo, ohne eine Implementierung zu beschreiben.",,,,,,,,,,,,,,,,,,,,,,
lni284/proceedings_43,lni284,proceedings_43.pdf,lni284/proceedings_43.pdf,Multiview-Video in der physiotherapeutischen Ausbildung Demonstration von motorischen Fertigkeiten mittels Multiview-Video – Eine technische Entwicklung zur individuellen Perspektivwahl,"Christian Renardy, Ulrike Schemmann, Marko Jovanović und Martin Lemos",mistral-medium-3.5-128b,rse_typology_prompt_v1,run_1,1,1.0,"Die Publikation beschreibt die Entwicklung eines Multiview-Video-Players (Webanwendung und native Android-Anwendung) sowie eines geplanten Editors. Diese Software wurde im Rahmen des Forschungsprojekts erstellt, um motorische Fertigkeiten in der physiotherapeutischen Ausbildung zu unterstützen. Es handelt sich um eine eigene Entwicklungsleistung mit klarem Forschungszweck (Optimierung von Lehr-/Lernprozessen).",product_result,0.95,,"Der Multiview-Video-Player und der geplante Editor sind das primäre Ergebnis der Forschung. Der Fokus liegt auf der Entwicklung des Systems selbst (vgl. 'wurde ein Player für Multiview-Videos entwickelt', 'Im Aufbau befindet sich ein Editor'). Es geht nicht um die Analyse von Daten oder Simulationen, sondern um das lauffähige System als Forschungsbeitrag.",projektdefinition;entwurf;implementierung;testen_qualitaetssicherung,0.9,,"Projektdefinition/Motivation (Einleitung: Bedarf an optimierter Sicht für Lehr-/Lernprozesse), Entwurf (Beschreibung der Architektur: Hauptansicht + Nebenansichten + Steuerungselemente), Implementierung (Webanwendung und native Android-Anwendung), Testen/Qualitätssicherung (Evaluation mit n=24 Lernenden, die das Tool als 'sinnvolles und unterstützendes Lerninstrument' bewerteten).",full_stack_application,0.95,,Der Multiview-Video-Player ist eine Full-Stack-Anwendung (Webanwendung und native Android-App) mit Frontend (Benutzeroberfläche für Perspektivauswahl) und Backend (Verarbeitung der Videostreams). Der Editor (geplant) würde ebenfalls in diese Kategorie fallen.,javascript_web;java_jvm,0.8,,"Die Webanwendung deutet auf JavaScript/TypeScript + Web-Frontend hin (implizit durch 'Webanwendung'). Die native Android-Anwendung wird typischerweise in Java/Kotlin (JVM-Sprachen) entwickelt, was durch den Kontext (Android) explizit belegt ist.",usability_study,0.9,,Die Evaluation mit n=24 Lernenden bewertet die Software als 'sinnvolles und unterstützendes Lerninstrument' — dies entspricht einer Usability-Studie mit Versuchspersonen. Technische Tests oder Benchmarks werden nicht erwähnt.,,
lni353/PVM2024_11,lni353,PVM2024_11.pdf,lni353/PVM2024_11.pdf,Von der Theorie zur Praxis: Implementierung des Meta Agile Process Model zur Optimierung von Projektteams,"Colin Vavra, Jannik Heizmann und Eckhart Hanser",mistral-medium-3.5-128b,rse_typology_prompt_v1,run_1,1,1.0,"Die Publikation beschreibt die Entwicklung einer Webapplikation (map-model.de), die das Meta Agile Process Model (MAP) implementiert. Diese Software wurde von den Autoren selbst erstellt, um die Teamevaluation und Rollenzuweisung in agilen Projekten zu unterstützen. Sie ist explizit als praxisorientierte Lösung zur Optimierung von Teamzusammensetzungen konzipiert und dient damit einem Forschungszweck (Validierung und Anwendung des MAP-Modells).",product_result,0.95,,"Die Webapplikation ist das primäre Ergebnis der Forschung, da sie das MAP-Modell in die Praxis umsetzt und als Werkzeug zur Teamevaluation und Rollenoptimierung dient. Der Fokus liegt auf der Bereitstellung eines lauffähigen Systems (vgl. 'praxisorientierte Webapplikation', 'Implementierung von MAP').",entwurf;implementierung;deployment_betrieb,0.98,,"Der Text beschreibt explizit den Entwurf (Architektur der Webapplikation, z. B. Radardiagramme, Algorithmen zur Affinitätsberechnung), die Implementierung (Entwicklung der Plattform) und den Betrieb (Bereitstellung unter map-model.de, Nutzung durch Teams).",full_stack_application,1.0,,"Die Software ist eine webbasierte Anwendung mit Frontend (Benutzeroberfläche für Evaluationen) und Backend (Berechnungen, Datenverarbeitung), was der Definition einer Full-Stack-Anwendung entspricht (vgl. 'Webapplikation', 'Benutzerfreundliche Oberfläche').",insufficient_information,1.0,,"Der Text nennt keine konkreten Programmiersprachen, Frameworks oder Technologien, die für die Implementierung der Webapplikation verwendet wurden. Die URL (map-model.de) und die Beschreibung der Funktionalität geben keine Hinweise auf den Techstack.",testing;empirical_study,0.9,,"Die Software wird technisch getestet (Algorithmen zur Berechnung von Affinitäten und MAP-Index, vgl. 'Der implementierte Algorithmus berechnet die Evaluationswerte'). Zudem wird sie in einer empirischen Studie eingesetzt, um die Vorhersagequalität des MAP-Modells zu validieren (vgl. 'Die Vorhersagequalität des Verfahrens wurde in verschiedenen Publikationen bestätigt [Ha16][Bo22]').",,
lni218/143,lni218,143.pdf,lni218/143.pdf,openHPI: Soziales und Praktisches Lernen im Kontext eines MOOC,"Franka Grünewald, Elnaz Mazandarani, Christoph Meinel, Ralf Teusner, Michael Totschnig, Christian Willems",mistral-medium-3.5-128b,rse_typology_prompt_v1,run_1,1,0.95,"Die Publikation beschreibt die Plattform openHPI als eine implementierte MOOC-Plattform, die im Rahmen der Forschung entwickelt, erweitert und angepasst wurde (z. B. Integration praktischer Zusatzaufgaben, soziale Lernfunktionen). Die Software ist das Produkt der Forschung und dient als Infrastruktur für die Durchführung von Kursen und die Evaluation von Lernstilen.",product_result,0.95,,"Die openHPI-Plattform ist das Ergebnis der Forschung und dient als lauffähiges System zur Durchführung von MOOCs. Der Beitrag liegt im Bau und der Integration der Plattform selbst, nicht in einem einzelnen Algorithmus (vgl. Text: 'openHPI ist eine Plattform für xMOOCs, die am Hasso-Plattner-Institut entwickelt wurde').",entwurf;implementierung;deployment_betrieb,0.9,,"Der Text beschreibt den Entwurf (Architektur der Plattform, z. B. Integration sozialer Funktionen und praktischer Aufgaben), die Implementierung (z. B. Entwicklung der Plattform auf Basis von tele-TASK) und den Betrieb (z. B. Durchführung von Kursen, Wartung und geplante Erweiterungen wie server-basierte Trainingsumgebungen).",full_stack_application,0.95,,"openHPI ist eine webbasierte Full-Stack-Anwendung mit Frontend (z. B. Foren, Lerngruppen) und Backend (z. B. Verwaltung von Kursmaterialien, Selbsttests, praktischen Aufgaben).",insufficient_information,0.8,,"Es werden keine konkreten Programmiersprachen oder Technologien explizit genannt. Die Plattform basiert auf tele-TASK, aber ohne Nennung der verwendeten Sprachen oder Frameworks.",empirical_study;usability_study,0.9,,"Die Plattform wird durch eine empirische Studie evaluiert (Umfrage unter Teilnehmern, Analyse von Lernverhalten und Wissensfortschritt) sowie durch Usability-Aspekte (Nutzung sozialer Funktionen, Feedback zu praktischen Aufgaben).",,
lni8/11,lni8,11.pdf,lni8/11.pdf,Wissensmanagement in der schulischen Allgemeinbildung Chancen und Konsequenzen,Helmut Meschenmoser,mistral-medium-3.5-128b,rse_typology_prompt_v1,run_1,1,0.95,"Die Publikation beschreibt die Entwicklung und Nutzung der Wissensbasis 'Verkehrswerkstatt.de' als didaktisiertes System im Internet, das explizit als Lernumgebung für Schüler:innen, Lehrende und andere Zielgruppen konzipiert wurde. Es handelt sich um eine implementierte, webbasierte Anwendung mit konkreten Funktionen (Suchmaschine, Metatags, strukturierte Inhaltsübersichten, interaktive Nutzung, Formulargenerator für HTML-Dokumente). Zudem werden Arbeitskarteien als Medien zur Unterstützung kooperativer Arbeit beschrieben, die systematisch entwickelt und erprobt werden. Beide Systeme sind explizit als Teil der Forschung umgesetzt und dienen der Untersuchung von Wissensmanagement in der schulischen Allgemeinbildung.",human_facing_intervention,0.9,,"Die Wissensbasis 'Verkehrswerkstatt.de' und die Arbeitskarteien sind als Lernumgebungen konzipiert, mit denen Schüler:innen und Lehrende direkt interagieren, um Wissensmanagement zu üben und zu evaluieren (vgl. Abschnitte 3.1 und 3.2). Die Software dient primär als Intervention im Bildungsprozess.",entwurf;implementierung;deployment_betrieb,0.95,,"Die Publikation beschreibt den Entwurf der Wissensbasis (didaktische Kriterien, Strukturierung, Metatags) und der Arbeitskarteien (vgl. Abschnitte 3.1 und 3.2), die Implementierung (z. B. Formulargenerator für HTML-Dokumente, lokale Suchmaschine ht://dig, Offline-Version auf CD) sowie den Betrieb (Nutzung durch Schüler:innen, Lehrende, externe Gruppen; vgl. Abschnitt 3.2: 'An der Wissensbasis arbeiten bereits [...] zahlreiche Personen mit unterschiedlichen Kompetenzen').",full_stack_application,0.9,,"Die 'Verkehrswerkstatt.de' ist eine webbasierte Full-Stack-Anwendung mit Frontend (HTML, interaktive Nutzung) und Backend (Suchmaschine, Datenbank mit Metatags, strukturierte Inhalte). Die Arbeitskarteien sind zwar themenübergreifend, aber als digitale Medien konzipiert, die in die Lernumgebung integriert werden (vgl. Abschnitte 3.1 und 3.2).",javascript_web;xml_xsd,0.85,,"Die Wissensbasis nutzt HTML für die Darstellung (vgl. 'Formulargenerator [...] ohne Programmierkenntnisse selbstständig HTML-Dokumente mit Fotos und Texten ins Netz zu stellen') und Metatags in Anlehnung an DublinCore (XML-basierte Metadatenstandards). Die Webbasierung impliziert JavaScript/TypeScript für interaktive Elemente, auch wenn dies nicht explizit genannt wird.",empirical_study;usability_study,0.8,,"Die Software wird in empirischen Kontexten erprobt (vgl. Abschnitt 3.2: 'Eingebunden in unterschiedliche situative Kontexte im Unterricht oder in Veranstaltungen zur Lehrerbildung, wird sie zur Lernumgebung' und Abschnitt 4: 'Erprobung und Evaluation von Komponenten für Wissensmanagementkonzepte'). Zudem wird die Benutzbarkeit durch die Einbindung verschiedener Nutzer:innengruppen (Schüler:innen, Lehrende, externe Expert:innen) und die Berücksichtigung geschlechtstypischer Zugangsweisen evaluiert (vgl. Abschnitt 3.2: 'differenzielle Lernwege [...] geschlechtstypische Zugangsweisen').",,
lni338/34,lni338,34.pdf,lni338/34.pdf,cba doi: 10.18420/delfi2023-34 Anwendung von Process Mining zur kontinuierlichen Lern-pfadidentifikation in Lernmanagementsystemen,"Lars Quakulinski, Sven Judel , Miriam Wagner und Ulrik Schroeder",mistral-medium-3.5-128b,rse_typology_prompt_v1,run_1,1,1.0,"Die Publikation beschreibt die konkrete Umsetzung von zwei Analytics Engines (DFG Discoverer und LP Discoverer) sowie ein Dashboard zur Visualisierung von Lernpfaden in Moodle. Diese wurden explizit entwickelt, um xAPI Statements zu analysieren und kontinuierlich Lernpfade als Directly Follows Graphen (DFG) und Petri Netze zu generieren. Die Software ist damit ein implementiertes System zur Unterstützung von Educational Process Mining (EPM) und erfüllt die Kriterien für Forschungssoftware.",product_result,0.95,,"Die Software (Analytics Engines + Dashboard) ist das zentrale Ergebnis der Forschung. Der Beitrag liegt im Bau und der Integration des Systems, das EPM kontinuierlich ermöglicht. Dies wird explizit in Abschnitt 3 und 5 beschrieben, wo die Implementierung und Nutzung der Engines im Mittelpunkt stehen.",entwurf;implementierung;deployment_betrieb,0.95,,"Der Entwurf der Architektur (z. B. Auswahl des Inductive Miners, Integration in Excalibur LA) ist in Abschnitt 2 und 3 beschrieben. Die Implementierung der Engines in Python (Abschnitt 3: 'Analytics Engines in Python implementiert') und das Deployment/Betrieb (tägliche Analyse, REST API, Dashboard-Integration) sind explizit belegt.",full_stack_application;analysis_pipeline;plugin_extension,0.9,,"Die Lösung besteht aus einer Full-Stack-Anwendung (Dashboard + Backend-Engines), einer Analyse-Pipeline (Verarbeitung von xAPI Statements zu DFGs/Petri Netzen) und nutzt ein bestehendes Moodle-Plugin (Abschnitt 2: 'Moodle Plugin, welches Moodle Events in xAPI Statements überführt').",python;javascript_web,0.95,,"Die Analytics Engines sind in Python implementiert (Abschnitt 3: 'Analytics Engines in Python implementiert'). Das Dashboard ist in Moodle integriert, was typischerweise JavaScript/TypeScript für das Frontend impliziert (Abschnitt 3: 'in Moodle integriertes Dashboard').",performance_evaluation;testing,0.9,,"Die Laufzeit der Analyseschritte wird gemessen (Abschnitt 3: 'gemittelte Laufzeit der einzelnen Analyseschritte', Abbildung 2) und die Qualität der Petri Netze wird evaluiert (Fitness: 98%, Präzision: 22,69%/1,19%). Dies entspricht einer Performance- und technischen Evaluation.",,
lni226/85,lni226,85.pdf,lni226/85.pdf,Offener Framework für Produktinformationssysteme zur Verbesserung der Verbraucherinformationen,"Yvonne Hufenbach, Laura Becker Forschungsgruppe wi-mobile",mistral-medium-3.5-128b,rse_typology_prompt_v1,run_1,1,0.95,"Die Publikation beschreibt die konkrete Umsetzung eines offenen Frameworks (OPDIS) mit klar definierten Komponenten (OPDIS KNOW, OPDIS FRAME, OPDIS APP) und deren Schnittstellen, die als UML-Komponentendiagramm modelliert und implementiert wurden. Es handelt sich um eine eigene Entwicklungsleistung (Webapplikation, mobiles Framework, Beispielanwendung), die im Rahmen des Forschungsprojekts OPDIS erstellt wurde, um Verbraucherinformationen zu verbessern.",product_result,0.95,,"Das Ziel des Beitrags ist die Modellierung und Implementierung des offenen Frameworks OPDIS als Systemstruktur für mobile Produktinformationssysteme. Die Software (inkl. Webapplikation, Framework und Beispielanwendung) ist das primäre Ergebnis der Forschung, nicht nur ein Mittel zur Beantwortung einer übergeordneten Forschungsfrage.",projektdefinition;anforderungen;entwurf;implementierung,0.9,,"Die Publikation beschreibt die Projektmotivation (Projektdefinition), die Anforderungen an mobile Produktinformationssysteme (Anforderungen), die Architektur als UML-Komponentendiagramm (Entwurf) und die konkrete Umsetzung der Komponenten OPDIS KNOW, FRAME und APP (Implementierung). Deployment/Betrieb oder Testen werden nicht explizit erwähnt.",full_stack_application;library_package;middleware_service,0.85,,"OPDIS KNOW ist eine Webapplikation (full_stack_application), OPDIS FRAME ein mobiles Framework für Entwickler (library_package), und die Schnittstellen zwischen den Komponenten (z. B. REST-Schnittstelle) deuten auf Middleware/Dienste hin (middleware_service).",insufficient_information,0.95,,Es werden keine konkreten Programmiersprachen oder Technologien (außer UML für die Modellierung und REST als Schnittstellenprotokoll) explizit genannt. REST allein impliziert keine bestimmte Programmiersprache.,conceptual_evaluation,0.8,,"Die Publikation stellt das Framework-Konzept und das Komponentendiagramm vor, ohne technische Tests, Usability-Studien oder empirische Evaluierungen zu beschreiben. Die Bewertung erfolgt hier auf konzeptioneller Ebene (Modell als Empfehlung für Entwickler).",,
lni203/95,lni203,95.pdf,lni203/95.pdf,"Das bwGRiD – ”High Performance Compute Cluster“ als ﬂexible, verteilte Wissenschaftsinfrastruktur","Marek Dynowskia, Michael Janczyka, Janne Schulza, Dirk von Suchodoletza Sven Hermannb",mistral-medium-3.5-128b,rse_typology_prompt_v1,run_1,1,0.95,"Die Publikation beschreibt explizit entwickelte Softwarewerkzeuge im Rahmen des bwGRiD-Projekts, darunter das bwGRiD-Portal (Webportal mit Portlets), die bwGRiD-VM (vorkonfigurierte virtuelle Maschine mit Globus-Installation und Skripten), das Firefox-Addon 'Grid Proxy Manager' sowie zentrale Softwaremodule und ein Software-Repository. Diese wurden im Projekt erstellt oder maßgeblich angepasst, um die Nutzung von HPC-Ressourcen zu unterstützen.",research_infrastructure_support,0.9,,"Die Software dient primär der Unterstützung der Forschungsinfrastruktur (z. B. bwGRiD-Portal, VM, Grid Proxy Manager, Software-Repository) und ermöglicht den Zugang zu HPC-Ressourcen für verschiedene Forschungsdisziplinen. Sie ist kein direktes Werkzeug für Datenerhebung, Analyse oder Simulation, sondern eine Infrastruktur zur Ermöglichung dieser Prozesse.",entwurf;implementierung;deployment_betrieb,0.95,,"Der Text beschreibt explizit den Entwurf (z. B. Architektur des bwGRiD-Portals, Modulstruktur), die Implementierung (z. B. Entwicklung der bwGRiD-VM, Grid Proxy Manager, Portlets) und den Betrieb/Deployment (z. B. Bereitstellung der VM, Portal-Betrieb, Software-Repository).",full_stack_application;middleware_service;plugin_extension,0.9,,Das bwGRiD-Portal ist eine Full-Stack-Anwendung (Webportal mit Backend und Frontend). Die Globus-Middleware und das Grid Application Toolkit (GAT) sind Middleware-Dienste. Das Firefox-Addon 'Grid Proxy Manager' ist ein Plugin/Erweiterung.,java_jvm;javascript_web,0.85,,Das bwGRiD-Portal basiert auf dem Portlet-Framework GridSphere (Java) und Apache Tomcat (Java-Servlet-Container). Die Webbasierung impliziert JavaScript/HTML für das Frontend. Globus-Middleware (Version 4.0.8) ist in Java implementiert.,performance_evaluation;empirical_study,0.8,,Die Publikation erwähnt die kontinuierliche Auslastung der Ressourcen und die Optimierung von Grid-Konzepten (Performance-Evaluation). Zudem wird die Nutzung der Infrastruktur in 220 Publikationen referenziert (empirische Studie als Nachweis der Nutzung/Wirkung).,,
lni214/383,lni214,383.pdf,lni214/383.pdf,Seamless Integration of Archiving Functionality in OLTP/OLAP Database Systems Using Accelerator Technologies Knut Stolze∗ Oliver K¨oth∗,Felix Beier∗ Carlos Caballero∗ Ruiping Li,mistral-medium-3.5-128b,rse_typology_prompt_v1,run_1,1,1.0,"Die Publikation beschreibt die Entwicklung und Implementierung der 'High Performance Storage Saver' (HPSS)-Funktionalität als Teil des IBM DB2 Analytics Accelerator (IDAA). Diese Funktionalität integriert Archivierungsfunktionen in DB2-Datenbanksysteme und ermöglicht nahtlosen Zugriff auf archivierte Daten. Es handelt sich um eine konkrete, implementierte Softwarelösung (stored procedures, Optimizer-Erweiterungen, XML-Schnittstellen), die im Rahmen der Forschung entwickelt und in ein bestehendes System integriert wurde.",product_result,1.0,,"Die Software (HPSS) ist das Ergebnis der Forschung und stellt eine neue Produktfunktionalität dar, die in den IBM DB2 Analytics Accelerator integriert wurde. Der Fokus liegt auf der Entwicklung und Integration dieser spezifischen Archivierungslösung als Teil des Systems (vgl. Abschnitte 1, 4.1–4.6).",entwurf;implementierung;deployment_betrieb,1.0,,"Die Publikation beschreibt detailliert den Entwurf (Architektur, Schnittstellen, z. B. Abschnitt 4.1–4.2), die Implementierung (stored procedures wie ACCEL ARCHIVE TABLES, XML-Schnittstellen, Optimizer-Anpassungen, z. B. Abschnitte 4.3–4.6) sowie den Betrieb (Monitoring, Performance-Messungen, z. B. Abschnitte 4.5, 5).",middleware_service;plugin_extension,0.95,,"HPSS ist eine Middleware-Lösung, die als Erweiterung (Plugin) in den DB2 Analytics Accelerator integriert wird. Sie verbindet DB2 mit dem Accelerator und bietet Archivierungsfunktionalitäten als Dienst an (vgl. Abschnitte 3, 4.1–4.6). Die Einordnung als 'plugin_extension' ist gerechtfertigt, da es sich um eine spezifische Erweiterung eines bestehenden Systems handelt.",sql_db;xml_xsd,1.0,,"Die Publikation nennt explizit SQL (DB2-Optimizer, Abfragen, z. B. Abschnitte 3.1, 4.6) und XML (Schnittstellen für Archivierungsanfragen, z. B. Abschnitte 4.3, Listings 1–3) als zentrale Technologien. DRDA-Protokoll wird ebenfalls erwähnt, ist aber keine Programmiersprache.",performance_evaluation;testing,1.0,,"Die Publikation beschreibt Performance-Messungen für den Archivierungsprozess und die Abfrageverarbeitung (Abschnitt 5) sowie technische Tests der Funktionalität (z. B. Konsistenzprüfungen bei Restore-Operationen, Abschnitt 4.4).",,
lni229/39,lni229,39.pdf,lni229/39.pdf,"-39 -Herzlich Willkommen! Szenarien und Anforderungen für eine interaktive Neubür-gerberatung Gerhard Schwabe+, Birgit Schenk*, Tobias Giesbrecht+",,mistral-medium-3.5-128b,rse_typology_prompt_v1,run_1,0,1.0,"Die Publikation beschreibt Konzepte, Szenarien und Anforderungen für ein Beratungsinformationssystem, aber es gibt keine explizite Erwähnung einer tatsächlichen Implementierung, Erweiterung oder Anpassung von Forschungssoftware. Es handelt sich um eine konzeptionelle Arbeit ohne konkrete Softwareumsetzung.",,,,,,,,,,,,,,,,,,,,,,
lni329/26-BIOSIG_2022_paper_50,lni329,26-BIOSIG_2022_paper_50.pdf,lni329/26-BIOSIG_2022_paper_50.pdf,"A. Br¨omme, N. Damer, M. Gomez-Barrero, K. Raja, C. Rathgeb, A. Sequeira, M. Todisco, and A. Uhl (Eds.): BIOSIG 2022, Lecture Notes in Informatics (LNI), Gesellschaft f¨ur Informatik, Bonn 2022 Cross Sensor Finger Vein Recognition","Bernhard Prommegger, Georg Wimmer, Andreas Uhl",mistral-medium-3.5-128b,rse_typology_prompt_v1,run_1,1,0.95,"Die Publikation beschreibt die Anwendung und Evaluation von drei Finger-Venen-Erkennungsmethoden (MC, DFVR, Triplet-SqNet) auf verschiedenen Datensätzen. Zudem wird explizit erwähnt, dass für die ROI-Extraktion CNN-Modelle aus [Pr22] verwendet wurden und dass die Experimente mit öffentlich verfügbaren Implementierungen der Methoden durchgeführt wurden. Dies deutet auf die Nutzung und Anpassung von Forschungssoftware hin, insbesondere da die Software für die Durchführung der Experimente und Analysen zentral ist.",datenanalyse,0.95,,"Die Software wird primär zur Analyse von Finger-Venen-Daten eingesetzt, um die Erkennungsleistung über verschiedene Sensoren hinweg zu evaluieren. Dies ist explizit im Abstract und im Text (Abschnitt 3) beschrieben.",implementierung;testen_qualitaetssicherung,0.9,,Die Publikation beschreibt die Implementierung der Erkennungsmethoden (z. B. Anpassung der ROI-Extraktion mit CNNs aus [Pr22]) und die Durchführung von Experimenten zur Evaluation der Methoden (Abschnitt 3.2 und 3.3). Dies umfasst sowohl die Implementierungs- als auch die Testphase.,analysis_pipeline;ml_model,0.9,,"Die Software umfasst Analyse-Pipelines für die Finger-Venen-Erkennung (z. B. Preprocessing, Feature-Extraktion, Klassifikation) sowie ML-Modelle (z. B. Triplet-SqNet, CNN-basierte ROI-Extraktion). Dies ist in Abschnitt 3 detailliert beschrieben.",insufficient_information,0.5,,"Es werden keine expliziten Programmiersprachen oder Technologien genannt. Die verwendeten Frameworks (z. B. Triplet-SqNet, DFVR) sind zwar referenziert, aber ohne Angabe der Implementierungssprache.",empirical_study;benchmarking;performance_evaluation,0.95,,"Die Software wird in einer empirischen Studie evaluiert, in der die Erkennungsleistung (EER) auf verschiedenen Datensätzen und Sensoren verglichen wird (Abschnitt 3.3). Dies umfasst Benchmarking (Vergleich auf Standard-Datensätzen) und Performanzevaluation (EER als Metrik).",,
lni133/211,lni133,211.pdf,lni133/211.pdf,Modellbasierter Komponententest mit visuellen Kontrakten,"Jens Ellerweg, Gregor Engels,, Baris Güldali",mistral-medium-3.5-128b,rse_typology_prompt_v1,run_1,1,1.0,"Die Publikation beschreibt die Entwicklung und Implementierung eines Eclipse Plug-Ins zur Automatisierung von modellbasiertem Komponententest mit visuellen Kontrakten. Dies umfasst die Generierung von Testfällen, Testskripten und die Einbettung von Zusicherungen (JML) zur Testbewertung. Die Werkzeugunterstützung wurde explizit implementiert und in einer Fallstudie evaluiert, was auf eigene Entwicklungsleistung und einen Forschungszweck hindeutet.",product_result,0.95,,"Die Software (Eclipse Plug-In) ist das primäre Ergebnis der Forschung. Der Beitrag liegt im Bau und der Integration des Systems zur Automatisierung des Komponententests, nicht in der bloßen Anwendung oder Evaluation eines einzelnen Algorithmus. Dies wird durch die Beschreibung der implementierten Werkzeugunterstützung und deren Evaluierung in einer Fallstudie belegt (Abschnitt 4).",entwurf;implementierung;testen_qualitaetssicherung,1.0,,"Die Publikation behandelt explizit den Entwurf (modellbasierte Verhaltensbeschreibung mit visuellen Kontrakten, Abschnitt 2), die Implementierung (Eclipse Plug-In, Abschnitt 4) und das Testen/Qualitätssicherung (Generierung und Ausführung von Testfällen, Testbewertung, Abschnitt 3 und 4).",plugin_extension;library_package,0.95,,"Die Software ist ein Eclipse Plug-In (plugin_extension), das die Visual Contract Workbench erweitert. Zudem generiert es Testskripte und Zusicherungen, was auf eine Bibliothek/Framework-Funktionalität (library_package) hindeutet, da es wiederverwendbare Testautomatisierungsfunktionen bereitstellt (Abschnitt 4: 'Eclipse Plug-In zur Automatisierung der beschriebenen Testaktivitäten').",java_jvm,1.0,,"Die Publikation erwähnt explizit die Generierung von JUnit-Testskripten (Java) und die Verwendung von JML (Java Modeling Language), was eindeutig auf Java als Programmiersprache hindeutet (Abschnitt 3: 'JUnit-Testskript', 'JML Zusicherungen').",testing;performance_evaluation,1.0,,"Die Software wird durch Testfälle evaluiert, die auf Basis von visuellen Kontrakten generiert werden (testing, Abschnitt 3 und 4). Zudem werden Performanzwerte (Ausführungszeiten) für die Testfallgenerierung, Code-Generierung und Testausführung gemessen und verglichen (performance_evaluation, Tabelle 2).",,
lni314/W1-5,lni314,W1-5.pdf,lni314/W1-5.pdf,"Secure Unidirectional Security Gateways for Industrie 4.0 Christele Larissa Moussi Djeukoua1, Timothee Guiraud2, Edita Bajramovic3, Josef Schindler4, Karl Waedt5 Abstract: Secure data exchange between different geographical sites (e.g. industrial manufacturing facilities, power plants, research labs, and manufacturer test facilities) is an important part of","cybersecurity. It is for example addressed by section “Communications Security” of ISO/IEC :. ISO/IEC -: gives guidance for securing communications between networks using security gateways (firewall, application firewall, Intrusion Protection System, etc.). While the newest part of the multipart ISO/IEC standards series, ISO/IEC WD - “Information technology Network security Part : Guidelines for network virtualization security” is more on the",mistral-medium-3.5-128b,rse_typology_prompt_v1,run_1,0,0.95,"Die Publikation beschreibt Konzepte, Anforderungen und Anwendungsfälle für unidirektionale Sicherheitsgateways (Data Diodes) in Industrie 4.0, inklusive Standards, Architekturen und prototypische Implementierungen. Es wird jedoch keine konkrete, in der Arbeit selbst entwickelte oder angepasste Forschungssoftware beschrieben. Die erwähnten Prototypen sind als Hardware-Lösungen oder Systemarchitekturen dargestellt, nicht als eigenständige, implementierte Forschungssoftware. Zudem fehlen explizite Hinweise auf Quellcode, Algorithmen oder Skripte, die im Rahmen der Studie erstellt oder angepasst wurden.",,,,,,,,,,,,,,,,,,,,,,
lni366/Gollnick_et_al,lni366,Gollnick_et_al.pdf,lni366/Gollnick_et_al.pdf,Open-Source Perspektiven für die EU Digital Identity Wallet,"Marlies Gollnick , Meiko Lips und Patrick Rempel",mistral-medium-3.5-128b,rse_typology_prompt_v1,run_1,0,1.0,"Die Publikation analysiert bestehende Open-Source-Lizenzen von EUDI-Wallet-Kandidaten und diskutiert deren Implikationen, ohne selbst Forschungssoftware zu entwickeln, zu erweitern oder anzupassen. Es handelt sich um eine rein analytische Studie ohne eigene Implementierung oder Anpassung von Software.",,,,,,,,,,,,,,,,,,,,,,
lni175/891,lni175,891.pdf,lni175/891.pdf,Semantics and Execution of Domain Speciﬁc Models,"Christian Motika, Hauke Fuhrmann, Reinhard von Hanxleden",mistral-medium-3.5-128b,rse_typology_prompt_v1,run_1,1,1.0,"Die Publikation beschreibt die Entwicklung und Integration des 'KIELER Execution Manager (KIEM)' als Eclipse-Plugin sowie die Implementierung von Modell-zu-Modell-Transformationen (z. B. dsl2pto.xtend) und die Nutzung von Ptolemy II als Simulations-Backend. Dies umfasst konkrete Softwareartefakte (Quellcode, Transformationen, Plugins) und deren Integration in eine bestehende Umgebung (Eclipse).",product_result,0.95,,"Die Software (KIEM, Transformationen, Ptolemy-Integration) ist das zentrale Ergebnis der Forschung. Der Beitrag liegt im Bau und der Integration des Systems (vgl. 'our approach as an open source Eclipse integration', 'implementation overview about our general approach').",entwurf;implementierung,1.0,,"Der Text beschreibt explizit den Entwurf (Architektur in Fig. 1, Konzept in Fig. 3) und die Implementierung (Xtend-Transformationen, Eclipse-Plugin, Ptolemy-Integration).",plugin_extension;library_package,0.95,,"KIEM ist ein Eclipse-Plugin ('Eclipse integration', 'KIEM Eclipse plug-in'), und die Transformationen (z. B. dsl2pto.xtend) sowie die Ptolemy-Integration fungieren als wiederverwendbare Komponenten/Frameworks für DSL-Semantik und -Ausführung.",java_jvm;xml_xsd,1.0,,"Explizit genannt: Java (Ptolemy II, Actors in Java), Eclipse Modeling Framework (EMF, .ecore-Dateien als XML-basierte Metamodelle), Xtend (JVM-Sprache für Transformationen).",conceptual_evaluation,0.8,,"Die Evaluation erfolgt primär durch die Vorstellung des Konzepts und der Architektur (z. B. Fallstudie SyncCharts → Ptolemy). Es gibt keine empirischen Studien, Tests oder Benchmarks, sondern eine konzeptionelle Validierung durch die Beschreibung der Machbarkeit (vgl. 'case study about simulating SyncCharts').",,
lni361/BTW2025-40,lni361,BTW2025-40.pdf,lni361/BTW2025-40.pdf,"Modern Data Analytics in the Cloud Era Steﬀen Kläbe1 Abstract: Cloud computing has been one of the groundbreaking technologies of the last two decades. The thesis “Modern Data Analytics in the Cloud Era” investigates challenges of analytical database systems in the cloud environment and proposes solutions for elastic scaling of a database engine,","support for approximate constraints and support for modern analytics, which include DataFrame operations, Python user-deﬁned functions and machine learning inference. This paper summarizes the contributions of the thesis and provides an outlook on the adoption of the concepts in research and industry.",mistral-medium-3.5-128b,rse_typology_prompt_v1,run_1,1,1.0,"Die Publikation beschreibt explizit die Entwicklung und Implementierung von Forschungssoftware, insbesondere den x100 Query Engine, das Grizzly Framework, PatchIndex, ML-To-SQL und einen nativen Operator für ML-Inferenz. Diese wurden als Prototypen in der Actian Data Platform umgesetzt und evaluiert.",product_result,1.0,,"Die Software (x100 Query Engine, Grizzly Framework, PatchIndex, ML-To-SQL, nativer Operator) ist das zentrale Ergebnis der Forschung. Die Publikation betont die Implementierung und Integration dieser Komponenten als Beitrag der Arbeit (z. B. 'All of these contributions where prototyped in the x100 query engine').",entwurf;implementierung;testen_qualitaetssicherung,1.0,,"Die Publikation beschreibt den Entwurf (z. B. Architektur von PatchIndex, Grizzly, ML-To-SQL), die Implementierung (z. B. 'prototyped in the x100 query engine') und die Evaluation/Tests (z. B. Performance-Experimente zu elastischem Scaling, PatchIndex, UDFs, ML-Inferenz).",library_package;middleware_service;analysis_pipeline,0.95,,"Grizzly ist ein Framework (library_package) für DataFrame-Operationen, PatchIndex ist eine generische Index-Struktur (library_package), ML-To-SQL und der native Operator sind Middleware/Dienste (middleware_service) zur Integration von ML in DBMS. Die x100 Query Engine und die Analyse-Pipelines (z. B. DataFrame-Operationen, UDFs) fallen unter analysis_pipeline.",python;sql_db;c_cpp,0.98,,"Python wird explizit genannt (z. B. 'Python user-defined functions', 'Grizzly framework', 'Pandas'). SQL/Datenbanken sind zentral (x100 Query Engine, SQL-Transpilation). C/C++ wird implizit durch die x100 Query Engine (basierend auf MonetDB/X100, das in C++ implementiert ist) und die native Operator-Implementierung (CPU/GPU) belegt.",performance_evaluation;benchmarking;testing,1.0,,"Die Publikation enthält detaillierte Performance-Evaluationen (z. B. 'experiments showed that elastic scaling significantly outperforms', 'evaluation shows that the Grizzly framework significantly outperforms Pandas'). Benchmarking wird durch den Vergleich mit etablierten Tools (Pandas, Modin) und Standard-Datensätzen (implizit) belegt. Technische Tests werden durch die funktionale Überprüfung der Implementierungen (z. B. PatchIndex, UDFs) abgedeckt.",,
lni142/gi-proc-142-039,lni142,gi-proc-142-039.pdf,lni142/gi-proc-142-039.pdf,A Software Package for Managing and Evaluating DNA Sequence and Microsatellite Data,"Cong Truong, Zhivko Duchev and Eildert Groeneveld",mistral-medium-3.5-128b,rse_typology_prompt_v1,run_1,1,1.0,"Die Publikation beschreibt die Entwicklung eines Open-Source-Softwarepakets (Webanwendung) zur Verwaltung und Auswertung von DNA-Sequenz- und Mikrosatellitendaten. Die Software wurde explizit implementiert (Architektur, Datenmodell, Code in Perl/JavaScript, PostgreSQL) und ist das Ergebnis der Forschung (product_result).",product_result,1.0,,"Die Software ist das primäre Ergebnis der Forschung: Eine Webanwendung zur Verwaltung und Auswertung genetischer Daten, die als Open-Source-Paket veröffentlicht wird (vgl. Abstract, Abschnitt 3 und 4).",projektdefinition;anforderungen;entwurf;implementierung;deployment_betrieb,1.0,,"Projektdefinition (Abschnitt 1: Motivation/Problemraum), Anforderungen (Abschnitt 2: 11 explizite Anforderungen), Entwurf (Abschnitt 3: Datenmodell, Architektur), Implementierung (Abschnitt 3: Perl, PostgreSQL, Jasper-Reports), Deployment (Abschnitt 4: Virtualisierungstechnologie für Bereitstellung).",full_stack_application,1.0,,"Die Software ist eine webbasierte Full-Stack-Anwendung mit Frontend (HTML/JavaScript/Prototype), Backend (Perl/CGI::Ajax) und Datenbank (PostgreSQL) (vgl. Abschnitt 3).",javascript_web;perl;sql_db;java_jvm,1.0,,"Explizit genannt: Perl (CGI::Ajax, HTML::Templates, Inline::Java), PostgreSQL (SQL-Datenbank), JavaScript (Prototype Framework), Java (Jasper-Reports über Inline::Java).",planned,0.9,,"Die Evaluation ist nicht abschließend durchgeführt, aber geplant: Die Autoren hoffen, dass Wissenschaftler:innen die Software nutzen und evaluieren werden (Abschnitt 4: 'We hope that many scientists [...] will use and evaluate this software package').",,
lni153/gi-proc-153-013,lni153,gi-proc-153-013.pdf,lni153/gi-proc-153-013.pdf,Unterstützung für das Lernen sozialer Praxis in NGOs,"Till Schümmer, Jörg M. Haake",mistral-medium-3.5-128b,rse_typology_prompt_v1,run_1,1,1.0,"Die Publikation beschreibt einen Prototyp eines Web 2.0-basierten Portals zur Pattern-basierten Wissenskommunikation, der explizit entwickelt und implementiert wurde (vgl. Abschnitt 3.3: 'Zur Unterstützung des Prozesses haben wir einen Prototyp eines Portals zur Pattern-basierten Wissenskommunikation entwickelt.'). Dies ist eine konkrete, umgesetzte Forschungssoftware, die den beschriebenen Ansatz technisch unterstützt.",product_result,1.0,,"Der Beitrag zielt auf die Entwicklung und Bereitstellung des Portals als lauffähiges System ab, das den Pattern-basierten Ansatz umsetzt. Das Portal ist das zentrale Deliverable der Forschung (vgl. 'ein erster Prototyp eines Web 2.0-basierten Community-Systems für das Teilen und Kommentieren von Praxisbeschreibungen wurde [...] präsentiert').",projektdefinition;anforderungen;entwurf;implementierung,0.95,,"Die Publikation beschreibt die Motivation und den Problemraum (projektdefinition, vgl. Einleitung), spezifiziert Anforderungen an die Repräsentation von Wissen und Prozesse (anforderungen, vgl. Abschnitt 3.1 und 3.2), entwirft die Architektur (entwurf, vgl. Pattern-Struktur und Wiki-Templates in Abschnitt 3.1 und 3.3) und implementiert einen Prototyp (implementierung, vgl. Abschnitt 3.3: 'Prototyp eines Portals'). Deployment/Betrieb wird nur als zukünftige Testphase erwähnt, daher nicht inkludiert.",full_stack_application,0.95,,"Das Portal ist eine webbasierte Anwendung, die Frontend (z. B. Wiki-Struktur, Templates) und Backend (z. B. Speicherung von Pattern-Fassungen, Foren, Annotationen) umfasst. Dies entspricht einer Full-Stack-Anwendung (vgl. Abschnitt 3.3: Wiki-Metapher, Templates, Foren, Shared Annotations).",javascript_web,0.8,,"Die Nutzung der Wiki-Metapher und Web 2.0-Konzepte (vgl. Abschnitt 2.2 und 3.3) deutet stark auf eine webbasierte Implementierung hin, typischerweise mit JavaScript/TypeScript für Frontend-Interaktivität. Eine explizite Nennung der Sprache fehlt, aber die Technologie (Wiki, Web 2.0) impliziert JavaScript/TypeScript als wahrscheinlichste Basis.",conceptual_evaluation;planned,0.9,,"Der Prototyp wurde auf einer Innovationsmesse präsentiert und mit Benutzern diskutiert (conceptual_evaluation, vgl. Abschnitt 4: 'Feedback während der Demonstration des Ansatzes und erste Tests mit Benutzern'). Eine umfassende Evaluation ist für die Zukunft geplant (planned, vgl. 'ab Winter 2009 ein erstes System eingeführt und [...] getestet').",,
lni66/GI-Proceedings.66-11,lni66,GI-Proceedings.66-11.pdf,lni66/GI-Proceedings.66-11.pdf,Automatisierte Augmentierung von Lernobjekten in einer semantischen Interpretationsschicht der HyLOS Plattform∗,"Michael Engelhardt, Arne Hildebrand und Thomas C. Schmidt",mistral-medium-3.5-128b,rse_typology_prompt_v1,run_1,1,1.0,"Die Publikation beschreibt die Entwicklung und Erweiterung der HyLOS-Plattform, eines Hypermedia Learning Object Systems, das Lernobjekte automatisch klassifiziert, annotiert und semantisch verknüpft. Dies umfasst konkrete Implementierungen wie die Autorenumgebung, Sprachanalyse, Klassifizierungsalgorithmen und semantische Verarbeitungsschichten, die explizit als Teil der Arbeit umgesetzt wurden.",product_result,1.0,,"Die HyLOS-Plattform ist das zentrale Ergebnis der Forschung. Die Arbeit beschreibt die Entwicklung, Erweiterung und Integration verschiedener Komponenten (z. B. Autorenumgebung, semantische Verarbeitungsschicht, Klassifizierungstools) als lauffähiges System, das Lernobjekte verarbeitet. Der Fokus liegt auf dem Bau und der Integration des Systems selbst, nicht auf einem einzelnen Algorithmus.",entwurf;implementierung;deployment_betrieb,1.0,,"Die Publikation behandelt den Entwurf (Architektur der HyLOS-Plattform, z. B. Trennung von Struktur, Inhalt und Gestaltung), die Implementierung (konkrete Umsetzung der Autorenumgebung, Sprachanalyse, Klassifizierung) und den Betrieb (Beschreibung der Nutzung der Plattform für Lernobjektverarbeitung und -präsentation).",full_stack_application;middleware_service,1.0,,"HyLOS ist eine Full-Stack-Anwendung (Frontend: Java/Swing-basierte Autorenumgebung; Backend: Verarbeitung von Lernobjekten, semantische Schichten). Zudem fungiert die semantische Verarbeitungsschicht als Middleware/Dienst, der Lernobjekte verknüpft und augmentiert.",java_jvm;xml_xsd,1.0,,Die Autorenumgebung ist in Java/Swing implementiert (explizit genannt: 'Java/Swing basierte Autorenumgebung'). Zudem wird XML als Technologie für die Strukturierung von Inhalten und Metadaten verwendet (explizit: 'konsequente Nutzung der XML Technologien').,performance_evaluation;testing,0.9,,"Die Publikation beschreibt eine Performance-Evaluation der Spracherkennung (Laufzeitverhalten, Recall/Precision-Metriken) sowie technische Tests der Klassifizierungs- und Augmentierungsmechanismen (z. B. 'Erste Untersuchungen des Laufzeitverhaltens'). Es handelt sich um technische Evaluierungen ohne Einbeziehung von Versuchspersonen.",,
lni150/43,lni150,43.pdf,lni150/43.pdf,An Enterprise Architecture Management Pattern for Software Change Project Cost Analysis,"Robert Lagerström, Pontus Johnson, David Höök Industrial Information and Control Systems",mistral-medium-3.5-128b,rse_typology_prompt_v1,run_1,0,1.0,"Die Publikation beschreibt ein Metamodell (Enterprise Architecture Management Pattern) für die Analyse von Software-Änderungskosten, das als Konzept und Methode präsentiert wird. Es gibt keine Hinweise darauf, dass eine konkrete, lauffähige Forschungssoftware implementiert, erweitert oder angepasst wurde. Die Arbeit bleibt auf der Ebene von Modellierung, Analyseansätzen und theoretischen Rahmenwerken (z. B. Bayesian Networks, Expert Elicitation) ohne explizite Umsetzung in Code oder ausführbare Systeme.",,,,,,,,,,,,,,,,,,,,,,
lni175/856,lni175,856.pdf,lni175/856.pdf,Architekturmanagement ermöglicht IT-Multisourcing –,"Das Fallbeispiel Eidgenössisches Volkswirtschaftsdepartement Roland Meier, Oldrich Milde Eidgenössisches Volkswirtschaftsdepartement EVD Generalsekretariat",mistral-medium-3.5-128b,rse_typology_prompt_v1,run_1,0,1.0,"Die Publikation beschreibt eine Fallstudie zum IT-Sourcing und Architekturmanagement in der öffentlichen Verwaltung (EVD). Es werden Konzepte, Strategien, Governance-Modelle und SOA-Architekturen diskutiert, aber es gibt keine Hinweise auf die Erstellung, Erweiterung oder Anpassung von Forschungssoftware im Sinne der Definition. Die genannten Systeme (z. B. ASA2011, SuisseID) sind administrative oder betriebliche IT-Lösungen ohne expliziten Forschungszweck oder wissenschaftliche Erkenntnisgenerierung. Auch die TOGAF-Methodik oder COBIT sind Rahmenwerke, keine implementierte Software.",,,,,,,,,,,,,,,,,,,,,,
lni144/600,lni144,600.pdf,lni144/600.pdf,Ein kooperativer XML-Editor f¨ur Workgroups∗,"Francis Gropengießer, Katja Hose, Kai-Uwe Sattler",mistral-medium-3.5-128b,rse_typology_prompt_v1,run_1,1,1.0,"Die Publikation beschreibt die Entwicklung und Implementierung eines kooperativen XML-Editors als konkretes, lauffähiges System (inkl. Architektur, Komponenten wie Transaktionsmonitor, XML-Datenbanksystem, Client-Server-Struktur und grafische Nutzeroberfläche). Die Software wurde explizit für den Forschungszweck der kooperativen Bearbeitung von XML-Daten in Workgroups erstellt und ist nicht nur ein Konzept oder eine Spezifikation.",product_result,1.0,,"Der XML-Editor ist das zentrale Ergebnis der Forschung: Die Arbeit präsentiert das System als 'neuartigen XML-Editor' (S. 600) und beschreibt dessen Architektur, Implementierung und Eigenschaften. Der Beitrag liegt im Bau des integrierten Systems selbst, nicht in der Evaluation eines einzelnen Algorithmus oder einer Methode.",entwurf;implementierung,1.0,,"Die Publikation beschreibt detailliert den Entwurf der Systemarchitektur (Client-Server-Modell, Komponenten wie Transaktionsmonitor, Synchronisationsmanager, Updatemanager, XML-Datenbanksystem) sowie die Implementierung (z. B. grafische Nutzeroberfläche, Cache-Mechanismus, Sperrprotokoll). Es gibt keine Hinweise auf Testen, Deployment oder Betrieb.",full_stack_application;middleware_service,0.95,,"Der Editor ist eine Full-Stack-Anwendung mit Client (grafische Nutzeroberfläche, Cache) und Server (Transaktionsmonitor, XML-Datenbanksystem). Zudem enthält er Middleware-Komponenten wie den Updatemanager (Publisher-Subscriber-Pattern) und den Synchronisationsmanager, die als verbindende Dienste zwischen Clients und Server agieren.",xml_xsd;sql_db,1.0,,"Die Publikation nennt explizit XML als zentrales Datenformat (inkl. XPath und XQuery Update für Abfragen und Änderungen) sowie ein XML-Datenbanksystem zur Speicherung. SQL/Datenbanken sind durch das XML-Datenbanksystem impliziert, das als Backend dient.",conceptual_evaluation;planned,0.9,,"Die Arbeit beschreibt eine Demonstration des Systems ('Demonstration'-Abschnitt), in der die Funktionsweise und Kooperativität gezeigt wird. Dies entspricht einer konzeptionellen Evaluation durch Nutzer:innen (Teilnehmer:innen der Konferenz). Zudem wird die Evaluation als Teil der zukünftigen Nutzung angedeutet ('wird gezeigt'), was auf eine geplante Evaluation hindeutet. Es gibt keine Hinweise auf technische Tests, Usability-Studien oder empirische Studien.",,
lni335/proceedings-01,lni335,proceedings-01.pdf,lni335/proceedings-01.pdf,"H. Roßnagel, C.H. Schunck, J. Günther (Hrsg): Open Identity Summit 2023, Lecture Notes in Informatics (LNI), Gesellschaft für Informatik, Bonn 2023 15 Establishing Trust in SSI Verifiers","David W. Chadwick, Michael Kubach, Ioram Sette, Isaac Henderson Johnson Jeyakumar",mistral-medium-3.5-128b,rse_typology_prompt_v1,run_1,1,1.0,"Die Publikation beschreibt die Implementierung eines konzeptionellen Modells zur Vertrauensprüfung von SSI-Verifizierern mithilfe der TRAIN-Infrastruktur. Es wird explizit die Integration der TRAIN-API (Automatic Trust Verifier) in eine Wallet-Software erwähnt, sowie die Erweiterung des OpenID4VPs-Protokolls und die Entwicklung eines Policy-Servers als Open-Source-Code. Dies sind konkrete Implementierungen von Forschungssoftware.",product_result,1.0,,"Die Software (Wallet mit TRAIN-API-Integration, Policy-Server) ist das Ergebnis der Forschung. Der Beitrag liegt im Bau und der Integration des Systems selbst, nicht in der Analyse von Daten oder der Durchführung von Simulationen. Dies wird durch die Beschreibung der Implementierung und der Interworking-Tests deutlich (z. B. 'we implemented trust in verifiers', 'we developed the policy server as open source code').",entwurf;implementierung;testen_qualitaetssicherung,1.0,,"Die Publikation beschreibt den Entwurf des konzeptionellen Modells (Abschnitt 3), die Implementierung der TRAIN-API in der Wallet und die Erweiterung des OpenID4VPs-Protokolls (Abschnitt 4), sowie die Durchführung von Interworking-Tests (Abschnitt 5: 'The evaluation of the current implementation is ongoing').",full_stack_application;middleware_service,1.0,,"Die Wallet-Software ist eine Full-Stack-Anwendung (Frontend + Backend, webbasiert), während die TRAIN-API und der Policy-Server als Middleware/Dienst zur Vertrauensprüfung fungieren. Dies wird durch die Beschreibung der Wallet-Interaktion mit Verifizierern und der TRAIN-Infrastruktur als verbindende Schicht deutlich.",insufficient_information,1.0,,"Es werden keine konkreten Programmiersprachen oder Technologien explizit genannt. Zwar werden Protokolle wie OpenID4VPs, OAuth2 und DIF PE erwähnt, aber diese belegen keine spezifische Programmiersprache. Auch die TRAIN-API und der Policy-Server werden nicht mit einer bestimmten Sprache assoziiert.",testing,1.0,,"Die Publikation beschreibt die Durchführung von Interworking-Tests zwischen verschiedenen TRAIN-Trust-Domains (z. B. USA und Europa) sowie die Validierung der TRAIN-Infrastruktur in mehreren Tests (Abschnitt 5: 'The evaluation of the current implementation is ongoing'). Es handelt sich um technische Tests zur Überprüfung der Funktionalität, nicht um Usability-Studien oder empirische Studien mit Versuchspersonen.",,
lni366/Abecker_et_al,lni366,Abecker_et_al.pdf,lni366/Abecker_et_al.pdf,6. Workshop Künstliche Intelligenz in der Umweltinformatik,"Andreas Abecker , Grit Behrens , Jürgen Gräfenstein, Christopher Metz , Stefan Naumann",mistral-medium-3.5-128b,rse_typology_prompt_v1,run_1,0,1.0,"Die Publikation beschreibt einen Workshop und dessen Beiträge, aber es wird keine eigene Forschungssoftware entwickelt, erweitert oder maßgeblich angepasst. Die genannten Projekte und Ansätze (z. B. Blockchain, GNNs, VR-Lernassistent) sind Konzepte oder Anwendungen externer Software, ohne dass eine eigene Implementierung in dieser Arbeit stattfindet.",,,,,,,,,,,,,,,,,,,,,,
lni170/289,lni170,289.pdf,lni170/289.pdf,A Fuzzy Model for IT Security Investments,Guido Schryen,mistral-medium-3.5-128b,rse_typology_prompt_v1,run_1,0,1.0,"Die Publikation beschreibt ein theoretisches Modell (fuzzy-basiertes Entscheidungsunterstützungssystem für IT-Sicherheitsinvestitionen) und dessen formale Spezifikation, aber es gibt keine Hinweise darauf, dass eine konkrete Implementierung, Quellcode oder ausführbare Software erstellt, erweitert oder angepasst wurde. Es handelt sich um eine konzeptionelle Arbeit ohne explizite Umsetzung von Forschungssoftware.",,,,,,,,,,,,,,,,,,,,,,
lni352/Arnecke_et_al_Integrating_Generative_AI,lni352,Arnecke_et_al_Integrating_Generative_AI.pdf,lni352/Arnecke_et_al_Integrating_Generative_AI.pdf,Integrating Generative AI in Music Education With AI in a Musical Question-Answer Game,"Jörn Arnecke, Sebastian Oliver Eck, Pia Steuck, and Alexander Vaughan",mistral-medium-3.5-128b,rse_typology_prompt_v1,run_1,1,1.0,"Die Publikation beschreibt die Entwicklung einer webbasierten Anwendung ('educational web application') und eines generativen KI-Modells für die Musiktheorie-Ausbildung, die explizit im Rahmen des Projekts erstellt wurden. Dies umfasst die Implementierung eines neuen Ansatzes zur Tokenisierung symbolischer Musikdaten sowie die Integration von Algorithmen zur Bewertung der generierten Musik (z. B. Prüfung von Taktlängen, Parallelquinten).",product_result,0.95,,"Die Software (web application + GenAI-Modell) ist das zentrale Ergebnis der Forschung. Der Fokus liegt auf der Entwicklung und Integration des Systems selbst, nicht auf der Analyse von Daten oder der Durchführung einer Simulation für ein übergeordnetes Ziel. Die Publikation betont die praktische Anwendung in der Musiktheorie-Ausbildung als Ziel der Software.",projektdefinition;entwurf;implementierung;testen_qualitaetssicherung,0.9,,"Die Publikation beschreibt die Projektdefinition (Ziele, Motivation), den Entwurf (Tokenisierungsansatz, Architektur der Webanwendung), die Implementierung (Entwicklung der Webanwendung und des KI-Modells) sowie das Testen/Qualitätssicherung (Algorithmen zur Bewertung der generierten Musik, z. B. Prüfung von Taktlängen). Deployment/Betrieb wird nicht explizit als langfristige Phase beschrieben.",full_stack_application;ml_model,0.95,,"Die Publikation beschreibt explizit eine 'educational web application' (full_stack_application) sowie ein 'generative AI model' (ml_model), das symbolische Musikdaten verarbeitet. Beide sind zentrale Artefakte der Arbeit.",insufficient_information,0.5,,"Es werden keine konkreten Programmiersprachen, Frameworks oder Technologien explizit genannt. Zwar werden Modelle wie Transformer oder GPT erwähnt, aber keine Implementierungssprache oder spezifische Bibliotheken.",testing;conceptual_evaluation,0.85,,"Die Publikation beschreibt technische Tests (Algorithmen zur Bewertung der generierten Musik, z. B. Prüfung von Taktlängen oder Parallelquinten) sowie eine konzeptionelle Evaluation (Initialexperimente, die Diskussionen über Stil und Authentizität anregen). Eine empirische Studie mit Versuchspersonen oder Benchmarking wird nicht explizit erwähnt.",,
lni297/DELFI2019_355_Sensor_Based_Adaptive_Learning_-_Lessons_Learned,lni297,DELFI2019_355_Sensor_Based_Adaptive_Learning_-_Lessons_Learned.pdf,lni297/DELFI2019_355_Sensor_Based_Adaptive_Learning_-_Lessons_Learned.pdf,Sensor Based Adaptive Learning -Lessons Learned,"Albrecht Fortenbacher, Manuel Ninaus, Haeseon Yun, René Helbig and Korbinian Moeller",mistral-medium-3.5-128b,rse_typology_prompt_v1,run_1,1,1.0,"Die Publikation beschreibt explizit entwickelte Komponenten: (i) ein Sensor-Armband zur Erfassung physiologischer und Umweltdaten, (ii) eine Tablet-Anwendung (SmartMonitor) zur Überwachung und Visualisierung der Sensordaten, (iii) ein Learning-Analytics-Backend zur Verarbeitung und Speicherung der Daten sowie (iv) Lernanwendungen, die diese Funktionen nutzen. Diese Komponenten wurden im Rahmen des LISA-Projekts erstellt und sind klar als Forschungssoftware zu klassifizieren.",product_result,1.0,,"Die Software (Sensor-Armband, SmartMonitor, Backend, Lernanwendungen) ist das zentrale Ergebnis des LISA-Projekts. Der Beitrag liegt im Bau und der Integration des Systems selbst, nicht in der Evaluation eines einzelnen Algorithmus. Dies wird durch die Beschreibung der Komponenten und deren Einsatz in Pilotstudien belegt (z. B. Abschnitt 3 und 4).",projektdefinition;anforderungen;entwurf;implementierung;testen_qualitaetssicherung;deployment_betrieb,0.95,,"Die Publikation beschreibt alle Phasen: Projektdefinition (Abschnitt 1: Motivation und Fragen), Anforderungen (Abschnitt 2: Auswahl der Sensoren und Anforderungen wie Datenschutz), Entwurf (Abschnitt 3: Architektur mit 4 Komponenten), Implementierung (explizite Entwicklung der Komponenten), Testen/Qualitätssicherung (Abschnitt 4.2: Pilotstudie mit 12 Teilnehmern, Evaluation der Anpassung) und Deployment/Betrieb (Einsatz in Lernumgebungen, z. B. Serious Game).",full_stack_application;embedded_hardware;middleware_service,1.0,,"Die LISA-Lösung umfasst: (i) eine Full-Stack-Anwendung (SmartMonitor + Backend + Lernanwendungen), (ii) embedded_hardware (Sensor-Armband mit EDA, PPG, etc.) und (iii) middleware_service (Backend als verbindende Schicht zwischen Sensoren, SmartMonitor und Lernanwendungen).",insufficient_information,1.0,,"Es werden keine konkreten Programmiersprachen, Frameworks oder Technologien explizit genannt. Die Beschreibung bleibt auf der Ebene der Architektur und Komponenten.",empirical_study;usability_study,0.95,,"Die Software wird in empirischen Studien evaluiert: (i) Pilotstudie mit dem adaptiven Serious Game (Abschnitt 4.2: 12 Teilnehmer, Vergleich adaptiv vs. nicht-adaptiv, Interviews zur Nutzererfahrung) und (ii) Usability-Studie mit dem LISA Learning Companion (Abschnitt 4.1: Feedback von Nutzern zu Design und Interaktion).",,
lni355/LNI_031,lni355,LNI_031.pdf,lni355/LNI_031.pdf,"F. Boutros, N. Damer, M. Fang, M. Gomez-Barrero, K. Raja, C. Rathgeb, A. Sequeira, and M. Todisco (Eds.): BIOSIG 2024, Lecture Notes in Informatics (LNI), Gesellschaft f¨ur Informatik, Bonn 2024 A Preliminary Case Study on Long-Form In-the-Wild Audio Spoofing Detection","Xuechen Liu, Xin Wang, Junichi Yamagishi",mistral-medium-3.5-128b,rse_typology_prompt_v1,run_1,1,1.0,"Die Publikation beschreibt die Entwicklung einer Pipeline zur Generierung von Long-Form-Audio-Daten für Spoofing-Detection-Experimente. Diese Pipeline umfasst konkrete Verarbeitungsschritte (Standardisierung, Kompression, Rauschen, Überlappung, Konkatenation) und wird explizit als Methode zur Erstellung von Testdaten für die Evaluation von Countermeasure-Modellen (AASIST) eingesetzt. Zudem wird die Pipeline zur Erzeugung von Trainingsdaten verwendet, was eine direkte Implementierung und Anpassung von Software für den Forschungszweck belegt.",datenanalyse,0.95,,"Die Pipeline dient primär der Datenaufbereitung und -generierung für die Analyse von Audio-Spoofing-Detection-Modellen (AASIST). Die Software wird explizit zur Erstellung von Test- und Trainingsdaten eingesetzt, um die Performance von CMs zu evaluieren (vgl. Abschnitte 2.1, 3 und 4).",entwurf;implementierung;testen_qualitaetssicherung,0.9,,"Die Publikation beschreibt den Entwurf der Pipeline (Fig. 1, Abschnitt 2.1), die Implementierung (z. B. Verwendung von sox für Kompression, Tab. 1) und die Evaluation der generierten Daten durch Tests mit AASIST-Modellen (Abschnitt 4, Fig. 2).",analysis_pipeline,0.95,,"Die Pipeline ist eine sequentielle Verarbeitungskette zur Transformation von Audio-Daten (Standardisierung, Kompression, Rauschen, Konkatenation) für die Spoofing-Detection. Dies entspricht der Definition einer Analyse-Pipeline (vgl. Abschnitte 2.1 und Fig. 1).",python,0.8,,"Die Publikation verweist auf die Verwendung des AASIST-Modells, das in einem offenen Repository (GitHub) implementiert ist (Fußnote 13: https://github.com/clovaai/aasist). AASIST ist in Python geschrieben, was durch die typische Nutzung von PyTorch/TensorFlow in solchen Modellen und die GitHub-Referenz impliziert wird. Zudem wird sox (ein Command-Line-Tool) erwähnt, das oft in Python-Skripten eingebunden wird.",benchmarking;performance_evaluation;empirical_study,0.95,,"Die Evaluation erfolgt durch Benchmarking auf dem ASVspoof2019-Datensatz und den generierten Long-Form-Daten (Abschnitt 4, Fig. 2). Die Performance wird anhand der Equal Error Rate (EER) gemessen (Performance-Evaluation). Zudem wird die Software in einer empirischen Studie eingesetzt, um die Robustheit von CMs unter realistischen Bedingungen zu testen.",,
lni366/Bourdick_und_Baeumer,lni366,Bourdick_und_Baeumer.pdf,lni366/Bourdick_und_Baeumer.pdf,Beyond Q&A: Entwicklung eines agentenbasierten Retrieval-Augmented-Generation-Systems bei der imos AG,"Raphael Bourdick und Frederik S. Bäumer Abstract Dieser Praxisbeitrag zeigt, wie ein Retrieval-Augmented-Generation-System zu einer",mistral-medium-3.5-128b,rse_typology_prompt_v1,run_1,1,1.0,"Die Publikation beschreibt die Entwicklung und Implementierung der Systeme KIKUS und KITS bei der imos AG, die als agentenbasierte RAG-Systeme explizit umgesetzt wurden. Beide Systeme sind konkrete, lauffähige Softwarelösungen, die im Rahmen der Arbeit erstellt und weiterentwickelt wurden (z. B. hierarchisches Agentendesign, Retrieval-Modul, XML-Transformation).",product_result,1.0,,"Die Systeme KIKUS und KITS sind das Ergebnis der Forschung und stellen lauffähige, integrierte Systeme dar, die als Pilot- oder Referenzimplementierungen beschrieben werden. Der Beitrag liegt im Bau und der Integration der Architektur, nicht im Nachweis eines einzelnen Algorithmus.",projektdefinition;entwurf;implementierung;testen_qualitaetssicherung;deployment_betrieb,1.0,,"Die Publikation beschreibt die Motivation und den Problemraum (projektdefinition), die Architektur und Komponenten (entwurf), die konkrete Umsetzung (implementierung, z. B. hierarchisches Agentendesign, Retrieval-Tool), erste Tests mit Frameworks wie Ragas und UpTrain (testen_qualitaetssicherung) sowie den Einsatz im Betrieb (deployment_betrieb, z. B. KIKUS im Kundenservice).",full_stack_application;middleware_service,0.95,,"KIKUS und KITS sind als Full-Stack-Anwendungen beschrieben (z. B. Chat-Umgebung, XML-Transformation, Integration externer Tools). Zudem agieren sie als Middleware/Dienst (z. B. agentenbasierte Steuerung, Retrieval-Modul, Anbindung an POS-Systeme).",python;xml_xsd,0.9,,"Die Nutzung von GPT-4o (OpenAI) und Embeddings (text-embedding-3-large) deutet auf Python hin, da diese Technologien typischerweise über Python-Bibliotheken (z. B. OpenAI API) genutzt werden. Zudem wird explizit XML als Format für die Artikel- und Katalogdaten genannt.",testing;conceptual_evaluation,0.95,,"Es wurden erste Tests mit den Frameworks Ragas und UpTrain durchgeführt (testing), wobei die Ergebnisse mit manueller Begutachtung durch Fachexperten verglichen wurden (Human-in-the-Loop). Zudem wurde das Konzept des Systems durch Feedback des Service-Personals evaluiert (conceptual_evaluation).",,
lni294/paper3_04,lni294,paper3_04.pdf,lni294/paper3_04.pdf,Automatisierte Analyse Radikaler Inhalte im Internet,"Inna Vogel, Roey Regev, Martin Steinebach",mistral-medium-3.5-128b,rse_typology_prompt_v1,run_1,1,1.0,"Die Publikation beschreibt die Entwicklung und Anwendung eines KNN-Klassifikators zur automatisierten Erkennung von Hassrede in Tweets. Es wurden zwei Frameworks (NuPIC und Scikit-learn) implementiert, Daten vorverarbeitet und der Algorithmus trainiert sowie evaluiert. Dies stellt eine eigene Entwicklungsleistung im Rahmen der Forschung dar.",datenanalyse,1.0,,Die Software dient primär der Datenanalyse (Klassifikation von Tweets als Hate Speech oder neutral) für das übergeordnete Forschungsziel der automatisierten Erkennung radikaler Inhalte. Dies wird explizit in Abschnitt 5 und 6 beschrieben.,entwurf;implementierung;testen_qualitaetssicherung,1.0,,"Die Publikation beschreibt den Entwurf der Vorverarbeitungsschritte (Abschnitt 4.2), die Implementierung der KNN-Klassifikatoren in zwei Frameworks (Abschnitt 5) sowie das Testen und die Qualitätssicherung durch Evaluierung der Accuracy und anderer Metriken (Abschnitt 6).",analysis_pipeline,0.95,,"Die Software besteht aus einer Analyse-Pipeline: Vorverarbeitung der Textdaten (Tokenisierung, Bereinigung), Feature-Extraktion (Tf-idf, One-Hot-Encoding) und Klassifikation (KNN). Dies wird in den Abschnitten 4 und 5 detailliert beschrieben.",python,1.0,,"Die Verwendung der Frameworks NuPIC und Scikit-learn (beide Python-Bibliotheken) wird explizit in Abschnitt 5.1 und 5.2 genannt, was die Programmiersprache Python impliziert.",benchmarking;testing,1.0,,"Die Software wird auf einem etablierten Datensatz (Hate Speech Korpus von Davidson et al.) evaluiert, wobei Metriken wie Accuracy, Precision, Recall und F1-Score berichtet werden (Abschnitt 6). Dies entspricht einem Benchmarking auf einem kanonischen Datensatz. Zudem wird die technische Korrektheit durch Tests (Konfusionsmatrix) überprüft.",,
lni366/Kunz_und_Waldmann,lni366,Kunz_und_Waldmann.pdf,lni366/Kunz_und_Waldmann.pdf,SSI-basierte Altersverifikation und Herkunftsnachweise für Avatare zum Schutz von Minderjährigen in Metaversen,Thomas Kunz und Ulrich Waldmann,mistral-medium-3.5-128b,rse_typology_prompt_v1,run_1,0,1.0,"Die Publikation beschreibt ein Konzept für SSI-basierte Altersverifikation und Herkunftsnachweise für Avatare in Metaversen. Es handelt sich um einen Vorschlag, eine Architektur und ein Lösungsdesign, aber es gibt keine Hinweise darauf, dass tatsächlich Forschungssoftware (z. B. Quellcode, Algorithmen, Skripte oder ausführbare Programme) erstellt, erweitert oder angepasst wurde. Die Arbeit bleibt auf konzeptioneller Ebene und referenziert bestehende Technologien (z. B. SSI, EUDI-Wallet), ohne eine eigene Implementierung zu beschreiben.",,,,,,,,,,,,,,,,,,,,,,
lni295/paper02_02,lni295,paper02_02.pdf,lni295/paper02_02.pdf,"Architectural Content Management in Agile Times Challenges, Requirements and Solutions Identified in a Large Enterprise",Jörg Ziemann,mistral-medium-3.5-128b,rse_typology_prompt_v1,run_1,0,1.0,"Die Publikation beschreibt Konzepte, Anforderungen und Lösungsansätze für Architectural Content Management in einem industriellen Kontext (z. B. Enterprise Architecture Management, Toolchains, organisatorische Strukturen). Es wird keine eigene Forschungssoftware entwickelt, implementiert oder angepasst. Stattdessen werden bestehende Tools (z. B. Confluence, MS Teams, SharePoint) referenziert und ihre Nutzung diskutiert, ohne dass eine eigene Entwicklungsleistung an Software stattfindet. Die Arbeit ist rein konzeptionell und methodisch.",,,,,,,,,,,,,,,,,,,,,,
lni26/GI-Proceedings.26-3,lni26,GI-Proceedings.26-3.pdf,lni26/GI-Proceedings.26-3.pdf,Information System Architectures: From Art to Science,Peter C. Lockemann,mistral-medium-3.5-128b,rse_typology_prompt_v1,run_1,0,1.0,"Die Publikation beschreibt eine methodische Herangehensweise (Design-Hypothese) zur Architektur von Informationssystemen, insbesondere Datenbanksystemen. Es werden keine konkreten Implementierungen, Quellcode-Dateien, Algorithmen oder Software-Artefakte präsentiert, die im Rahmen der Arbeit erstellt, erweitert oder angepasst wurden. Stattdessen liegt der Fokus auf konzeptionellen Überlegungen, Referenzarchitekturen und theoretischen Modellen (z. B. 5-Layer-Architektur, Hippokratische Datenbanken). Explizit wird betont, dass es sich um eine *Design-Hypothese* handelt, die retroaktiv bestehende Architekturen erklärt oder neue vorschlägt – ohne dass eine tatsächliche Umsetzung beschrieben wird.",,,,,,,,,,,,,,,,,,,,,,
lni28/GI-Proceedings.28-119,lni28,GI-Proceedings.28-119.pdf,lni28/GI-Proceedings.28-119.pdf,Kopplungsprobleme wissensorientierter Kommunikation,Dennis Schoeneborn,mistral-medium-3.5-128b,rse_typology_prompt_v1,run_1,0,1.0,"Die Publikation behandelt theoretische Konzepte des Wissensmanagements und kommunikative Aspekte aus systemtheoretischer Perspektive (Luhmann). Es wird keine eigene Forschungssoftware entwickelt, implementiert oder angepasst. Stattdessen werden soziale Systeme, Kommunikation und Organisation analysiert, ohne dass konkrete Softwareartefakte, Algorithmen oder Implementierungen beschrieben werden.",,,,,,,,,,,,,,,,,,,,,,
lni28/GI-Proceedings.28-50,lni28,GI-Proceedings.28-50.pdf,lni28/GI-Proceedings.28-50.pdf,Case-based Adaptation Problems in Medicine,"Rainer Schmidt, Olga Vorobieva, Lothar Gierl",mistral-medium-3.5-128b,rse_typology_prompt_v1,run_1,1,1.0,"Die Publikation beschreibt explizit entwickelte Systeme wie CASEY, ICONS, GS.52, TA3-IVF, TeCoMed, MNAOMIA, MEDIC und eigene Programme für endokrinologische Therapieunterstützung. Diese Systeme wurden im Rahmen der Forschung erstellt oder angepasst, um spezifische medizinische CBR-Probleme (z. B. Adaptationsprobleme) zu lösen. Es handelt sich um konkrete Implementierungen, keine bloßen Konzepte.",product_result,0.95,,"Die Software (z. B. CASEY, ICONS, GS.52, TA3-IVF, TeCoMed) ist das Ergebnis der Forschung. Der Fokus liegt auf der Entwicklung und Integration dieser Systeme zur Lösung von Adaptationsproblemen in der Medizin. Die Publikation beschreibt die Systeme als lauffähige Implementierungen, die für die Forschung entwickelt wurden.",entwurf;implementierung,0.9,,"Die Publikation beschreibt den Entwurf (z. B. Architektur von CASEY mit Adaptationsoperatoren, GS.52 mit Prototypen) und die Implementierung (z. B. konkrete Systeme wie ICONS, TA3-IVF, TeCoMed). Es gibt keine expliziten Hinweise auf Testen, Deployment oder Betrieb, daher werden nur 'entwurf' und 'implementierung' gewählt.",full_stack_application,0.85,,"Die beschriebenen Systeme (z. B. CASEY, ICONS, GS.52) sind eigenständige Anwendungen, die spezifische medizinische Aufgaben lösen (z. B. Diagnose, Therapieempfehlungen). Sie sind keine Bibliotheken, Pipelines oder numerischen Kerne, sondern vollständige Anwendungen mit klaren Funktionalitäten.",insufficient_information,1.0,,"Es werden keine konkreten Programmiersprachen, Frameworks oder Technologien explizit genannt. Die Systeme werden nur funktional beschrieben, ohne technische Implementierungsdetails.",empirical_study,0.8,,"Die Publikation beschreibt die Anwendung der Systeme in medizinischen Kontexten (z. B. Therapieunterstützung für Hypothyreose, Antibiotika-Therapieberatung). Dies deutet auf eine empirische Evaluation hin, bei der die Software in realen Szenarien getestet wurde, um ihre Eignung für medizinische Aufgaben zu überprüfen. Es gibt keine expliziten Hinweise auf technische Tests oder Benchmarking.",,
lni215/341,lni215,341.pdf,lni215/341.pdf,Towards Automated Detection of Mobile Usability Issues,Daniel Bader,mistral-medium-3.5-128b,rse_typology_prompt_v1,run_1,1,1.0,Die Publikation beschreibt die Entwicklung und Implementierung einer Tracking-Bibliothek und eines Heuristik-Frameworks zur automatisierten Erkennung von Usability-Problemen in mobilen Anwendungen. Beide Komponenten wurden explizit erstellt und in einer realen Anwendung (MoID) integriert und evaluiert.,proof_of_concept_product,0.95,,"Die Software (Tracking-Bibliothek und Heuristik-Framework) dient primär als Machbarkeitsnachweis für die automatisierte Erkennung von Low-Discoverability-Issues. Der Fokus liegt auf dem Algorithmus (Heuristik) und dessen prototypischer Umsetzung, um dessen Funktionsfähigkeit zu demonstrieren (vgl. Abstract: 'proof of concept', Section 4: Heuristik-Konstruktion, Section 5: Evaluation).",entwurf;implementierung;testen_qualitaetssicherung;deployment_betrieb,1.0,,"Die Publikation deckt mehrere Phasen ab: Entwurf der Heuristik (Section 4), Implementierung der Tracking-Bibliothek und des Frameworks (Section 2.2, 3.1, 4), Testen/Qualitätssicherung durch Usability-Studien (Section 5) und Deployment/Betrieb durch Integration in die Testanwendung MoID (Section 3.1, 5).",library_package,1.0,,"Die entwickelte Software wird explizit als 'tracking library' (Section 2.2, 3.1) und 'lightweight framework' (Abstract, Section 4) bezeichnet, die in andere Anwendungen eingebettet werden kann. Dies entspricht der Kategorie `library_package`.",insufficient_information,0.9,,"Die Publikation nennt explizit die Plattform iOS (Apple) für die Testanwendung, aber keine konkrete Programmiersprache oder Technologie (z. B. Swift/Objective-C). Da keine Sprache oder Technologie direkt genannt oder eindeutig impliziert wird, kann der Techstack nicht bestimmt werden.",usability_study;empirical_study;testing,1.0,,"Die Software wird in einer Usability-Studie mit Versuchspersonen evaluiert (Section 5: 'user study', 'automatic feedback survey'). Zudem liegt eine empirische Studie vor (Feldstudie mit realen Nutzern, Section 3, 5). Technische Tests (Heuristik-Trigger, Confusion Matrix) werden ebenfalls durchgeführt (Section 5: 'true/false positives/negatives').",,
lni285/3032414_GI_P_285_16,lni285,3032414_GI_P_285_16.pdf,lni285/3032414_GI_P_285_16.pdf,Best Practices in Energy-Efficient High Performance Computing,"Michael Ott, Dieter Kranzlmüller",mistral-medium-3.5-128b,rse_typology_prompt_v1,run_1,1,0.95,"Die Publikation beschreibt die Entwicklung und Implementierung von Energy-Aware Scheduling (EAS) als Teil des Workload-Managers (IBM Load Leveller, später SLURM) für SuperMUC und SuperMUC-NG. Dies ist eine konkrete, in der Arbeit umgesetzte Softwarelösung (Algorithmus + Integration in bestehende Systeme), die explizit für den Forschungszweck der Energieeffizienz in HPC entwickelt wurde. Zudem wird die operationalisierte Nutzung von HT-DLC und Adsorption Chilling als Teil der HPC-Infrastruktur beschrieben, wobei EAS als Softwarekomponente explizit implementiert und evaluiert wurde.",product_result,0.9,,"Die Software (EAS) ist das Ergebnis der Forschung und wird als integriertes System (Teil des Workload-Managers) beschrieben, das für den Betrieb von SuperMUC und SuperMUC-NG entwickelt wurde. Der Fokus liegt auf der Implementierung und dem Einsatz des Systems selbst, nicht auf einer übergeordneten Forschungsfrage, die durch die Software beantwortet wird.",entwurf;implementierung;deployment_betrieb,0.95,,"Der Text beschreibt den Entwurf (Architektur und Algorithmus von EAS, z. B. DVFS-basierte Anpassung der Prozessorfrequenz), die Implementierung (Integration in IBM Load Leveller und SLURM) sowie den langfristigen Betrieb (Einsatz auf SuperMUC und SuperMUC-NG, inkl. operationaler Erfahrungen).",middleware_service,0.85,,"EAS ist eine Komponente des Workload-Managers (IBM Load Leveller/SLURM), die als Middleware zwischen Anwendungen und Systemhardware agiert, um energieeffiziente Scheduling-Entscheidungen zu treffen. Dies passt zur Kategorie `middleware_service`.",insufficient_information,0.7,,"Es gibt keine explizite Nennung von Programmiersprachen oder Technologien für die Implementierung von EAS. IBM Load Leveller und SLURM sind erwähnt, aber keine konkreten Sprachen oder Frameworks für die EAS-Logik.",performance_evaluation,0.9,,Die Publikation berichtet explizit über die Energieeinsparungen (5%) durch EAS und die Genauigkeit der Vorhersagen des Systems. Dies ist eine klare Performanzevaluation (Energieverbrauch als Effizienzmetrik).,,
lni51/GI-Proceedings.51-9,lni51,GI-Proceedings.51-9.pdf,lni51/GI-Proceedings.51-9.pdf,Code Generator Testing in Practice,"Ingo Stürmer, Mirko Conrad DaimlerChrysler AG Research and Technology Alt-Moabit A, D- Berlin",mistral-medium-3.5-128b,rse_typology_prompt_v1,run_1,1,1.0,"Die Publikation beschreibt explizit die Entwicklung eines 'Model Generators' (Abschnitt 3.1), der automatisch Simulink/Stateflow-Modelle aus Klassifikationsbäumen generiert. Zudem wird ein Testansatz für Code-Generatoren vorgestellt, der auf formalen Spezifikationen (Graph-Transformationen) und automatisierten Testvektorgenerierung basiert. Diese Tools wurden im Rahmen der Forschung erstellt und dienen der systematischen Testung von Code-Generatoren.",product_result,0.9,,"Der Fokus der Publikation liegt auf der Vorstellung eines Testansatzes und der dazugehörigen Tools (z. B. Model Generator, Testvektorgenerierung) als Ergebnis der Forschung. Die Software selbst ist das primäre Deliverable (vgl. Abschnitte 3 und 3.1: 'we developed a so-called model generator').",entwurf;implementierung;testen_qualitaetssicherung,1.0,,"Die Publikation behandelt den Entwurf (formale Spezifikation via Graph-Transformationen, Abschnitt 3A), die Implementierung (Model Generator, Abschnitt 3.1) und ausführlich das Testen/Qualitätssicherung (Testansatz für Code-Generatoren, Abschnitte 2, 3B–3F).",library_package,0.8,test_automation_framework,"Der Model Generator und die Testvektorgenerierung (z. B. mit Reactis oder evolutionären Tools) dienen als wiederverwendbare Werkzeuge für das Testen von Code-Generatoren. Die Publikation beschreibt sie als Komponenten einer Test-Suite (vgl. Abschnitt 4: 'important component in a comprehensive test suite'). Die Subkategorie 'test_automation_framework' wird vorgeschlagen, da es sich um ein Framework zur Automatisierung von Tests handelt.",c_cpp;xml_xsd;matlab,0.9,,"Explizit genannt: C-Code (Zielsprache der Code-Generatoren, z. B. Abschnitt 1: 'textual programming language (e.g. C or Ada)'), XML (für die Repräsentation von Klassifikationsbäumen und Simulink/Stateflow-Modellen, Abschnitt 3.1: 'XML-representation of the classification-tree'), MATLAB (Simulink/Stateflow als Teil der MathWorks-Tools, Abschnitt 1 und Literaturverzeichnis [MW04]).",testing,1.0,,Die Evaluation besteht aus dem technischen Nachweis der Korrektheit des Code-Generators via Back-to-Back-Tests zwischen Modellen und generiertem Code (Abschnitte 3B–3F). Es handelt sich um funktionale Tests ohne Einbeziehung von Versuchspersonen.,,
lni128/277,lni128,277.pdf,lni128/277.pdf,"Towards Self-Learning and Fully Transparent UCE Prevention Wilfried N. Gansterer and Michael Ilger wilfried.gansterer@univie.ac.at, michael.ilger@winf1.at Abstract: A self-learning system for preventing unsolicited commercial or bulk e-mail","(UCE or UBE) is presented. It acts at the source of each e-mail message and controls the trafﬁc going out of a network, thus avoiding common drawbacks of standard spam ﬁltering techniques. The system is based on a token bucket mechanism proposed earlier. In this paper, it is shown how to develop this approach into a fully transparent and effective UCE",mistral-medium-3.5-128b,rse_typology_prompt_v1,run_1,1,1.0,"Die Publikation beschreibt die Entwicklung und Implementierung eines selbstlernenden Systems zur Spam-Prävention, das auf einem Token-Bucket-Mechanismus basiert. Explizit wird eine Implementierung als Policy-Delegation-Server für Postfix erwähnt sowie ein Simulationswerkzeug (SpamSim) in C#/.NET. Beide sind konkrete, umgesetzte Softwareartefakte mit Forschungszweck.",product_result,0.95,,"Das primäre Ziel der Arbeit ist die Entwicklung eines lauffähigen Systems (Token-Bucket-basierte Spam-Prävention) als Referenzimplementierung. Der Beitrag liegt im Bau/der Integration des Systems selbst, nicht im Nachweis eines einzelnen Algorithmus. Die Software ist das Produkt der Forschung (vgl. Abschnitte 2.2, 2.5, 3.2).",entwurf;implementierung;testen_qualitaetssicherung,0.9,,"Die Publikation beschreibt den Entwurf (Token-Bucket-Mechanismus, Anpassungsstrategien), die Implementierung (Postfix-Plugin, SpamSim-Tool) und die Evaluation/Qualitätssicherung (Simulationsergebnisse, Chebyshev-basierte Anpassung).",full_stack_application;middleware_service,0.95,,"Das System besteht aus einem Policy-Delegation-Server für Postfix (Middleware/Service) und dem SpamSim-Tool (Full-Stack-Anwendung mit GUI). Beide sind explizit als implementierte Komponenten beschrieben (vgl. Abschnitte 2.2, 3.2).",csharp_dotnet,1.0,,Das SpamSim-Tool ist explizit als Windows-GUI-Anwendung in Visual C# auf dem .NET-Framework implementiert (vgl. Abschnitt 3.2: 'programmed in Visual C# operating on the Microsoft .NET framework').,testing;performance_evaluation;conceptual_evaluation,0.9,,"Die Software wird technisch getestet (Token-Bucket-Logik), ihre Performance wird durch Simulationen evaluiert (SpamSim, vgl. Abschnitt 3.2), und das Konzept wird durch ökonomische Analysen (Chebyshev-Inequality, Business-Modell) bewertet (vgl. Abschnitte 3, 5).",,
lni317/GIL2022_Sturm_283-288,lni317,GIL2022_Sturm_283-288.pdf,lni317/GIL2022_Sturm_283-288.pdf,"M. Gandorfer et al.: Künstliche Intelligenz in der Agrar-und Ernährungswirtschaft, Lecture Notes in Informatics (LNI), Gesellschaft für Informatik, Bonn 2022 283 A DSS based on ecological-economic modelling to facilitate the implementation of biodiversity offsets and agri-environment schemes in grasslands","DSS-Ecopay AllerGruen® Astrid Sturm , Frank Wätzold, Luise Westphal and Lisa Querhammer",mistral-medium-3.5-128b,rse_typology_prompt_v1,run_1,1,1.0,"Die Publikation beschreibt DSS-Ecopay AllerGruen® als eine weiterentwickelte Version von DSS-Ecopay®, die explizit als Software-Tool zur Unterstützung von Planungs- und Beratungsprozessen in der Naturschutzforschung implementiert wurde. Die Software integriert ökologische und agrarökonomische Modelle, eine Datenbank und eine Simulations-/Optimierungskomponente, um konkrete Forschungsfragen zur kosteneffektiven und ökologisch wirksamen Gestaltung von Grünlandmaßnahmen zu beantworten.",product_result,1.0,,"Die Software DSS-Ecopay AllerGruen® ist das zentrale Ergebnis der Forschung. Der Beitrag liegt im Bau und der Integration des Systems selbst, nicht in der Entwicklung eines einzelnen neuen Algorithmus. Die Publikation betont die Anwendung der Software als Werkzeug für Planungs- und Beratungszwecke, wobei das System explizit als 'decision support software' bezeichnet wird (vgl. Abstract, Abschnitt 1, 3 und 4).",entwurf;implementierung;deployment_betrieb,0.95,,"Die Publikation beschreibt die Architektur und Komponenten der Software (Entwurf, vgl. Abschnitt 2.1 und Abb. 1), die konkrete Umsetzung inkl. Datenbankintegration (Implementierung, vgl. Abschnitt 2.2) sowie die Nutzung durch Stakeholder in der Praxis (Deployment/Betrieb, vgl. Abschnitt 3 und 4). Eine explizite Erwähnung von Testen oder Qualitätssicherung fehlt, daher werden diese Phasen nicht kodiert.",full_stack_application,0.9,,"Die Software integriert eine Datenbank (MySQL), ökologische und agrarökonomische Modelle sowie eine Simulations-/Optimierungskomponente. Dies deutet auf eine Full-Stack-Anwendung hin, die Frontend- und Backend-Komponenten umfasst. Die explizite Nennung von MySQL als Datenbanktechnologie untermauert dies (vgl. Abschnitt 2.2).",sql_db,1.0,,"Die Publikation nennt explizit MySQL als Datenbanktechnologie, die in DSS-Ecopay AllerGruen® integriert ist (vgl. Abschnitt 2.2: 'The data required in DSS-Ecopay AllerGruen® is integrated through a MySql database').",empirical_study,0.85,,"Die Software wird in einer Fallstudie (Aller river valley) eingesetzt, um konkrete Forschungsfragen zur ökologischen und kosteneffektiven Gestaltung von Grünlandmaßnahmen zu beantworten (vgl. Abschnitt 3: 'As a decision support software, DSS-Ecopay AllerGruen® can be utilized by a variety of stakeholders...'). Dies entspricht einer empirischen Studie, in der die Software als Mittel der Erkenntnisgewinnung dient. Technische Tests oder Benchmarks werden nicht explizit beschrieben.",,
lni326/rut_08,lni326,rut_08.pdf,lni326/rut_08.pdf,Sicherheits-und Datenschutzanalyse der E-Mail-Server von Krankenhäusern und Kliniken Eine praktische Analyse auf Datenschutzkonformität gemäß den Vorgaben der Datenschutzaufsichtsbehörden,Tim Wambach,mistral-medium-3.5-128b,rse_typology_prompt_v1,run_1,1,0.95,"Die Publikation beschreibt die Anpassung und Erweiterung bestehender Werkzeuge (z. B. sslyze, OpenSSL, dnspython) für eine quantitative Analyse von E-Mail-Servern. Dies stellt eine eigene Entwicklungsleistung dar, die im Rahmen der Forschung umgesetzt wurde, um die Konformität mit Datenschutzanforderungen zu überprüfen.",datenanalyse,0.95,,"Die Software dient primär der Analyse von E-Mail-Servern (Datenanalyse) im Rahmen der Studie, um die Einhaltung von Datenschutzanforderungen zu überprüfen. Dies ist explizit im Abschnitt 5.1 und 5.2 beschrieben.",implementierung;testen_qualitaetssicherung,0.9,,Die Publikation beschreibt die Anpassung und Erweiterung bestehender Werkzeuge (Implementierung) sowie deren Einsatz zur Überprüfung der Server (Testen/Qualitätssicherung). Dies ist in Abschnitt 5.2 und 5.3 belegt.,analysis_pipeline,0.9,,"Die Software besteht aus einer verketteten Verarbeitung (Analyse-Pipeline) zur Überprüfung von E-Mail-Servern, wie in Abschnitt 5.2 und 5.4 beschrieben. Es handelt sich um eine lineare Datenanalyse mit Werkzeugen wie sslyze, OpenSSL und dnspython.",python,0.95,,"Die Publikation nennt explizit Python-Module wie sslyze und dnspython (Abschnitt 5.2), was die Verwendung von Python belegt.",empirical_study,0.95,,"Die Software wird in einer empirischen Studie eingesetzt, um die Konformität von E-Mail-Servern mit Datenschutzanforderungen zu analysieren (Abschnitt 5 und 6).",,
lni305/proceedings-11,lni305,proceedings-11.pdf,lni305/proceedings-11.pdf,"H. Roßnagel, C. H. Schunck, S. Mödersheim, D. Hühnlein (Hrsg): Open Identity Summit 2020, Lecture Notes in Informatics (LNI), Gesellschaft für Informatik, Bonn 2020 133 A Human Digital Twin as Building Block of Open Identity Management for the Internet of Things","Jan Zibuschka, Christopher Ruff, Andrea Horch, Heiko Roßnagel",mistral-medium-3.5-128b,rse_typology_prompt_v1,run_1,0,1.0,"Die Publikation beschreibt ein Konzept (Human Digital Twin) und dessen Referenzarchitektur sowie Anwendungsfälle in Smart Home, Smart Building und Smart Office. Es wird keine konkrete Implementierung, Quellcode, Algorithmus oder Software-Entwicklungsleistung beschrieben, sondern eine Vision, ein Modell und mögliche Anwendungen diskutiert. Explizit wird betont, dass es sich um eine Anpassung der C2PS-Referenzarchitektur handelt, ohne dass eine eigene Software umgesetzt oder angepasst wurde.",,,,,,,,,,,,,,,,,,,,,,
lni338/63,lni338,63.pdf,lni338/63.pdf,cba doi: 10.18420/delfi2023-63 Tool-Support for Managing Technostress in Hybrid Learning Settings,"David Walter, Marco Di Maria and Ralf Knackstedt",mistral-medium-3.5-128b,rse_typology_prompt_v1,run_1,1,1.0,"Die Publikation beschreibt die Entwicklung einer mobilen App zur Reduktion von Technostress in hybriden Lernumgebungen. Die App wird explizit als eigene Entwicklungsleistung dargestellt (Features wie Goal Management, Reward System, Reflection) und dient einem Forschungszweck (Untersuchung von Technostress-Minderung).",human_facing_intervention,1.0,,"Die Software ist eine mobile App, mit der Studierende interagieren, um Technostress zu reduzieren. Dies entspricht einer mensch-zugewandten Intervention (vgl. Text: 'we develop a mobile app designed to mitigate the elevated levels of technostress').",projektdefinition;anforderungen;entwurf;implementierung,0.9,,"Der Text beschreibt die Motivation und den Problemraum (projektdefinition), die gewünschten Features als Anforderungen (anforderungen), den Entwurf der App (entwurf) und die konkrete Umsetzung als mobile App (implementierung). Eine Evaluation ist geplant, aber noch nicht durchgeführt (vgl. 'we plan to conduct workshops').",full_stack_application,0.9,,"Die App ist eine mobile Anwendung, die Frontend- und Backend-Funktionalitäten (z. B. Goal Management, Reward System, Reflection) vereint. Dies entspricht einer Full-Stack-Anwendung. Der Text nennt keine spezifischere Kategorie.",insufficient_information,1.0,,"Der Text nennt keine konkrete Programmiersprache, Technologie oder Framework, das für die Implementierung der App verwendet wurde. Daher kann kein Techstack abgeleitet werden.",planned,1.0,,Die Evaluation der App ist explizit als geplant beschrieben ('we plan to conduct workshops with university students').,,
lni228/407,lni228,407.pdf,lni228/407.pdf,":987653 0.@@6?33>=< ;JJ7IH3 9= 7=5 GF@69E>=< D?3>C>?=I? 9B A.>C5>=< ;.J9F7J>9= 0""3J?F3 ! 7= ;@@697IN ML?F@C>B>?5 K3>=< A;C=?J srqpnljph se?=np76eTSRQ slrOOrh MrhKer?RQ IpnG7rrl Fp}7RQ {j6ypr? {rjr7RQ w7phS s6y}qr7lu",,mistral-medium-3.5-128b,rse_typology_prompt_v1,run_1,1,0.95,"Die Publikation beschreibt die Entwicklung und Implementierung von Mechanismen zur Verbesserung der Resilienz von BACnet (Building Automation and Control Networks) Systemen. Es werden konkrete Protokoll-Erweiterungen, Algorithmen zur Fehlererkennung und -behebung sowie Implementierungsdetails (z.B. UDP-basierte Kommunikation, NPCI/APDU-Strukturen) explizit diskutiert. Dies deutet auf eigene Entwicklungsleistung hin, die über bloße Anwendung bestehender Software hinausgeht.",product_result,0.9,,"Die Software (BACnet-Erweiterungen und Resilienz-Mechanismen) ist das primäre Ergebnis der Forschung. Der Fokus liegt auf der Entwicklung und Integration von Systemkomponenten zur Verbesserung der Resilienz, nicht auf der Analyse von Daten oder Simulationen. Die Publikation beschreibt explizit die Implementierung von Protokollerweiterungen und Fehlerbehandlungsmechanismen als Beitrag.",entwurf;implementierung;testen_qualitaetssicherung,0.95,,"Die Publikation behandelt den Entwurf (z.B. Architektur der BACnet-Erweiterungen, NPCI/APDU-Strukturen), die Implementierung (z.B. UDP-basierte Kommunikation, konkrete Protokoll-Details) und das Testen/Qualitätssicherung (z.B. Evaluation der Resilienz-Mechanismen durch gezielte Fehlerinjektion und Analyse der Systemreaktionen).",middleware_service,0.9,,Die entwickelte Software dient als Middleware zur Verbesserung der Kommunikation und Resilienz in BACnet-Systemen. Sie agiert als verbindende Schicht zwischen Komponenten (z.B. durch Protokollerweiterungen und Fehlerbehandlungsmechanismen) und fällt damit in die Kategorie `middleware_service`.,c_cpp,0.8,,"Die Publikation erwähnt explizit die Nutzung von UDP (User Datagram Protocol) und BACnet-Protokollen, die typischerweise in C/C++ implementiert werden. Obwohl die Sprache nicht direkt genannt wird, ist die Nutzung von UDP und niedrigschichtigen Protokollen ein starker Indikator für C/C++ in eingebetteten oder systemnahen Anwendungen.",testing;performance_evaluation,0.9,,"Die Evaluation umfasst technisches Testen (z.B. Fehlerinjektion in NPCI/APDU-Pakete, Überprüfung der Systemreaktionen) und Performanzevaluation (z.B. Messung der Resilienz durch Analyse der Systemreaktion auf gestörte Kommunikation). Es werden keine empirischen Studien mit Versuchspersonen oder Benchmarking im klassischen Sinne durchgeführt.",,
lni317/GIL2022_Branding_69-74,lni317,GIL2022_Branding_69-74.pdf,lni317/GIL2022_Branding_69-74.pdf,"M. Gandorfer et al.: Künstliche Intelligenz in der Agrar-und Ernährungswirtschaft, Lecture Notes in Informatics (LNI), Gesellschaft für Informatik, Bonn 2022 69 Akustische Insektenerkennung – Deep Learning zur Klassifikation leisester Fluggeräusche Acoustic insect detection – deep learning for classification of low level flight sounds","Jelto Branding, Dieter von Hörsten und Jens Karl Wegener",mistral-medium-3.5-128b,rse_typology_prompt_v1,run_1,0,0.95,"Die Publikation beschreibt die Entwicklung einer akustischen Sensorlösung und Datensatzerstellung für die Insektenerkennung, inkl. Vergleich von Messtechnik und Aufbau einer anechoischen Box. Es wird jedoch keine konkrete Implementierung von Forschungssoftware (z. B. Code, Algorithmen, Skripte) beschrieben, sondern nur die Planung und Vorbereitung für zukünftige Deep-Learning-Modelle. Die bloße Anwendung von Audacity oder die Nutzung von MEMS-Mikrofon-Arrays ohne eigene Entwicklungsleistung zählt nicht als Forschungssoftware.",,,,,,,,,,,,,,,,,,,,,,
lni50/GI-Proceedings.50-5,lni50,GI-Proceedings.50-5.pdf,lni50/GI-Proceedings.50-5.pdf,An Overview of Planning Technology in Robotics,,mistral-medium-3.5-128b,rse_typology_prompt_v1,run_1,1,0.95,"Die Publikation beschreibt explizit implementierte Systeme und Algorithmen für Roboterplanung, insbesondere den Probabilistic-Roadmap-Algorithmus (Abbildung 2) und das ROBEL-Kontrollsystem (Abbildung 5). Zudem werden konkrete sm-Funktionen (Sensory-Motor Functions) wie Segment-based Localization, Localization on Visual Landmarks, Elastic Band for Plan Execution und Reactive Obstacle Avoidance detailliert beschrieben, die als Teil der Forschungssoftware umgesetzt wurden. Die Software ist nicht nur konzeptionell, sondern wird als lauffähiges System präsentiert (z. B. 'the roadmap in this 9-dimensional space has about 100 vertices and is generated in less than one minute').",product_result,0.9,,"Die Publikation präsentiert die Forschungssoftware (z. B. Probabilistic-Roadmap-Algorithmus, ROBEL-Kontrollsystem, sm-Funktionen) als zentrales Ergebnis der Forschung. Der Fokus liegt auf der Integration und Implementierung dieser Systeme als lauffähige Lösungen für Roboterplanung, nicht auf einer einzelnen Methode oder einem Algorithmus als Machbarkeitsnachweis. Die Software selbst ist das Deliverable (vgl. 'the rest of this article presents the important and mature area of path and motion planning' und die detaillierte Beschreibung der Implementierung und Anwendung).",entwurf;implementierung,0.85,,"Die Publikation beschreibt den Entwurf (z. B. HTN- und MDP-basierte Ansätze für die Steuerung, Architektur des ROBEL-Systems) und die Implementierung (z. B. Probabilistic-Roadmap-Algorithmus, konkrete sm-Funktionen wie Elastic Band oder Reactive Obstacle Avoidance). Es gibt keine expliziten Hinweise auf Testen, Deployment oder Betrieb, daher werden nur 'entwurf' und 'implementierung' gewählt.",embedded_hardware;numerical_mathematical,0.9,,"Die Software ist primär hardwarenahe (Robotersteuerung, sm-Funktionen für Sensorik/Aktorik) und damit 'embedded_hardware'. Zudem werden numerische/mathematische Algorithmen (z. B. Probabilistic-Roadmap, kinematic steering, collision checking) implementiert, was 'numerical_mathematical' rechtfertigt. Die sm-Funktionen und das ROBEL-System sind keine Bibliotheken oder Pipelines, sondern direkt in die Roboterhardware integriert.",insufficient_information,0.95,,"Es werden keine konkreten Programmiersprachen, Frameworks oder Technologien explizit genannt. Zwar werden Algorithmen wie Probabilistic-Roadmap oder HTN beschrieben, aber ohne Bezug zu einer bestimmten Implementierungssprache oder einem Techstack. Daher kann keine Technologie sicher abgeleitet werden.",performance_evaluation,0.8,,"Die Publikation erwähnt explizit Performanzmetriken für den Probabilistic-Roadmap-Algorithmus (z. B. 'it takes about a minute to generate a roadmap on a normal desktop machine; the size of R is about a hundred configurations; path planning with the roadmap takes few milliseconds'). Dies ist eine klare Performanzevaluation. Es gibt keine Hinweise auf Usability-Studien, empirische Studien mit Versuchspersonen oder Benchmarking gegen Standard-Datensätze.",,
lni331/B5-2,lni331,B5-2.pdf,lni331/B5-2.pdf,Learn What Really Matters: A Learning-to-Rank Approach for ML-based Query Optimization,"Henriette Behr, Volker Markl, Zoi Kaoudi",mistral-medium-3.5-128b,rse_typology_prompt_v1,run_1,1,1.0,"Die Publikation beschreibt die Entwicklung und Implementierung eines Learning-to-Rank (LTR) Modells für ML-basierte Query-Optimierung, inklusive einer spezifischen neuronalen Netzwerkarchitektur, Featurisierung von Query-Plänen, Score-Funktionen und einer angepassten Plan-Enumerations-Algorithmus (DPccp). Die Software wurde in Python mit PyTorch implementiert und experimentell evaluiert.",product_result,0.95,,"Die Software (LTR-Modell + angepasster DPccp-Algorithmus) ist das zentrale Ergebnis der Forschung. Der Beitrag liegt im Bau des integrierten Systems (Modell + Algorithmus) für Query-Optimierung, nicht allein im Nachweis eines einzelnen Algorithmus. Dies wird durch die detaillierte Beschreibung der Architektur, Implementierung und Integration in den Query-Optimierungsprozess belegt (Abschnitte 3.1–3.4, Algorithm 2).",entwurf;implementierung;testen_qualitaetssicherung,1.0,,"Die Publikation behandelt explizit den Entwurf der LTR-Architektur (Abschnitt 3.1, Abb. 2), die Implementierung in Python/PyTorch (Abschnitt 4.1: 'We implemented all our components in Python version 3.9.7 and used PyTorch 1.10.0') sowie das Testen/Qualitätssicherung durch experimentelle Evaluation (Abschnitt 4, Benchmarking gegen DB X und andere Modelle).",ml_model;analysis_pipeline,0.95,,"Die Software umfasst ein ML-Modell (neuronales Netz für LTR, Abschnitt 3.1) sowie eine Analyse-Pipeline (Featurisierung, Scoring, Plan-Enumeration, Abschnitt 3.3–3.4). Beide Aspekte sind zentral für die Query-Optimierung und werden explizit beschrieben.",python;sql_db,1.0,,"Die Implementierung erfolgt in Python (explizit genannt: 'Python version 3.9.7') mit PyTorch (impliziert Python). Zudem wird eine kommerzielle Datenbank (DB X) für die Ausführung der Pläne verwendet, was SQL/Datenbank-Technologie belegt (Abschnitt 4.1: 'we used a commercial database to execute the plans').",benchmarking;performance_evaluation;testing,1.0,,"Die Evaluation umfasst Benchmarking gegen State-of-the-Art-Modelle (Bao, Neo) und eine kommerzielle Datenbank (DB X) auf TPC-H-Daten (Abschnitt 4.2, Tabellen 1–2). Zudem werden Performance-Metriken (Laufzeit der Pläne, Relative Performance) gemessen (Abschnitt 4.2.1–4.2.2, Abb. 6–7). Technische Tests der Korrektheit sind implizit durch die experimentelle Validierung der Plan-Auswahl abgedeckt.",,
lni361/BTW2025-55,lni361,BTW2025-55.pdf,lni361/BTW2025-55.pdf,Plaquette: Visualizing Redundancies in Relational Data,"Christoph Köhnen , Jens Zumbrägel, and Stefanie Scherzinger",mistral-medium-3.5-128b,rse_typology_prompt_v1,run_1,1,1.0,"Die Publikation beschreibt die Entwicklung und Implementierung der Software 'Plaquette', einem interaktiven, tablet-basierten Tool zur Visualisierung von Redundanzen in relationalen Daten (Funktionale Abhängigkeiten). Die Software wurde explizit als Prototyp umgesetzt und in einer Demo präsentiert, was eine eigene Entwicklungsleistung darstellt. Der Forschungszweck liegt in der Verbesserung des Verständnisses von Datenbanknormalisierung durch Visualisierung und Gamification.",product_result,0.95,,"Plaquette ist das primäre Ergebnis der Forschung: Ein lauffähiges, interaktives Tool (Demo), das als Prototyp/Referenzimplementierung dient, um das Konzept der 'plaque'-Visualisierung für funktionale Abhängigkeiten zu veranschaulichen. Der Fokus liegt auf der Software selbst als Beitrag (vgl. 'This demo presents a new approach... Plaquette is designed as a Tinder-style quiz').",entwurf;implementierung;testen_qualitaetssicherung,0.9,,"Entwurf: Das Konzept der 'plaque'-Visualisierung und die Gamification-Logik (Tinder-Style) werden beschrieben (vgl. 'we propose an educational software tool called Plaquette... novel visualization'). Implementierung: Die Software wurde als lauffähiger Prototyp umgesetzt ('demo participants are then invited to interact with Plaquette'). Testen/Qualitätssicherung: Die Demo enthält gezielt falsche und korrekte Szenarien, um Nutzer:innen zu testen und Feedback zu geben (vgl. 'scenarios with correct but also fake plaque... participants can playfully improve their intuition').",full_stack_application,0.85,,"Plaquette ist eine interaktive Anwendung mit Frontend (Tablet-GUI, Tinder-Style-Swiping) und Backend-Logik (Berechnung der Redundanzen/Information Content, vgl. 'Plaquette is designed as an interactive quiz running on a tablet'). Es handelt sich um eine eigenständige Anwendung, keine Bibliothek oder Pipeline.",insufficient_information,1.0,,"Es gibt keine explizite Nennung von Programmiersprachen, Frameworks oder Technologien im Text. Die Implementierung als Tablet-App könnte auf diverse Technologien hindeuten (z. B. JavaScript/TypeScript für Web-Apps oder native Frameworks), aber dies ist nicht belegt.",usability_study;conceptual_evaluation,0.9,,"Usability-Studie: Die Demo wird mit Versuchspersonen (Demo-Teilnehmer:innen) durchgeführt, die die Software interaktiv nutzen und Feedback erhalten (vgl. 'demo participants are then invited to interact with Plaquette... receive individual feedback'). Konzeptionelle Evaluation: Die Software wird basierend auf dem Konzept der 'plaque'-Visualisierung bewertet, ohne dass eine formale empirische Studie durchgeführt wird (vgl. 'our ultimate goal is to assist data analysts explore redundancies... using tools like Plaquette').",,
lni159/165,lni159,165.pdf,lni159/165.pdf,Virtuelle Trennung von Belangen (Pr¨aprozessor 2.0),"Christian Kästner, Sven Apel, Gunter Saake",mistral-medium-3.5-128b,rse_typology_prompt_v1,run_1,1,1.0,"Die Publikation beschreibt das Werkzeug CIDE, das als Prototyp für die Verbesserung von Präprozessoren in der Produktlinienentwicklung implementiert wurde. Es handelt sich um eine konkrete, entwickelte Software, die im Rahmen der Forschung erstellt und als Testbett für Typsysteme, Sichten und Visualisierungen dient (vgl. Text: 'Alle Verbesserungen [...] sind in unserem Produktlinienwerkzeug-Prototyp CIDE unter anderem für Java implementiert.').",product_result,1.0,,"CIDE ist das Ergebnis der Forschung und dient als Prototyp, der die vorgeschlagenen Verbesserungen (Sichten, Typsysteme, Visualisierungen) integriert. Der Beitrag liegt im Bau des Systems selbst (vgl. 'Alle Verbesserungen [...] sind in unserem Produktlinienwerkzeug-Prototyp CIDE [...] implementiert.').",entwurf;implementierung;testen_qualitaetssicherung,1.0,,"Die Publikation behandelt den Entwurf (Architektur und Konzept der virtuellen Trennung von Belangen), die Implementierung (CIDE als Prototyp) und Qualitätssicherung (disziplinierte Annotationen, produktlinienorientierte Typsysteme zur Fehlervermeidung).",library_package,0.9,,"CIDE wird als Werkzeug/Prototyp beschrieben, das Annotationen verwaltet und als Testbett für Typsysteme und Sichten dient. Dies entspricht eher einem Framework oder einer Bibliothek zur Unterstützung von Entwicklungsprozessen (vgl. 'CIDE [...] eignet sich [...] gut als Testbett für Typsysteme, Sichten und verschiedene Visualisierungen.').",java_jvm,1.0,,CIDE ist explizit für Java implementiert (vgl. 'Alle Verbesserungen [...] sind in unserem Produktlinienwerkzeug-Prototyp CIDE unter anderem für Java implementiert.').,conceptual_evaluation,0.8,,"Die Publikation evaluiert CIDE primär konzeptionell durch die Diskussion der Vorteile (z. B. Sichten, Typsysteme) und deren Eignung zur Lösung der Probleme von Präprozessoren. Es gibt keine empirischen Studien oder Benchmarks, sondern eine theoretische Bewertung des Konzepts (vgl. 'Wir zeigen, wie eigene und fremde Fortschritte [...] zu einer gemeinsamen Vision der virtuellen Trennung von Belangen zusammenwirken.').",,
